code,name,close,open,high,low,volume,amount,marcap,shares
196170,알테오젠,241000,239000,246000,234500,724009,174494503750,16786887053000,69655133
247540,에코프로비엠,128800,129100,130700,124000,617604,78821361250,12600559899200,97830434
086520,에코프로,91900,92500,94300,90000,955417,88162841700,12477828368800,135776152
036930,주성엔지니어링,267500,252500,278500,245000,3845483,1027279402270,12433699867500,46481121
277810,레인보우로보틱스,429000,448000,449500,429000,65203,28468433750,8322539082000,19399858
058470,리노공업,87900,86000,89800,84600,1649294,145523060944,6699021615000,76211850
222800,심텍,172800,171500,176900,169200,734166,127045070700,6650126092800,38484526
240810,원익IPS,133700,132300,140400,131100,1812529,247126778154,6562517563700,49083901
039030,이오테크닉스,524000,520000,538000,516000,197294,104102017500,6455444200000,12319550
028300,HLB,45650,45950,46500,45100,925840,42454001925,6080498879950,133198223
000250,삼천당제약,243500,227000,243500,210500,284015,65641491250,5711894432000,23457472
403870,HPSP,64600,65800,66900,63800,1686478,109583087450,5316580000000,82300000
031980,피에스케이홀딩스,209500,205000,219000,201000,217742,46174576500,4517321752500,21562395
108490,로보티즈,297500,307500,316500,293500,258485,78118767500,4363440830000,14667028
095340,ISC,199400,202500,207000,197500,203931,40987933100,4226693365200,21197058
319660,피에스케이,145100,138000,145100,136200,435670,61533686550,4203070201400,28966714
440110,파두,82800,82700,85600,81800,355042,29697025200,4149193035600,50111027
084370,유진테크,173200,169000,177700,169000,194139,33769342850,3969058474400,22916042
131290,티에스이,311000,315000,325000,307000,71251,22391157500,3440104419000,11061429
067310,하나마이크론,51200,50800,52000,50000,1392733,71168464300,3404332492800,66490869
064760,티씨케이,298000,283000,301000,282500,82260,24265512500,3331465968000,11179416
357780,솔브레인,411500,407000,420000,405000,32151,13281114500,3200879909000,7778566
095610,테스,164200,162700,166500,161600,206158,33820707100,3178912000000,19360000
214450,파마리서치,302500,307000,309000,295500,125898,37932285250,3142868520000,10389648
080220,제주반도체,86400,85000,88500,83700,1220842,105516501600,2975860771200,34442833
141080,리가켐바이오,73300,79200,79400,73300,389596,29127261950,2713523339400,37019418
298380,에이비엘바이오,48000,50100,50300,47650,407458,19717631175,2687398224000,55987463
226950,올릭스,117300,119500,122900,112000,261463,30832528350,2683220843400,22874858
010170,대한광통신,16970,17770,17940,16750,6500744,110952799910,2638591650200,155485660
178320,서진시스템,41300,41450,42000,40300,795764,32734694550,2631780095700,63723489
005290,동진쎄미켐,51200,51200,52000,50300,435326,22319128650,2609670451200,50970126
310210,보로노이,138400,144500,145200,136600,81879,11484278200,2576532319200,18616563
098460,고영,37500,36250,39850,36000,4182133,158266007155,2557657987500,68204213
043260,성호전자,32400,32650,33200,30850,2685810,86400305950,2444639875200,75451848
131970,두산테스나,125300,113200,133800,110500,1021196,126621946850,2421702921400,19327238
257720,실리콘투,35450,37250,37650,35450,740535,26535140625,2324678133400,65576252
145020,휴젤,182800,183900,184400,179400,54306,9868722100,2287773624400,12515173
319400,현대무벡스,20450,20200,21000,19365,1787346,36408932600,2277639997550,111376039
214370,케어젠,41800,44050,44050,40900,88633,3699615600,2245287000000,53715000
030530,원익홀딩스,28400,29450,29500,28200,689160,19805710250,2193558660400,77237981
140860,파크시스템스,312000,314000,319500,307500,52223,16481984750,2184770328000,7002469
058610,에스피지,97400,100500,101700,97300,221256,21831556250,2160074864000,22177360
087010,펩트론,91500,98300,99100,91500,600660,56611232950,2133537525000,23317350
140410,메지온,69000,68000,69500,66500,65926,4475738150,2121677688000,30748952
263750,펄어비스,32600,33250,33500,32400,181991,5963219500,2048711466000,62843910
089030,테크윙,55100,54300,56000,53200,607816,33481628850,2041655839500,37053645
032820,우리기술,11560,12190,12310,11560,2248703,26590615180,1997390114720,172784612
214150,클래시스,30350,30750,30900,29750,171528,5177455775,1979902250650,65235659
347850,디앤디파마텍,42850,44800,45100,42750,610181,26465725500,1970936698650,45996189
237690,에스티팜,92900,96800,96900,91800,101364,9411014250,1939439670200,20876638
323280,태성,62700,59700,63800,58500,446385,27589821950,1914731346000,30537980
036540,SFA반도체,11580,11400,11870,11320,5204213,60628290675,1904450308740,164460303
078600,대주전자재료,114600,112500,117900,110800,331824,38141538100,1799694214800,15704138
096530,씨젠,38150,38600,39600,37400,390393,14872663950,1782917436300,46734402
089970,브이엠,67100,65000,68900,64200,550266,36942035950,1781911961500,26556065
041510,에스엠,77500,79500,79600,76100,60290,4672011550,1774338475000,22894690
420770,기가비스,137500,134100,138500,132300,64147,8673604250,1742916725000,12675758
068760,셀트리온제약,38800,39850,40500,38800,52164,2036227200,1722810481600,44402332
183300,코미코,33450,33300,34650,32850,286402,9680228200,1718101548750,51363275
060370,LS마린솔루션,31900,33500,34000,31900,161074,5209722325,1666419442600,52238854
083650,비에이치아이,53600,56500,56700,53100,350686,18898050550,1658618500000,30944375
007390,네이처셀,24550,24700,24900,24100,185294,4544340500,1581880624800,64435056
0009K0,에임드바이오,24250,25650,25750,24050,116369,2841789975,1579588279250,65137661
218410,RFHIC,58500,59000,59700,57200,288276,16846385850,1554663357000,26575442
437730,삼현,48100,51000,51500,47600,280841,13859588700,1525133972700,31707567
290650,엘앤씨바이오,56400,57200,58300,54600,364056,20658450150,1521091305600,26969704
204270,제이앤티씨,26250,25800,27800,25000,2421704,64408958525,1518522232500,57848466
039200,오스코텍,37700,39500,39950,37400,120779,4582141100,1442333235200,38258176
232140,와이씨,17130,17190,17520,16750,1717815,29534542620,1405436845500,82045350
035900,JYP Ent.,39550,38600,39550,37400,394218,15286932175,1405310058600,35532492
950160,코오롱티슈진,16030,16810,16810,16000,433439,7025847720,1362071664800,84970160
347700,스피어,25200,25600,26475,24100,1767686,45112189050,1299094322400,51551362
003380,하림지주,11410,11500,11640,11300,478085,5498311020,1277984135610,112005621
356860,티엘비,53800,50500,54600,50200,790576,41696969850,1275127788000,23701260
166090,하나머티리얼즈,64200,62000,66300,61300,205807,13233102250,1269726670800,19777674
082920,비츠로셀,27950,29800,29850,27400,306409,8612399925,1261648382150,45139477
950260,인제니아테라퓨틱스(Reg.S),25350,27500,27850,24550,653039,16727594875,1253420787450,49444607
241710,코스메카코리아,111400,117900,119200,111400,73387,8317010200,1189752000000,10680000
056190,SFA,31350,30900,32600,30850,234623,7449782550,1125739626000,35908760
195940,HK이노엔,39700,40550,40900,39700,129462,5197742025,1124696672700,28329891
101490,에스앤에스텍,52700,53200,54200,52100,325051,17308770850,1124348123300,21334879
417200,LS머트리얼즈,16450,15520,16600,14820,2677916,42573794235,1112886240550,67652659
252990,샘씨엔에스,18270,18840,19120,18130,466569,8701522520,1100180832030,60217889
127120,제이에스링크,28750,27900,30000,26200,189369,5339876000,1072172513750,37292957
083450,GST,57700,55800,58900,55700,232864,13448860250,1063411000000,18430000
036830,솔브레인홀딩스,49600,48600,51500,47500,151921,7588241850,1016997457600,20503981
086450,동국제약,22400,22450,23000,22100,311799,6997271950,1013161408000,45230420
293490,카카오게임즈,9350,10090,10110,9190,516242,4916164945,998068227750,106745265
033790,피노,11580,10030,11600,9850,6705526,74608154035,996029995740,86012953
458870,씨어스,25850,25550,26400,24600,139851,3594446800,991227607700,38345362
161580,필옵틱스,41900,40900,43000,40500,315931,13277103675,982230149300,23442247
327260,RF머트리얼즈,53200,53400,55300,51300,561949,30001773900,956930105600,17987408
160190,하이젠알앤엠,30950,34050,34650,30100,431714,13806080925,955983600000,30888000
491000,리브스메드,37500,37800,39250,36600,117983,4468451875,947072662500,25255271
295310,에이치브이엠,74200,71800,76800,70200,207864,15557533250,931038301200,12547686
445680,큐리옥스바이오시스템즈,53500,59800,59900,52500,143225,7878717400,921521396500,17224699
388210,씨엠티엑스,95200,89800,96700,89600,122144,11605408850,919102497600,9654438
100790,미래에셋벤처투자,17120,16810,17670,16210,414001,7079361740,909424295360,53120578
065350,신성델타테크,32350,32950,33300,32250,71356,2326534325,889105717800,27483948
031330,에스에이엠티,8570,8610,8670,8410,272312,2329219625,856957724190,99995067
074600,원익QnC,32500,31700,33200,31500,260540,8491673900,854360000000,26288000
041960,코미팜,11360,11000,11500,10770,341066,3797660470,847662763360,74618201
328130,루닛,11370,11210,11560,10650,995250,11204797080,846589506600,74458180
281740,레이크머티리얼즈,12820,12760,13150,12610,513591,6612496650,842665625360,65730548
115180,큐리언트,22350,23450,24000,20800,203122,4468958000,838888274850,37534151
053800,안랩,75300,75900,78500,72500,157946,11872988850,837825901800,11126506
032500,케이엠더블유,19820,20050,20350,18650,128397,2549757015,836239513820,42191701
059090,미코,24800,22850,25450,22850,850138,20997589250,828736094400,33416778
388720,유일로보틱스,69500,70200,71500,68300,26362,1830788650,818803477500,11781345
251970,펌텍코리아,65500,66800,68000,64700,82892,5498522100,812200000000,12400000
425420,티에프이,64500,64800,67400,63300,140205,9111492800,796393174500,12347181
119850,지엔씨에너지,48300,51100,51200,47500,488117,23908200125,794482304700,16448909
035760,CJ ENM,36150,35400,36150,34150,112788,3960058225,792738917100,21929154
064290,인텍플러스,60600,58500,62500,57500,209929,12870722250,787701706800,12998378
137400,피엔티,33000,32550,33500,32200,163789,5396980775,781794024000,23690728
121600,나노신소재,63500,63100,64800,62800,84166,5380919550,778649128500,12262191
033100,제룡전기,48350,49350,49600,47950,74769,3624831475,776617475150,16062409
033640,네패스,33300,31350,33800,31300,399805,13201094700,767871426600,23059202
038500,삼표시멘트,7080,8080,8510,6870,13208092,101877575135,764047446480,107916306
085660,차바이오텍,8200,8560,8670,8150,166335,1369756690,762377337200,92972846
006730,서부T&D,11860,11960,12220,11560,566871,6732140145,762324306780,64276923
014620,성광벤드,28700,29150,29450,28700,137079,3969041450,762196346800,26557364
171090,선익시스템,75000,73500,77900,72500,60318,4568414400,759571950000,10127626
490470,세미파이브,22300,22550,23200,22050,1101562,24841753450,758767312000,34025440
122870,와이지엔터테인먼트,40450,41750,41950,40000,77892,3156001925,756052932050,18691049
099320,쎄트렉아이,68600,75300,75900,68600,98367,6956383300,751257670800,10951278
213420,덕산네오룩스,29950,29750,30600,29300,118352,3534584525,743693811050,24831179
476830,알지노믹스,26300,27500,27550,26250,299283,7959455925,737857966800,28055436
036810,에프에스티,33850,34550,35150,33500,100676,3442986200,732845357650,21649789
053610,프로텍,81400,80500,82500,79600,70788,5752635800,732600000000,9000000
090360,로보스타,75100,78600,78700,75100,100239,7646726650,732225000000,9750000
090710,휴림로봇,6090,6280,6350,6040,956145,5826796815,728114486610,119559029
102710,이엔에프테크놀로지,50600,50000,51500,49800,108771,5532843600,722964501600,14287836
044490,태웅,35550,36400,36400,34800,95304,3397618350,711262394550,20007381
253590,네오셈,16150,15970,16520,15710,709689,11470977860,708486998600,43869164
032190,다우데이타,18450,18940,19000,18450,49215,916183880,706635000000,38300000
466100,클로봇,22700,23100,23400,22100,258422,5851417525,702649875300,30953739
456160,지투지바이오,42000,43150,44800,40700,205775,8782771700,698435892000,16629426
122640,예스티,32200,31850,33550,31550,209267,6841295425,697172665000,21651325
092870,엑시콘,53300,53000,54000,51400,262307,13812201300,695607480100,13050797
041830,인바디,51000,54000,54200,50700,68465,3552312400,687524982000,13480882
023160,태광,26250,26850,27050,26200,103195,2736375125,679015102500,25867242
189300,인텔리안테크,63000,69700,69800,62900,102996,6661399800,676462311000,10737497
476060,온코닉테라퓨틱스,14870,15240,15290,14750,177272,2647016335,675214580800,45407840
222080,SFA넥셀,8680,8520,8870,8400,1661508,14654823175,675131649920,77780144
048410,현대바이오,6930,7270,7340,6820,1092913,7650680670,668783613960,96505572
225570,넥슨게임즈,10010,10500,10500,9750,242479,2408786895,659260341740,65860174
024850,HLB이노베이션,18610,17900,18860,17200,436355,8029354335,642788860310,34539971
077360,덕산하이메탈,14110,13770,14550,13300,787443,11034426780,641116098220,45437002
093320,케이아이엔엑스,131100,127100,133100,126400,4388,567879300,639768000000,4880000
126340,비나텍,87000,92000,92000,86400,127202,11298193050,624696018000,7180414
253450,스튜디오드래곤,20700,21050,21150,20400,72063,1496282225,622210908600,30058498
124500,아이티센글로벌,26500,27550,28000,25850,272648,7243860325,614919965500,23204527
144960,뉴파워프라즈마,14000,13240,14345,13000,1514328,20982979755,611696736000,43692624
046890,서울반도체,10400,10410,10560,10260,180119,1878381590,606376160000,58305400
219130,타이거일렉,95400,97700,99600,95000,42317,4083854500,602383266000,6314290
050890,쏠리드,9860,10020,10200,9750,750687,7433846445,599059425240,60756534
078350,한양디지텍,38950,36150,39500,36150,323356,12395006000,593768678900,15244382
080580,오킨스전자,27800,28100,28500,25850,302713,8362518275,586328549000,21090955
045100,한양이엔지,33350,33350,34200,33200,58744,1978290525,583625000000,17500000
214430,아이쓰리시스템,78900,79900,80900,75300,33668,2637725850,576539263500,7307215
047920,HLB제약,13130,12970,14200,12500,6729960,90138578925,571964963440,43561688
399720,가온칩스,47950,48600,49400,47100,205841,9920827950,568631569800,11858844
067630,HLB생명과학,4520,4300,4600,4300,663843,2984440310,551065102160,121917058
009520,포스코엠텍,13180,13280,13430,13000,146132,1929715610,548850825540,41642703
069540,빛과전자,4870,5220,5310,4755,15676338,77021244215,548809538390,112691897
089890,코세스,33000,33200,34050,32600,204602,6820022950,547303746000,16584962
358570,지아이이노베이션,8460,8960,8970,8260,318784,2697532750,545805410760,64516006
042000,카페24,22200,23000,24000,21650,245427,5484919050,536755351800,24178169
060250,NHN KCP,13330,13500,13540,13140,110283,1471081290,535340944630,40160611
101160,월덱스,32150,32400,32800,31950,30817,998422300,530828424950,16510993
383310,에코프로에이치엔,25250,25750,25850,24850,93147,2365911450,529617033000,20974932
112040,위메이드,15500,15680,15800,15360,202739,3154259305,526201486500,33948483
052400,코나아이,35950,36000,36550,35300,63046,2269707300,523550311450,14563291
079940,가비아,38900,39000,39050,38350,11322,438370250,522064607600,13420684
094170,동운아나텍,24950,25100,25450,24100,85689,2124980500,521702903200,20909936
104830,원익머트리얼즈,41000,40900,41850,40200,68464,2801976150,516928000000,12608000
052020,에스티큐브,7550,7700,7720,7350,115659,864513685,513273847050,67983291
356680,엑스게이트,17950,18680,19030,17390,1331781,24040708685,512355681400,28543492
290550,디케이티,25550,23700,25950,23000,551388,13856575900,511031426500,20001230
174900,앱클론,25550,26500,26600,25050,186983,4814767250,509776895950,19952129
037460,삼지전자,31200,31300,31500,30500,25385,787192825,509137886400,16318522
348340,뉴로메카,21400,21150,22450,20100,697744,14908173525,500940273600,23408424
468530,프로티나,44400,42750,46600,40800,185095,8181892975,493068571200,11105148
099190,아이센스,16580,16870,16900,16350,19603,324197150,490330503540,29573613
211050,인카금융서비스,9910,9990,10070,9690,32475,320631120,488202840870,49263657
033160,엠케이전자,19860,20400,20900,19200,1540714,30973788835,487842191880,24564058
098120,마이크로컨텍솔,58500,60500,61100,58200,102490,6101432400,486296811000,8312766
365340,성일하이텍,37350,38150,38300,37050,27064,1018366450,482603645250,12921115
348370,엔켐,22000,23450,23700,20000,370723,8111230200,482041868000,21910994
086900,메디톡스,65900,67700,67700,65800,17091,1133288650,480970952300,7298497
417840,저스템,20900,19220,21600,18820,3356621,69374791365,479585632900,22946681
056080,유진로봇,12540,12230,12790,11560,1040142,12870288535,479472994440,38235486
082270,젬백스,10530,11140,11210,10450,108213,1156794780,478910581110,45480587
025980,아난티,4900,4930,4980,4850,651592,3188088379,476774851000,97300990
089010,켐트로닉스,28250,28400,29350,28100,136136,3903379900,473753262750,16770027
200470,에이팩트,10790,9990,11100,9940,1916271,20542423145,472856169240,43823556
278280,천보,38450,39250,39850,38400,35859,1397942375,471128811250,12253025
041190,우리기술투자,5890,6080,6110,5850,1013003,5992565005,470022000000,79800000
034950,한국기업평가,103500,103400,104000,103200,674,69751200,469943199000,4540514
376900,로킷헬스케어,26850,27700,27800,26450,106526,2864444700,468406036500,17445290
376300,디어유,19590,18970,19590,18560,118469,2279214270,465035373540,23738406
015750,성우하이텍,5810,5930,5990,5800,121856,714608455,464800000000,80000000
159010,아스플로,34750,32600,35550,32600,163730,5653854725,463382180250,13334739
125490,한라캐스트,12680,13000,13250,12610,876546,11291802535,462849823360,36502352
033500,동성화인텍,15210,15740,15750,15040,76968,1172249595,456140203740,29989494
018290,브이티,12940,13600,13720,12870,344148,4526961350,452147383720,34941838
019210,와이지-원,12150,12480,12540,12120,386702,4734492150,451903795200,37193728
475960,토모큐브,33250,33950,35550,33200,48341,1636461675,448082785500,13476174
336570,원텍,5000,5100,5370,4875,597959,2982537525,446403230000,89280646
272290,이녹스첨단소재,22300,22200,22650,21750,106734,2381094825,444606450700,19937509
079370,제우스,14330,14130,14580,13920,333505,4755373200,444473466700,31016990
368770,파이버프로,13450,14110,14110,13450,154949,2114913130,441889326250,32854225
340570,티앤엘,27400,28500,28800,27400,47062,1303432425,440321288000,16070120
460930,현대힘스,12350,12920,12920,12300,101353,1264088615,438556786850,35510671
107640,한중엔시에스,48350,47100,48650,45800,201616,9549045400,438290139100,9064946
035890,서희건설,2100,2160,2185,2100,199230,422214857,435935925600,207588536
078340,컴투스,36000,36800,37400,34650,76874,2767559925,435287268000,12091313
170920,엘티씨,41100,41400,42250,40400,198844,8215935300,434185578600,10564126
027360,아주IB투자,3550,3640,3665,3490,1290903,4615946481,430066191300,121145406
030520,한컴,17520,18380,18530,17420,335738,5992191180,423629114880,24179744
441270,파인엠텍,10000,9300,10100,9110,1195012,11739765780,422925250000,42292525
067160,SOOP,37650,36750,37775,36150,50089,1856485600,421242958800,11188392
078130,에스엠국일,3735,3800,3845,3575,84334,316026172,421086092445,112740587
475830,오름테라퓨틱,19270,20000,20100,19190,355101,6874363970,419178691320,21752916
348210,넥스틴,40000,38650,40750,37700,94167,3743220775,419080200000,10477005
114810,한솔아이원스,14650,14600,15200,14540,158280,2347115535,412297499100,28143174
052710,아모텍,21950,21800,22700,21000,453866,9962913675,410043560000,18680800
013030,하이록코리아,34450,34950,35400,34250,19375,670747600,405412560800,11768144
486990,노타,18950,19800,19820,18810,318262,6128534720,405386548500,21392430
187660,페니트리움바이오,6320,6680,6720,6280,904524,5781649450,404266718960,63966253
215200,메가스터디교육,38950,37700,39100,37700,60177,2334358800,403725163200,10365216
241770,메카로,39450,39050,39900,38500,5797,226609050,402099648000,10192640
204620,글로벌텍스프리,5720,5800,5890,5700,388050,2245640495,402020647600,70283330
330860,네패스아크,32950,31850,33900,31350,327307,10739820925,401464282750,12184045
101730,위메이드맥스,4790,5000,5000,4745,793479,3846522114,401417739940,83803286
397030,에이프릴바이오,14560,15220,15340,14510,386672,5739778620,401255865920,27558782
372320,큐로셀,26150,25500,26800,24150,72080,1820505925,398190024800,15227152
039440,에스티아이,25200,24300,25950,24250,168554,4273476400,390777584400,15507047
393890,더블유씨피,11470,10500,11780,10320,1102889,12543893380,388180861680,33843144
332570,PS일렉트로닉스,8410,8780,8890,8410,1207309,10393019935,386360471230,45940603
236200,슈프리마,55100,55300,55700,54200,19027,1051113200,384284536100,6974311
200710,에이디테크놀로지,28300,29150,29200,28050,112500,3207207700,380974798100,13462007
138080,오이솔루션,30750,31600,31850,29000,213130,6472568425,380616058500,12377758
095660,네오위즈,17580,18350,18360,17530,41378,733905325,380368949220,21636459
092190,서울바이오시스,8290,8040,8410,7850,93921,769960445,380248895070,45868383
025900,동화기업,7520,7370,7540,7270,123428,913870745,380190783200,50557285
078160,메디포스트,9590,9960,9980,9540,57801,561181430,375972142770,39204603
477850,마키나락스,21150,21350,22150,20850,277101,5943875075,375512666400,17754736
069080,웹젠,12020,12390,12390,11980,161529,1963262245,372218231500,30966575
092730,네오팜,23150,24000,24200,23000,34268,797698450,371047945350,16027989
354320,알멕,57300,49500,59200,48650,384180,21275508525,366226131300,6391381
046970,우리로,8330,8300,8660,8030,2157505,18149946350,365062241670,43824999
025320,시노펙스,3955,3995,4030,3940,265357,1054849686,364733078115,92220753
036800,나이스정보통신,7980,8130,8160,7980,37139,299488675,363090000000,45500000
110990,디아이티,18920,19040,19110,18580,77251,1457241915,357588000000,18900000
168360,펨트론,15890,16370,16580,15850,221490,3585925165,355817730730,22392557
060280,큐렉소,8620,8710,8910,8490,231125,2002561650,355659389800,41259790
389470,인벤티지랩,26600,29250,29250,26600,141934,3875807225,353985032800,13307708
078020,LS증권,6380,6480,6480,6330,29754,189251955,353969992200,55481190
003800,에이스침대,31700,32050,32050,31700,1882,59848050,351553000000,11090000
456010,아이씨티케이,24150,25100,25150,23150,755898,18111114950,350231752500,14502350
482630,삼양엔씨켐,15970,15200,16100,15180,347412,5503009490,349555831600,21888280
425040,티이엠씨,15610,15280,15830,15040,822795,12815430595,342216437780,21922898
006910,보성파워텍,6940,7140,7190,6940,715170,5024950460,340960978560,49129824
093520,매커스,28600,28450,28950,28250,7751,221483850,340392538200,11901837
091580,상신이디피,25500,25100,26200,24800,523506,13440500925,339869584500,13328219
036620,감성코퍼레이션,3750,3855,3855,3740,133201,501175140,336986040000,89862944
064260,다날,4450,4500,4510,4380,489754,2172194997,336622283650,75645457
017890,한국알콜,16190,16080,16350,15970,133129,2143602055,334704062140,20673506
036200,유니셈,10910,10750,11080,10630,238905,2611126710,334546672930,30664223
121440,골프존홀딩스,7720,7730,7770,7650,6415,49333250,330700234960,42836818
061970,LB세미콘,4640,4690,4770,4610,281175,1316022918,325185147840,70083006
018000,유니슨,1112,1170,1180,1110,1143801,1307159195,324606229624,291912077
215600,신라젠,2340,2380,2380,2300,527281,1231544687,324215339760,138553564
117730,티로보틱스,14340,14740,14740,14100,54208,780098440,323482336620,22558043
448900,한국피아이엠,53200,55000,55500,53000,45511,2437414100,323161112400,6074457
446540,메가터치,11090,11010,11940,10960,819432,9341530405,322487340990,29079111
234340,헥토파이낸셜,22850,22700,23400,22400,179934,4128952425,319229489600,13970656
455900,엔젤로보틱스,20500,22150,22950,20500,197019,4167217750,315556110500,15392981
265520,AP시스템,20600,20000,20850,19950,37340,766217975,310046912600,15050821
206650,유바이오로직스,8420,8650,9060,8360,302094,2621137670,309454424940,36752307
086390,유니테스트,14440,14580,15000,14300,167516,2446970905,305176779440,21134126
900290,GRT,3280,3400,3400,3255,179172,590786595,304225526800,92751685
424870,이뮨온시아,3300,3435,3445,3290,489563,1630870280,301627487700,91402269
199800,툴젠,33450,32650,33700,31200,27600,888787600,300970690050,8997629
115450,HLB테라퓨틱스,3175,2900,3540,2875,9167959,30251842937,300619458450,94683294
160980,싸이맥스,27450,27600,28600,27150,123089,3416210200,299870470350,10924243
049070,인탑스,18770,18850,19060,18480,58847,1107452160,295482971000,15742300
042520,한스바이오메드,20650,22550,22550,20150,144803,2995266800,294497228550,14261367
025770,한국정보통신,7840,7870,7920,7740,12073,94021400,293563084640,37444271
054950,제이브이엠,24200,24250,24600,24050,15713,382855625,292575386400,12089892
084110,휴온스글로벌,23100,23750,23850,23000,25717,598260050,292441657200,12659812
452430,사피엔반도체,35350,35500,36250,34800,29389,1044300225,291829132350,8255421
092460,한라IMS,17050,17130,17130,16620,18780,317421720,291720044000,17109680
488900,비츠로넥스텍,10000,10200,10370,9830,130633,1309325505,289764430000,28976443
484590,삼양컴텍,7000,7120,7190,7000,135921,961116350,288473150000,41210450
200670,휴메딕스,25650,26000,26050,25100,29995,762471850,288047704500,11229930
035810,이지홀딩스,4460,4470,4525,4415,87913,392097535,287742185100,64516185
314130,지놈앤컴퍼니,5470,5290,5700,5060,643488,3422444750,286077854750,52299425
136480,하림,2685,2650,2685,2650,195575,522920005,285173049870,106209702
085910,네오티스,20500,19200,21100,19100,272433,5524081930,282793769000,13794818
228760,지노믹트리,11320,11610,11780,11110,98965,1121006490,281406166640,24859202
012210,삼미금속,12170,13410,13470,12070,2241160,28060369455,280537716430,23051579
448280,에코아이,9460,9510,9510,9360,3043,28664090,280310480340,29631129
203650,드림시큐리티,2755,2870,2925,2700,2978775,8297087256,280195853420,101704484
389500,에스비비테크,41550,42500,42900,40650,62948,2611528325,276867261600,6663472
386380,스카이랩스,14720,15590,15620,14520,780497,11700628740,276176301440,18761977
042370,비츠로테크,10510,10750,10860,10300,490981,5212010215,275362262750,26200025
352480,씨앤씨인터내셔널,20200,21250,21300,19950,15416,311842065,275324000200,13629901
317330,덕산테코피아,13410,13910,13990,13150,92482,1250942675,274590991440,20476584
378340,필에너지,12680,12880,12990,12490,68610,873170305,274444423760,21643882
493280,아이엠바이오로직스,18460,18850,19100,18210,76131,1415251910,274056440060,14845961
394280,오픈엣지테크놀로지,10400,10170,10480,10090,77763,803454245,274003912000,26346530
094360,칩스앤미디어,12760,12860,13150,12610,94825,1220233055,272493296240,21355274
101930,인화정공,5950,6170,6170,5850,47179,281280675,271883292450,45694671
100120,뷰웍스,30300,29700,31000,29350,29474,887944075,271833753300,8971411
254490,미래반도체,18820,18560,19290,18465,178224,3366630745,271723160000,14438000
304360,에스바이오메딕스,21750,23200,23200,21600,42751,943833725,271464534000,12481128
036710,심텍홀딩스,5130,5080,5300,5000,197076,1007488020,271006378020,52827754
452280,한선엔지니어링,14050,14200,14760,13850,484964,6944866460,270429763500,19247670
060720,KH바텍,11410,11610,11690,11310,54622,624527260,270159613220,23677442
309710,아이티켐,21000,0,0,0,0,0,268443021000,12783001
035600,KG이니시스,9710,9710,9730,9600,18517,179243625,267553554140,27554434
267980,매일유업,34800,34700,35150,34700,4410,153249000,266694602400,7663638
182400,엔케이젠바이오텍코리아,3670,0,0,0,0,0,265496721770,72342431
468670,브릴스,23350,25300,27700,23350,2106525,53556567750,265341204150,11363649
472850,폰드그룹,4605,4650,4695,4550,70077,322037835,265117457460,57571652
051500,CJ프레시웨이,22300,21750,22300,21400,7952,172905025,264736367800,11871586
294570,쿠콘,26050,26350,26550,25600,55622,1448178900,262889618600,10091732
266690,덕산넵코어스,13910,13410,15960,11600,16603950,239970865760,262813995990,18893889
272110,케이엔제이,32700,32200,33500,32100,82334,2712321125,262430416500,8025395
071200,인피니트헬스케어,10750,11000,11050,10110,98740,1044000715,262261923500,24396458
416180,신성에스티,28800,28400,29800,27350,75663,2182587475,260345606400,9039778
287840,인투셀,17320,18040,18100,17280,36130,630322100,260180347200,15021960
089980,상아프론테크,16150,16140,16490,16060,16374,266102520,258222947550,15989037
099440,스맥,3775,3820,3820,3725,189572,712770532,257618812350,68243394
091700,파트론,5150,5240,5250,5080,144944,741471445,257500000000,50000000
098070,한텍,23150,23750,23750,22900,72355,1673967700,257454414150,11121141
445090,에이직랜드,23500,24000,24350,23100,84903,2007041200,256752963000,10925658
151860,KG에코솔루션,5390,5380,5410,5320,31468,168922400,256580180780,47603002
121800,비덴트,3320,0,0,0,0,0,256309348520,77201611
068930,디지털대성,9240,9130,9270,9100,37231,342956115,255720160080,27675342
005160,동국산업,4710,3910,4905,3865,23042605,104837097865,255491510220,54244482
024840,KBI메탈,5870,6120,6120,5770,1019613,6045424920,255147574290,43466367
484120,도우인시스,23250,23750,24150,22650,66291,1568441125,254760061500,10957422
043150,바텍,17070,17540,17540,17050,42024,720200165,253562149920,14854256
377460,큐에이드,4080,0,0,0,0,0,253187202960,62055687
112290,와이씨켐,12520,12320,12800,12170,246442,3087849430,253168046800,20221090
032580,피델릭스,7620,7750,7840,7300,460736,3492290590,252466327680,33132064
073490,LIG아큐버,33100,33400,33950,32750,40159,1339238250,251687302600,7603846
243840,신흥에스이씨,6500,6150,6580,6110,972230,6216207290,250628527500,38558235
023410,유진기업,3220,3250,3250,3200,153623,494590624,248940978860,77310863
439090,마녀공장,15150,15900,15910,15150,85204,1311248270,248357889000,16393260
389650,넥스트바이오메디컬,29700,31000,31000,28250,58218,1703731050,245835394200,8277286
0035S0,빅웨이브로보틱스,23900,26600,27950,23900,1193006,30224219275,245462822900,10270411
036030,케이티알파,4990,5050,5070,4840,33001,165652105,244605513590,49019141
461300,아이스크림미디어,18250,17710,18320,17610,20170,361768380,243344277250,13333933
389260,대명에너지,13500,13590,13650,13290,58447,787086025,241870387500,17916325
0011T0,채비,5140,5300,5450,5100,139629,724431635,241320897740,46949591
377450,리파인,13850,14280,14280,13800,11846,164081795,240020500000,17330000
061090,세나테크놀로지,43800,43700,44500,42550,24520,1072481875,239478690000,5467550
450950,아스테라시스,6340,6020,6410,6010,85114,538129335,238558933280,37627592
114190,강원에너지,9110,9320,9330,8900,98381,899554375,237980876180,26123038
083310,엘오티베큠,13310,12890,13840,12880,189495,2552509245,237051539230,17810033
099430,바이오플러스,3840,3850,3910,3790,167138,642435157,236700372480,61640722
108860,셀바스AI,8750,9030,9030,8720,124648,1100630335,235504412500,26914790
043370,피에이치에이,11210,11010,11290,10940,9716,108833360,235410000000,21000000
064850,에프앤가이드,20550,20350,21000,20300,24207,499005775,234482322600,11410332
067390,아스트,5560,5590,5640,5480,41674,230744275,234163608920,42115757
036890,진성티이씨,10600,11200,11200,10600,118302,1277257125,233545803800,22032623
340450,지씨지놈,9870,10010,10130,9560,520447,5091613370,233433326910,23650793
064820,케이프,7560,7810,7870,7520,48857,371553110,233303225400,30860215
200130,콜마비앤에이치,8090,8180,8200,7860,32457,261346530,232794264220,28775558
462350,이노스페이스,6860,6600,7300,6060,1749613,11989419175,232427583920,33881572
011560,세보엠이씨,22950,23750,23750,22750,96601,2224297975,231447812400,10084872
126600,BGF에코머티리얼즈,3680,3650,3755,3570,1329414,4859753360,230982188320,62766899
144510,지씨셀,14600,15080,15080,14530,32547,480157100,230685022400,15800344
180400,DXVX,2330,2375,2420,2275,32869,76805495,229340576560,98429432
376270,HEM파마,31600,32800,32800,30850,14443,453379950,228125045200,7219147
243070,휴온스,19000,19450,19450,18910,29355,558894240,227613635000,11979665
382800,지앤비에스 에코,7130,7020,7430,6830,2877962,20499213005,226955322330,31831041
298830,슈어소프트테크,4240,4280,4350,4225,115699,494203288,226664035760,53458499
215000,골프존,35750,36050,36050,35450,6248,223194450,224346086250,6275415
078150,HB테크놀러지,2355,2310,2460,2310,3901144,9447139419,223540834290,94921798
067080,대화제약,12000,12130,12230,11850,753442,9972593735,223399800000,18616650
293780,압타바이오,7940,8090,8090,7520,81641,637326705,223061635700,28093405
486510,글로벌테크놀로지,11340,12410,13780,11340,2908564,36402654460,222787272960,19646144
419530,SAMG엔터,21700,22300,22650,21250,175139,3824116400,221499212900,10207337
0008Z0,에스엔시스,23450,23700,23750,23000,19853,464227150,221287425800,9436564
018310,삼목에스폼,15040,14950,15130,14880,7214,108527370,221088000000,14700000
065710,서호전기,42900,43200,43300,42500,6727,288898325,220935000000,5150000
023760,한국캐피탈,1400,1404,1408,1398,31182,43698760,220926703200,157804788
237880,클리오,12180,12500,13050,12170,99893,1253867910,220109079540,18071353
216080,제테마,5900,5990,6020,5820,81494,481786995,219993884100,37287099
095500,미래나노텍,7090,7160,7210,7020,92923,660801935,219860892910,31009999
064550,바이오니아,8460,8670,8700,8380,124040,1056909250,218355061860,25810291
187870,디바이스,15720,13400,16270,13200,645550,9907211020,217922775840,13862772
065680,우주일렉트로,24050,23900,24250,23300,6806,161932900,217423327550,9040471
190510,나무가,15410,15460,15670,15340,44368,684933450,217054734970,14085317
094480,갤럭시아머니트리,5530,5640,5650,5490,213618,1187504205,216941004140,39229838
365270,큐라클,9770,10160,10200,9650,94503,937621345,216473811840,22156992
0001A0,덕양에너젠,8490,8720,8720,8430,36650,311828600,216231487380,25468962
126730,코칩,24600,25000,25450,24450,163040,4039768150,215745099600,8770126
176750,듀켐바이오,7570,7660,7660,7460,39978,301187200,215659610400,28488720
405100,큐알티,17540,17680,18430,17220,61383,1101937095,215554339540,12289301
206640,바디텍메드,9790,9860,9950,9770,19104,188270435,214478546590,21907921
263860,지니언스,23600,23000,24450,22300,419314,9957810175,214278560000,9079600
241520,DSC인베스트먼트,8010,8230,8260,8000,86030,696566710,213066000000,26600000
382900,범한퓨얼셀,24300,24650,25200,24050,57228,1395976275,212892300000,8761000
307180,아이엘,5720,5650,5760,5490,454710,2562843065,211157666720,36915676
439960,코스모로보틱스,6490,7010,7230,6420,1422861,9313293625,210604562740,32450626
053300,한국정보인증,5310,5370,5390,5250,189946,1009952320,210090925260,39565146
045390,대아티아이,2975,2975,3015,2945,387224,1152768838,209658296575,70473377
256840,한국비엔씨,3060,3225,3240,3040,2050117,6345901666,209288351160,68394886
950170,JTC,4290,4300,4400,4205,21204,91270475,209236663350,48773115
005710,대원산업,10430,10420,10470,10300,6018,62562980,208992168000,20037600
452450,피아이이,5800,5860,6270,5750,991660,5974187875,208965300000,36028500
084990,헬릭스미스,4530,3965,4955,3765,4217243,19603327351,208800370410,46092797
475400,씨메스로보틱스,17670,18490,18490,17450,55162,986895835,208627816980,11806894
125020,티씨머티리얼즈,5950,6080,6150,5880,462185,2768645545,208479372500,35038550
019010,베뉴지,4325,4275,4370,4260,54236,234250663,208465000000,48200000
053030,바이넥스,6340,6450,6560,6340,46133,294617380,207217751920,32684188
049430,코메론,22900,22200,23000,21850,55398,1257070200,207199200000,9048000
380540,옵티코어,8450,0,0,0,0,0,206658126350,24456583
462860,더즌,2870,2800,2980,2740,1681136,4855861196,205974455610,71768103
481070,에이유브랜즈,14330,14730,14730,13970,3297,46819190,205804594000,14361800
459510,나우로보틱스,15360,15800,15800,15260,27152,418175365,199347947520,12978382
036170,에이치엠넥스,3225,3280,3280,3120,182730,589410978,197904143850,61365626
014940,오리엔탈정공,4340,4440,4440,4325,114604,498561295,197789688740,45573661
058970,엠로,15970,16360,16460,15780,17658,283767115,197433820180,12362794
403850,더핑크퐁컴퍼니,13680,12570,13810,12400,250838,3383020540,196321816800,14351010
036190,금화피에스시,32700,33950,33950,32400,6543,215054550,196200000000,6000000
234690,녹십자웰빙,10840,10760,11250,10670,223707,2443286920,194722063600,17963290
119610,인터로조,17030,16910,17430,16800,43467,740247730,194376111410,11413747
217730,강스템바이오텍,2065,2230,2235,2050,354101,743918253,194221817685,94054149
314930,바이오다인,6520,6700,6710,6310,32336,209550750,194061951560,29764103
353810,이지바이오,5850,5920,5920,5790,55433,322641250,193529232000,33081920
351320,넥사다이내믹스,4445,4450,4580,4115,260056,1122247177,193337653075,43495535
080720,한국유니온제약,2410,0,0,0,0,0,192441519730,79851253
051160,지어소프트,14220,13780,14325,13680,208212,2921903260,191723254560,13482648
194700,노바렉스,10490,10590,10640,10380,48314,506609530,191493355520,18254848
163730,핑거,14950,14700,15450,14500,181506,2730280490,190847469150,12765717
143240,사람인,17750,17500,17760,17500,9979,176453970,190505975250,10732731
083930,아바코,12950,12720,13060,12600,56761,734020700,190070374550,14677249
372170,윤성에프앤씨,23800,23550,25450,23350,42934,1036306025,189901342400,7979048
388050,지투파워,10130,10240,10550,10000,320782,3290043055,189526596810,18709437
066620,국보디자인,25200,25100,25500,24600,7610,190628600,189000000000,7500000
013120,동원개발,2075,2100,2100,2040,70088,144701780,188426807500,90808100
394800,쓰리빌리언,5900,6230,6260,5900,1217157,7373181445,187753062700,31822553
086670,비엠티,18880,18900,19270,18670,38223,723923130,187400708800,9925885
016790,현대사료,994,0,0,0,0,0,187340898626,188471729
036560,KZ정밀,11870,11990,11990,11720,7220,84914795,186952500000,15750000
041920,메디아나,10050,10310,10360,9820,60559,609048695,186912141150,18598223
126700,하이비젼시스템,12500,12310,12720,12130,82009,1022581430,186776400000,14942112
102940,코오롱생명과학,14250,14810,14810,14160,62631,899143010,186541092750,13090603
052330,코텍,10450,10460,10530,10380,5341,55768920,185608605050,17761589
034810,해성산업,5850,5900,5930,5820,2633,15424110,184743889200,31580152
199430,케이엔알시스템,16450,17260,17610,16000,53641,893542910,184191357350,11197043
464080,에스오에스랩,10160,10510,10590,10050,77781,796087210,183017861040,18013569
024060,흥구석유,12200,12040,12270,11900,1145054,14042099360,183000000000,15000000
082800,비보존 제약,3010,3055,3055,2965,101399,304203175,182766194660,60719666
068790,DMS,8200,8220,8260,8120,36479,299158975,181909816800,22184124
214180,헥토이노베이션,13990,14200,14330,13970,40172,566135770,181777204330,12993367
220100,퓨쳐켐,7040,6990,7180,6800,62495,440712330,181753440000,25817250
054210,이랜텍,7170,7180,7310,7030,143144,1025472760,181337975700,25291210
355150,코스텍시스,23250,24450,24850,23250,160377,3821493250,181288387500,7797350
092070,디엔에프,15530,14680,15960,14650,119041,1836509230,179710954740,11571858
012860,모베이스전자,2445,2460,2520,2380,566328,1381584344,179055802365,73233457
251370,와이엠티,9920,10150,10730,9910,223841,2296886565,178691072960,18013213
484810,티엑스알로보틱스,11550,11890,11930,11490,66915,782949150,178458068250,15450915
192440,슈피겐코리아,28650,28600,28650,28150,1969,55983750,178098799950,6216363
094820,일진파워,11800,11960,12160,11680,78853,937283160,177928766200,15078709
138610,나이벡,15650,16050,16230,15610,21641,341283320,177905960450,11367793
230240,에치에프알,13350,13880,13880,13300,109208,1472029015,177675150000,13309000
260970,에스앤디,61300,62700,63000,60600,10694,658868000,177325820200,2892754
104480,티케이케미칼,1950,1869,1976,1869,472799,918974963,177246096300,90895434
357550,석경에이티,32400,32500,32850,31750,1969,63367450,176742000000,5455000
304100,솔트룩스,13970,14880,15000,13820,76769,1088273070,175936154350,12593855
488280,에스투더블유,16250,16280,16690,15200,735112,11733880100,175914147500,10825486
264850,이랜시스,5790,5880,5940,5740,158655,926300530,175405803480,30294612
308430,셀비온,13580,14090,14100,13390,20165,275385970,175253308580,12905251
084850,아이티엠반도체,7720,7720,7740,7550,12511,95501660,175112250480,22682934
0015G0,그린광학,14920,15350,15400,14800,39483,592486610,174601911720,11702541
013990,아가방컴퍼니,5300,5260,5310,5240,159399,840970720,174303940800,32887536
489460,바이오비쥬,11810,11910,12030,11600,67300,796952690,174236319470,14753287
123330,제닉,21800,21750,22400,20900,169125,3637235350,173717224000,7968680
119830,아이텍,6520,6590,6700,6350,91018,597256690,173031254720,26538536
149950,아바텍,12580,12630,12960,12250,61652,781323120,171939703740,13667703
088800,에이스테크,2270,2315,2375,2235,187679,430404693,171399605180,75506434
143160,아이디스,15960,15990,15990,15770,2741,43507120,171033584400,10716390
092130,이크레더블,14200,14190,14260,14120,2927,41525125,171019120000,12043600
042510,라온시큐어,15390,16460,17180,14820,2615949,41239552540,170918692920,11105828
039860,나노엔텍,4485,4555,4600,4415,157884,712856505,170847342705,38093053
086820,바이오솔루션,6590,6820,6820,6410,85460,556420400,170839720150,25924085
270660,에브리봇,13380,13700,13700,13100,19554,260405225,169800000540,12690583
264450,유비쿼스,11570,11610,11760,11530,38791,450880710,169679754010,14665493
108380,대양전기공업,17680,18280,18280,17630,13523,240696910,169150447440,9567333
445180,퓨릿,9840,9830,9940,9660,34600,338485480,169141609920,17189188
032620,GC메디아이,3235,3230,3245,3180,52933,169392165,168857744665,52197139
199820,제일일렉트릭,7580,7870,7870,7450,88937,676514495,168427600000,22220000
418550,제이오,5250,5340,5380,5200,46634,246823450,168092783250,32017673
046120,오르비텍,4960,5140,5250,4810,302777,1511330897,167922947680,33855433
478340,나라스페이스테크놀로지,14450,15290,15290,14400,283538,4162802040,167770496750,11610415
141000,비아트론,13840,14330,14980,13070,4474966,62570409090,167667586400,12114710
038390,레드캡투어,10000,9930,10040,9930,4382,43789835,167208220000,16720822
245620,EDGC,741,0,0,0,0,0,167118555474,225531114
042420,네오위즈홀딩스,20500,21200,21200,20250,11447,234806850,166916801500,8142283
051370,인터플렉스,7120,7120,7250,6960,163788,1163470615,166091600640,23327472
318060,그래피,14830,16240,16350,14830,119785,1809658995,166012610910,11194377
432720,퀄리타스반도체,11650,11700,12000,11550,115122,1351934525,165285213800,14187572
194480,데브시스터즈,13540,13860,14000,13510,46794,639295445,164770291000,12169150
156100,엘앤케이바이오,7350,6880,7500,6680,594150,4240586230,164280974550,22351153
0082N0,카나프테라퓨틱스,12340,13070,13140,12100,52311,643807760,164129157200,13300580
950140,잉글우드랩,8200,8340,8340,8100,10568,86322420,162916501200,19867866
086890,이수앱지스,3980,4040,4050,3960,48416,193847805,162284460200,40774990
289080,SV인베스트먼트,2695,2690,2770,2650,611675,1661233490,162072537935,60138233
065660,안트로젠,16190,15980,16340,15580,17239,273868050,161998759000,10006100
267320,나인테크,2815,2710,3060,2700,12646644,36894860002,161624055425,57415295
049630,재영솔루텍,6910,7040,7400,6880,166182,1156604050,161453110490,23365139
039830,오로라,14960,15270,15270,14820,21039,315442530,161012834400,10762890
307750,국전,2975,2725,3270,2560,18617274,56500150934,160609206800,53986288
158430,아톤,6550,6700,6740,6160,3963280,25586069505,160357702600,24482092
417500,제이아이테크,4875,4705,5050,4660,739334,3605063396,159825627000,32784744
066410,버킷스튜디오,1153,0,0,0,0,0,159637252154,138453818
290690,아리바이오홀딩스,3000,3220,3225,2975,829313,2533395771,159218415000,53072805
122990,와이솔,6200,6440,6480,6190,43290,270445650,159018089800,25648079
093190,빅솔론,8260,8400,8400,8020,6532,53882280,158913355300,19238905
388790,라이콤,5170,5300,5320,5040,362215,1882329035,158275207200,30614160
274090,켄코아에어로스페이스,11460,12360,12360,11230,559877,6538614865,157852412220,13774207
032940,원익,8670,8680,8900,8600,120110,1047482175,157734879270,18193181
204610,티쓰리,2830,2850,2855,2790,38006,107359475,157705202600,55726220
146320,비씨엔씨,12320,11600,12650,11600,89140,1091178805,157670411360,12797923
123860,아나패스,13000,12900,13000,12660,5511,70529080,157604395000,12123415
396300,HT로보틱스,5940,5770,6370,5710,5290076,32518780210,157347630000,26489500
226590,엠디바이스,14680,14680,15020,14300,30088,442760935,157322389120,10716784
101360,에코앤드림,8840,9540,9640,8800,410528,3766283185,157229247760,17786114
093640,케이알엠,4785,4760,4795,4650,9390,44645258,157157181060,32843716
041520,이엘씨,12890,12730,13100,12650,8807,112980350,157112729700,12188730
255220,SG,1041,1086,1087,1033,1992036,2084181804,156736397382,150563302
011040,경동제약,5080,5070,5080,5020,14399,72843090,156305331280,30768766
078070,유비쿼스홀딩스,9160,9270,9270,8970,23585,214717440,156259001880,17058843
072870,메가스터디,13070,13050,13160,13050,10281,134567600,155806934130,11920959
102120,어보브반도체,8740,8580,8930,8570,215140,1885061655,155403781220,17780753
023910,대한약품,25850,25950,26100,25700,4505,116171850,155100000000,6000000
402030,코난테크놀로지,12390,12820,12820,12240,14335,178002295,155091676320,12517488
024800,유성티엔에스,4395,4225,4395,4170,47110,201999006,154815501150,35225370
067280,멀티캠퍼스,26100,26300,26300,25900,5682,147893150,154688931900,5926779
054450,텔레칩스,10160,10150,10460,10040,46265,475781145,153865407280,15144233
067290,JW신약,2745,2890,2890,2725,1906145,5270885535,153821847735,56037103
123410,코리아에프티,5500,5650,5700,5490,70783,393186760,153125852000,27841064
489500,엘케이켐,23900,23100,24400,22600,37285,886546650,152750588200,6391238
322310,오로스테크놀로지,16300,16150,16670,15600,84124,1371657935,152674634600,9366542
118990,모트렉스,6220,6190,6280,6140,28133,174056080,152622447620,24537371
475040,스트라드비젼,2835,2930,2930,2825,244078,699231631,152594787870,53825322
142210,유니트론텍,7340,7000,7430,6960,634786,4600152485,152315298020,20751403
220260,켐트로스,4725,4690,4825,4635,133434,634035355,151540459875,32072055
041020,폴라리스오피스,3045,3180,3180,3040,102422,315536755,151287149685,49683793
452190,한빛레이저,6310,6040,7080,6040,14322359,96752746420,150938714670,23920557
007330,푸른저축은행,10000,9990,10020,9960,4533,45253780,150828000000,15082800
179290,엠아이텍,4635,4660,4740,4595,31330,145212865,150014917530,32365678
080160,모두투어,7930,7970,8120,7890,37840,300787730,149877000000,18900000
0088M0,메쥬,15160,14940,15430,14520,98341,1483239045,149807330000,9881750
205500,넥써쓰,1787,1799,1799,1720,75357,132696479,149324931239,83561797
054800,아이디스홀딩스,14400,14520,14590,14310,2217,31931070,149007686400,10347756
069510,에스텍,13640,13510,13640,13430,3473,47067280,148812400000,10910000
042600,새로닉스,11920,11710,12120,11520,21248,254425330,148089002080,12423574
494120,큐리오시스,9650,10420,10420,9380,71674,705728660,147256722600,15259764
413630,씨피시스템,4030,4235,4235,4015,601581,2452122646,146839518150,36436605
474650,링크솔루션,25500,26800,26800,24850,45199,1142747350,146708691000,5753282
0161M0,네오사피엔스,12000,12930,13400,11920,1679056,21458510275,146590140000,12215845
0039P0,매드업,7760,8070,8070,7600,423000,3299252870,145945424000,18807400
052260,현대바이오랜드,4850,5050,5110,4735,894440,4357289885,145500000000,30000000
046440,KG파이낸셜,4005,4030,4030,3975,29584,118119001,145182795930,36250386
105330,케이엔더블유,9040,9150,9350,8300,78506,711828600,144816460800,16019520
264660,씨앤지하이테크,14860,14660,15200,14520,25946,387451910,144456615920,9721172
049960,쎌바이오텍,15360,15220,15400,15100,4575,69930085,144384000000,9400000
256940,킵스파마,7190,7280,7320,7130,25527,183856370,144361876930,20078147
232680,라온로보틱스,10880,10790,11170,10530,71270,779504805,144241600000,13257500
950250,테라뷰,4040,4130,4235,3980,416127,1689081858,144215605280,35696932
147830,제룡산업,7210,7230,7340,7090,109801,791356830,144200000000,20000000
023600,삼보판지,9000,9070,9070,8970,15039,135311090,144074700000,16008300
101970,우양에이치씨,9680,10090,12100,9620,134471,1482142865,143167287120,14790009
115310,인포바인,9590,9640,9650,9320,3356,31677770,142234554910,14831549
083500,에프엔에스테크,17080,14750,17430,14500,662995,10984776930,141872919160,8306377
469610,이노테크,15860,15810,16270,15580,26683,423942695,141834394000,8942900
048870,시너지이노베이션,1606,1618,1625,1577,136559,218241042,141499782578,88106963
071280,로체시스템즈,9200,9120,9240,8900,103320,943455310,140728747600,15296603
089600,KT나스미디어,12330,12440,12440,12220,4710,58088260,140642884800,11406560
212560,네오오토,10400,10560,10560,10040,99200,1021269875,140258019200,13486348
228850,레이언스,8440,8140,8510,8050,57855,481008280,140028158160,16591014
005990,매일홀딩스,10440,10650,10660,10180,8037,82797020,138834293760,13298304
037070,파세코,6930,6780,6930,6780,88002,603717830,138600000000,20000000
115500,케이씨에스,11540,11750,12030,11180,286997,3313192580,138480000000,12000000
052860,아이앤씨,7750,7440,7790,7150,55259,417023510,138468118500,17866854
054920,한컴위드,4875,5200,5310,4770,1033290,5142851441,137558269875,28217081
265740,엔에프씨,7680,7650,7850,7460,278973,2144703115,137192448000,17863600
0007C0,아크릴,17030,18350,18360,16920,111901,1942035575,136756417720,8030324
060150,인선이엔티,2995,3020,3020,2970,20875,62410480,136463017940,45563612
059120,아진엑스텍,7450,7530,7650,7310,274458,2054233710,136409991700,18310066
321550,티움바이오,4540,4830,4830,4400,109369,497896260,136374676500,30038475
148150,세경하이테크,3830,3885,3930,3800,46651,179366255,136128992940,35542818
172670,에이엘티,15190,14610,15490,14610,151341,2271223410,136106334210,8960259
035610,솔본,4965,4810,4980,4765,93613,462934585,135772875105,27345997
003100,선광,20450,20200,20450,20200,4743,96499450,134970000000,6600000
126640,화신정공,3815,3785,3875,3720,459247,1740391568,133738296650,35055910
136540,윈스테크넷,10880,11030,11030,10800,15030,163786600,133603636480,12279746
387690,레메디,17470,18700,18880,17350,428252,7670640355,133222568770,7625791
297090,씨에스베어링,4865,4980,5060,4800,47042,230780849,132668550000,27270000
114840,아이패밀리에스씨,7950,8430,8430,7820,57765,463457470,132617010750,16681385
217190,제너셈,10060,9130,10650,9120,1361677,13678953335,132326835660,13153761
095700,제넥신,2905,3005,3015,2900,182019,533259220,132295135070,45540494
001540,안국약품,10140,10140,10330,10020,18813,190308750,132250138800,13042420
322510,제이엘케이,5140,5360,5360,5000,107008,552385790,132231084880,25725892
038290,마크로젠,12180,12460,12460,12110,20372,248649630,132048252000,10841400
240550,동방메디컬,6300,6380,6410,6230,58834,369783510,131883822000,20933940
047770,코데즈컴바인,3485,3490,3535,3455,264168,923856759,131881467970,37842602
419050,삼기에너지솔루션즈,2305,1873,2305,1861,24750661,53951056424,131837333200,57196240
457550,우진엔텍,14130,0,0,0,0,0,131676876540,9318958
285490,노바텍,12380,12610,12690,12210,25776,319840690,130928787780,10575831
039840,디오,9750,9840,9850,9510,35475,342341415,130804323000,13415828
282880,코윈로보틱스,11170,11100,11380,11020,23655,265242130,130622895940,11694082
049720,고려신용정보,9110,9090,9150,9080,16439,149794115,130273000000,14300000
009780,엠에스씨,7400,7520,7600,7320,7493,55259635,130240000000,17600000
408920,메쎄이상,3010,3070,3070,2910,17786,52682285,130129689550,43232455
140670,알에스오토메이션,10120,10500,10550,10120,42032,431136245,129939180800,12839840
072950,빛샘전자,16110,16090,16640,15600,810079,13084681000,129727547100,8052610
451760,컨텍,7850,8140,8150,7610,77456,614459400,129586025900,16507774
035080,그래디언트,11590,11450,11890,11420,42151,489681285,129508155110,11174129
094840,슈프리마에이치큐,13180,13010,13270,12950,18176,238793795,129244516620,9806109
300080,플리토,7800,8090,8110,7780,48507,384022280,128945317800,16531451
0010S0,와이즈플래닛컴퍼니,12850,15200,15270,12800,1079197,14894281140,128757385500,10020030
402490,그린리소스,7580,7640,7860,7530,85705,659776645,128368944860,16935217
417010,나노팀,6360,6570,6890,6290,148534,963951045,128298550080,20172728
037350,성도이엔지,8420,8470,8550,8200,136887,1147402665,128068200000,15210000
222040,코스맥스엔비티,6190,6300,6300,5980,103312,631211395,127687320000,20628000
259630,엠플러스,10430,10500,10830,10000,218253,2310668100,127479590280,12222396
080420,모다이노칩,1599,1604,1608,1576,3710,5938731,127474873578,79721622
950190,고스트스튜디오,9780,9620,9780,9620,12272,119370880,127306837020,13017059
290720,푸드나무,3320,3300,3500,3240,110690,371600890,126655586360,38149273
036690,코맥스,2885,0,0,0,0,0,125692107675,43567455
0015N0,아로마티카,9990,10770,10770,9500,633949,6268829090,125643450780,12576922
053260,금강철강,6690,6860,6860,6670,191325,1286669320,125236800000,18720000
473980,노머스,11480,10470,11480,10140,120392,1342688390,124933992960,10882752
047310,파워로직스,3410,3255,3535,3235,355449,1216688418,124842674550,36610755
361390,제노코,12800,13000,13060,12510,55600,709655970,124625676800,9736381
056090,시지메드텍,6000,6000,6110,5710,140829,831657600,123910842000,20651807
086980,쇼박스,1982,1722,1995,1719,1878526,3638265446,123752116000,62438000
166480,코아스템켐온,2340,2330,2380,2295,130024,303238373,123716679840,52870376
079960,동양이엔피,16370,16680,16680,16330,28418,466880330,123620641460,7551658
417030,니어스랩,21350,27500,27950,21150,686194,16266945350,123350820600,5777556
321370,센서뷰,1740,1905,1905,1740,2800318,5023122033,122882716740,70622251
027710,팜스토리,1101,1104,1108,1090,71658,78776906,122669676600,111416600
105740,디케이락,12050,11450,12090,10740,1171711,13533255275,122530581650,10168513
293580,나우IB,1290,1287,1303,1265,205644,264191261,122459635500,94929950
108230,톱텍,3195,3220,3255,3175,60236,192744420,121484267775,38023245
073010,케이에스피,3020,3070,3085,2990,151816,459424952,121377575000,40191250
458650,성우,8050,8170,8190,8010,7779,62979070,121117643500,15045670
418420,라온텍,3935,4130,4130,3930,113164,449610197,121097885730,30774558
331920,셀레믹스,10830,10200,10860,9870,79666,823352735,121096240650,11181555
211270,AP위성,8020,8720,8720,8010,236450,1931180070,120960078080,15082304
039560,다산네트웍스,2820,2825,2900,2770,324830,913920284,120945479760,42888468
299030,하나기술,15050,15890,16180,14860,56235,862335650,120323395500,7994910
053080,케이엔솔,9240,9290,9600,9190,33571,312930395,120118216680,12999807
308080,바이젠셀,5840,5850,5920,5700,63309,367108485,119715678400,20499260
095190,신화프리텍,1825,1866,1869,1816,68417,125588369,119100343150,65260462
101170,우림피티에스,8810,9000,9050,8720,41745,369226975,118935000000,13500000
115440,우리넷,10950,11360,11500,10660,374503,4139599580,118197497400,10794292
297890,HB솔루션,1615,1631,1642,1600,176125,285420245,118122576110,73140914
336680,탑런토탈솔루션,3015,3015,3040,2950,10306,30990820,118023857370,39145558
474610,RF시스템즈,8180,8160,8380,8080,61424,502672700,117916499600,14415220
443670,에스피소프트,4905,5200,5240,4880,588003,2940136305,117771816420,24010564
338840,와이바이오로직스,7630,8190,8190,7600,52129,405329290,117531474690,15403863
021320,KCC건설,5490,5660,5810,5470,25401,141273200,117486000000,21400000
067990,도이치모터스,4020,3985,4025,3970,64445,262515072,117309831000,29181550
008830,대동기어,6100,6360,6460,5880,198735,1218255330,117009687600,19181916
255440,야스,8960,8620,9000,8560,101665,902991110,116999680000,13058000
041590,플래스크,2370,0,0,0,0,0,116064014460,48972158
129920,대성하이텍,7130,7340,7340,6920,141711,1003713110,115853202480,16248696
138360,앤로보틱스,1312,1325,1333,1271,1028072,1348484439,115421801408,87973934
290740,액트로,11460,11310,11700,10830,20278,231589625,115345026060,10065011
411080,샌즈랩,7530,8280,8350,7300,1473098,11377985500,114965314140,15267638
396470,워트,7130,7080,7280,7010,71495,511293550,114935600000,16120000
017510,세명전기,7510,7680,7690,7430,93578,703351170,114497460000,15246000
333430,일승,3710,3755,3785,3645,113334,417949342,113996231370,30726747
049520,유아이엘,3685,3710,3720,3615,57052,209366920,113655073125,30842625
493330,지에프아이,14120,12810,14210,12810,62925,870265545,113517923560,8039513
474170,루미르,6360,7030,7030,6350,78353,509539750,113320546560,17817696
134580,엔키AX,2295,2370,2400,2200,571744,1301597193,113130071955,49294149
311320,지오엘리먼트,8930,9010,9300,8800,43846,396929000,112648020800,12614560
054050,NH농우바이오,7010,7100,7110,7010,11169,78736985,112374232610,16030561
063570,NICE인프라,3290,3320,3325,3285,6018,19830090,112346025120,34147728
125210,아모그린텍,6810,6380,6970,6210,387622,2628020765,112343139900,16496790
217270,넵튠,2460,2475,2475,2420,51534,125894861,112309718220,45654357
131030,옵투스제약,6360,6360,6490,6210,39391,250365870,112232312400,17646590
217820,원익피앤이,2360,2375,2465,2360,251984,603072890,111992759240,47454559
041440,현대에버다임,6230,6310,6420,6200,58357,364148195,111153865760,17841712
018120,진로발효,16780,16850,16850,16610,686,11418250,111102393600,6621120
209640,와이제이링크,3900,3965,4055,3815,448382,1762574602,110928269400,28443146
338220,뷰노,7870,8020,8150,7760,174588,1387324160,110194347010,14001823
278650,HLB바이오스텝,6310,5300,6310,5190,5619620,32932927180,109998418760,17432396
122450,KX,2445,2535,2535,2445,31882,78518459,109584494130,44819834
317770,엑스페릭스,2960,2940,3015,2855,120808,354321292,109511125920,36997002
334970,프레스티지바이오로직스,1408,1419,1451,1372,24272,33837255,109475712896,77752637
310200,애니플러스,2095,2140,2185,2070,311007,660494042,109281141420,52162836
051360,토비스,11660,11670,11740,11480,7252,83954820,109144735920,9360612
036630,세종텔레콤,7790,7750,8070,7750,961,7498160,109060000000,14000000
053350,이니텍,4945,4945,5010,4770,66086,323351655,108894166425,22021065
090850,현대이지웰,4820,4910,4910,4815,45444,220239553,108343492460,22477903
389020,자람테크놀로지,15640,16390,16390,15640,57154,905511510,107995482480,6905082
123040,엠에스오토텍,1724,1714,1751,1680,54256,93501211,107971187476,62628299
038540,상상인,1950,2010,2010,1938,8427,16512406,107890210350,55328313
201490,미투온,3290,3335,3350,3200,1106139,3594580876,107661058540,32723726
051980,중앙첨단소재,9690,10000,10140,9640,63761,628017510,107647857300,11109170
040300,YTN,2255,2250,2280,2215,58118,130526140,107511589900,47676980
036010,아비코전자,8030,8120,8280,7950,84517,686214685,106742260020,13292934
261780,아리바이오랩,3685,3680,3785,3550,511386,1884579807,106702771560,28955976
106190,하이텍팜,10000,9950,10140,9870,9673,96295250,106331730000,10633173
339950,아이비김영,2365,2400,2400,2340,11651,27481640,106298839075,44946655
053700,삼보모터스,3970,3975,4000,3905,72459,286225480,106061555290,26715757
039340,한국경제TV,4815,4815,4840,4770,1078,5174785,105930000000,22000000
120240,대정화금,14730,14800,14850,14660,6667,98404910,105914459430,7190391
242040,나무AX,3060,3150,3170,3055,202856,626736407,105895167840,34606264
130580,나이스디앤비,6860,6860,6920,6790,23540,160920410,105644000000,15400000
067900,와이엔텍,5800,5890,5900,5800,10243,59660520,105558022200,18199659
246710,티앤알바이오팹,2200,2240,2305,2135,107611,233996890,104861908800,47664504
439580,블루엠텍,3095,3100,3230,2970,4197246,11038804204,104755062965,33846547
073560,우리손에프앤지,1505,1506,1513,1504,34916,52621660,104202652715,69237643
079650,서산,5200,5430,5430,5130,424502,2218975505,104000000000,20000000
289930,웨이비스,7900,8130,8140,7850,41533,331855815,103877179000,13149010
048910,대원미디어,8250,7450,8410,7350,506644,4038770385,103776304500,12578946
453450,그리드위즈,13040,13280,13280,12720,9666,125515605,103573460000,7942750
175250,아이큐어,1670,1681,1681,1630,80359,132520514,103099649390,61736317
100590,머큐리,6000,5950,6220,5790,847964,5101957170,102837270000,17139545
0017J0,세미티에스,3395,3415,3565,3305,1142364,3914562369,102362784195,30151041
235980,메드팩토,2985,3050,3090,2945,95098,285773484,102311236185,34275121
153890,져스텍,8480,8680,8760,8320,117432,1004143150,102186586400,12050305
091440,한울소재과학,2765,2770,2770,2670,131787,356529160,102173197980,36952332
136150,원일티엔아이,12190,12900,12900,11690,72825,878350510,102164755700,8381030
306620,지아이에스,2130,2155,2230,2110,248808,539435054,102116851920,47942184
173130,오파스넷,7810,7870,8060,7720,77410,608892575,101892954130,13046473
100700,세운메디칼,2325,2340,2370,2315,33291,77527890,101835000000,43800000
091120,이엠텍,5940,5860,5990,5700,42682,253068770,101769639840,17132936
475230,엔알비,9330,9780,9780,9300,57738,541845240,101684712390,10898683
059210,메타바이오메드,3740,3775,3815,3690,67836,256122125,101621204300,27171445
307930,컴퍼니케이,6510,6540,6540,6350,15938,102470590,101621100000,15610000
109740,디에스케이,3950,4175,4175,3860,16071,62657735,101556040500,25710390
045970,코아시아,3855,3850,3920,3760,90105,348431315,101443846980,26314876
366030,나인앤컴퍼니,4475,4580,4645,4450,28200,126918245,101375978750,22653850
033560,블루콤,5920,5580,6000,5550,53047,312496835,101232000000,17100000
323990,박셀바이오,4345,4400,4400,4255,54977,237901952,101053164025,23257345
309960,LB인베스트먼트,4350,4330,4350,4235,20527,87674281,100994989650,23217239
086960,MDS테크,2360,2360,2400,2310,352688,832253851,100367661200,42528670
006620,동구바이오제약,3515,3615,3615,3505,30501,107794312,100054446880,28464992
088130,동아엘텍,5690,5540,5810,5470,68925,391510030,99491436660,17485314
246720,아스타,6070,0,0,0,0,0,99434491000,16381300
0011A0,액스비스,10650,11100,11260,10510,133739,1441336265,99404331000,9333740
357580,아모센스,8430,8460,8580,7690,211354,1775242390,99387693660,11789762
097800,윈팩,3640,3560,3850,3545,1277883,4698008932,99335763800,27290045
063170,서울옥션,5580,5550,5580,5420,18129,99282300,99180409860,17774267
250060,모비스,3060,3120,3195,3020,132098,406655987,98444220840,32171314
352090,스톰테크,3660,3650,3690,3640,25419,92623665,98355172680,26872998
049950,미래컴퍼니,11150,11150,11360,10980,19187,215392920,98319406600,8817884
192410,오늘이엔엠,3900,3500,3950,3480,257725,966539357,98225045100,25185909
099750,이지케어텍,7180,7180,7260,7100,13575,96984540,98072862140,13659173
037030,파워넷,3830,3980,3980,3800,250631,966552325,97714759360,25512992
123010,MSDI,4825,4750,4890,4605,486549,2319356472,97541075775,20215767
100130,동국S&C,1706,1608,1869,1608,11911265,20978578589,97485958000,57143000
322180,LS티라유텍,4535,4475,4620,4415,79434,359326217,97484840710,21496106
021080,에이티넘인베스트,2030,2040,2040,2005,95582,193160910,97440000000,48000000
412350,레이저쎌,6670,6500,7050,6470,361773,2451339445,97402296810,14603043
066790,씨씨에스,2205,0,0,0,0,0,97355245995,44152039
182360,큐브엔터,6260,6340,6340,6080,12311,76105470,97309108360,15544586
298540,더네이쳐홀딩스,6710,6500,6720,6460,10264,67807200,97203650060,14486386
475580,에이럭스,7120,7290,7290,7060,49442,353549945,97009288000,13624900
042500,링네트,4345,4315,4365,4280,94692,408975890,96855020680,22291144
348350,위드텍,9900,9880,10130,9580,29173,289776085,96758640000,9773600
052900,KX하이텍,1262,1231,1282,1216,778462,976726967,96755129580,76668090
068240,다원시스,2530,0,0,0,0,0,96553495610,38163437
307870,비투엔,1296,1250,1310,1211,644575,816681436,96291873360,74299285
357880,SKAI,1727,1778,1818,1720,370463,642309662,95761466108,55449604
362320,청담글로벌,4620,4245,4620,4210,114012,509607971,95601276540,20692917
109670,씨싸이트,16370,16060,18140,15800,302957,5209430720,95545174740,5836602
223250,드림씨아이에스,3880,3935,3935,3740,378078,1454242885,95449722720,24600444
085670,뉴프렉스,3880,3730,3955,3700,303372,1171465317,95062952680,24500761
187790,나노,3080,3150,3180,3040,48128,148699109,94989756400,30840830
017650,대림제지,10800,0,0,0,0,0,94878000000,8785000
002230,피에스텍,5130,5170,5230,5100,25284,129691910,94500089100,18421070
052420,오성첨단소재,9670,9670,9700,9390,20111,191593465,94205227030,9742009
036220,오상헬스케어,6560,6700,6730,6460,37577,248674650,93869768960,14309416
101330,모베이스,4050,4140,4205,4000,172596,704295152,93745467450,23147029
032300,한국파마,8570,8770,8930,8570,128477,1113893450,93470427570,10906701
189330,씨이랩,9960,10320,11150,9600,354481,3690537175,93447548640,9382284
074430,아미노로직스,1045,1045,1046,1029,25551,26550796,93362381640,89341992
282720,금양그린파워,7700,7740,7750,7490,13404,101938920,93320150000,12119500
205100,엑셈,1380,0,0,0,0,0,93204336120,67539374
330350,위더스제약,7040,7150,7150,6990,72735,511980360,92925747200,13199680
246960,SCL사이언스,2720,2860,2870,2540,302576,809573330,92526367840,34017047
432470,케이엔에스,10510,10130,10960,10100,161286,1721465550,92189053560,8771556
040420,정상제이엘에스,5830,5810,5830,5790,22735,132057945,91400128160,15677552
053580,웹케시,7050,7220,7220,6910,9809,69071570,91328773800,12954436
109610,에스와이,1855,1850,1896,1830,89649,165274666,90723227000,48907400
044990,에이치엔에스하이텍,11780,11810,12100,11660,2765,32586170,90534306500,7685425
005860,한일사료,2295,2335,2340,2275,238328,547969780,90431457075,39403685
089230,THE E&M,2280,1972,2470,1972,1023092,2299943607,89880687120,39421354
093920,서원인텍,4825,4715,4840,4700,35096,166774640,89745000000,18600000
023900,풍국주정,7120,7140,7140,7030,3132,22181965,89712000000,12600000
047560,이스트소프트,7630,8050,8050,7590,27205,210053175,89676015660,11753082
380550,뉴로핏,7350,7870,7980,7290,116397,863741260,89661665100,12198866
062970,한국첨단소재,2975,3200,3205,2940,1475352,4469354945,89614208425,30122423
142280,녹십자엠에스,3735,4060,4465,3695,8812093,35464070974,89501920785,23963031
323350,다원넥스뷰,11170,9700,11650,9680,387121,4240180990,89480323240,8010772
013310,아진산업,2300,2325,2325,2275,54945,125864120,89255138600,38806582
009300,삼아제약,13980,14050,14050,13710,265,3703720,89052600000,6370000
054540,삼영엠텍,6800,7070,7070,6670,114992,782654815,88400000000,13000000
234030,싸이닉솔루션,3735,3750,3825,3560,270657,1011806340,88164675000,23605000
251120,바이오에프디엔씨,10120,9920,10450,9800,33372,338212430,88000484000,8695700
048530,인트론바이오,2845,2860,2865,2755,97571,273965330,87887051510,30891758
226400,오스테오닉,4250,4200,4275,4145,43188,182259395,87811804250,20661601
033290,로젠,1560,1532,1568,1530,60213,93654581,87603829560,56156301
900260,로스웰,1900,1938,1938,1865,11892,22817492,87456441400,46029706
004650,창해에탄올,9500,9480,9510,9420,16778,159016940,87313407500,9190885
457370,한켐,10800,10990,11300,10590,278420,3055016715,87125047200,8067134
065450,빅텍,2950,2945,2990,2915,298267,881329220,87012618850,29495803
117670,알파칩스,13000,13520,14950,12650,769108,10586973205,86602646000,6661742
357230,에이치피오,2095,2085,2115,2075,16086,33559930,86509832220,41293476
096240,크레버스,8430,8500,8500,8420,3710,31369320,86307857400,10238180
086710,선진뷰티사이언스,7070,7060,7190,6930,10371,73297150,86277189600,12203280
066590,스모트로닉,2230,2275,2275,2200,130244,288856340,86251799510,38677937
330730,스톤브릿지벤처스,4720,4660,4720,4630,17850,83657865,85988157600,18217830
394420,리센스메디컬,7810,8530,8580,7760,145234,1159770350,85907664810,10999701
478560,블랙야크아이앤씨,3320,3355,3445,3290,53555,181684736,85756589360,25830298
078140,대봉엘에스,7700,7740,7850,7600,24774,191201890,85366658300,11086579
048550,SM C&C,882,995,995,863,2407375,2143355738,85302294840,96714620
187420,HLB제넥스,2610,2175,2780,2155,4664174,12141308695,85203311670,32644947
234300,에스트래픽,3130,3085,3140,3080,18610,57867645,85160351400,27207780
037760,쎄니트,2515,2475,2535,2460,51583,128969595,85089796315,33832921
072020,중앙백신,9160,9210,9210,9140,7808,71494950,84792113960,9256781
303810,동국생명과학,2650,2740,2780,2650,770260,2078458652,84757971000,31984140
263720,디앤씨미디어,6920,6950,6950,6700,9845,66880640,84739282120,12245561
006140,피제이전자,5700,5740,5950,5520,375729,2152330675,84730500000,14865000
052460,아이크래프트,5800,5880,6070,5700,149873,872742280,84726028800,14607936
147760,피엠티,4235,4035,4365,4015,793180,3679641147,84700000000,20000000
198440,강동씨앤엘,1387,1413,1417,1351,561780,780531717,84512539752,60931896
291650,츌립앤사이언스,2765,2730,2870,2670,77827,217172895,84386752065,30519621
094860,네오리진,1586,1596,1599,1550,47636,75000464,84232482204,53110014
038110,에코플라스틱,2045,2015,2055,1999,85761,174072391,84191361650,41169370
049180,셀루메드,1009,0,0,0,0,0,83975227728,83226192
183490,엔지켐생명과학,990,0,0,0,0,0,83793832650,84640235
066700,테라젠이텍스,2255,2280,2280,2205,17757,39740740,83778607880,37152376
215100,로보로보,4105,4160,4200,4070,41197,169356670,83530403670,20348454
360070,탑머티리얼,10190,10350,10510,10020,13205,136035025,83476918170,8192043
078890,가온그룹,4520,4500,4620,4420,37718,170187725,83280742360,18424943
036640,HRS,5090,5070,5100,5040,46985,238605540,83245932000,16354800
058820,CMG제약,562,0,0,0,0,0,83245438472,148123556
067000,조이시티,1190,1196,1200,1165,233186,274492074,83185100740,69903446
025950,동신건설,9900,10000,10000,9820,21460,211211120,83160000000,8400000
388870,파로스아이바이오,6410,6520,6660,6410,52519,341488930,82983424120,12945932
140070,서플러스글로벌,2235,2225,2260,2190,21683,48295548,82668180000,36988000
382840,원준,5400,5270,5540,5245,39695,213624940,82466537400,15271581
066980,한성크린텍,1529,1587,1587,1520,246230,379023746,82216169387,53771203
294630,서남,3100,3075,3160,3065,100305,311044523,82147454900,26499179
162300,신스틸,1979,2045,2045,1969,204825,407640572,82071864978,41471382
107600,새빗켐,14480,14750,14940,13590,20304,294504795,81812781920,5650054
029480,광무,1364,1378,1378,1340,51242,69210520,81456896048,59719132
412540,제일엠앤에스,3935,0,0,0,0,0,81063616775,20600665
104040,디에스엠,3015,3115,3265,3000,46567,141460340,80842898475,26813565
185490,아이진,1870,1879,1903,1854,54245,101327002,80839696080,43229784
046210,HLB파나진,1774,1365,1774,1281,6719226,11295214249,80766601040,45527960
032540,TJ미디어,3855,3765,3865,3735,20540,78681862,80559527115,20897413
131370,알서포트,1512,1513,1514,1470,46865,70291820,80539829496,53267083
063080,컴투스홀딩스,12210,12450,12450,12060,7024,85703970,80527294320,6595192
054670,대한뉴팜,5590,5570,5650,5560,4190,23390610,80244002800,14354920
302550,리메드,2645,2625,2665,2530,71841,187367722,80077409385,30275013
277880,티에스아이,4035,3960,4065,3875,104969,419615256,80067360420,19843212
0015S0,페스카로,8110,8340,8340,7880,26512,213928955,80019180300,9866730
418470,KT밀리의서재,9330,9280,9410,9240,14331,133283010,79918811370,8565789
331380,포커스에이아이,2160,2220,2220,2005,35684,75403185,79834090320,36960227
381620,제닉스로보틱스,6080,6070,6220,5820,45397,268262710,79756953600,13117920
004590,한국가구,5310,5380,5380,5260,20355,108374800,79650000000,15000000
104540,코렌텍,5930,5880,6190,5770,189871,1133959645,79505941300,13407410
137950,제이씨케미칼,3570,3570,3770,3480,54186,192948079,79496095980,22267814
079810,APS이노베이션,3680,3675,3800,3595,68510,254984687,79223385920,21528094
225530,HC보광산업,2180,2110,2185,2050,35144,75769425,79218424860,36338727
475430,키스트론,4430,4390,4485,4300,108069,478090010,79067127300,17848110
950130,엑세스바이오,2240,2345,2345,2220,87638,197873257,78789388160,35173834
0117P0,피스피스스튜디오,5560,5570,5620,5500,35392,197136355,78779145160,14168911
263600,덕우전자,4940,5100,5360,4805,427251,2176701831,78695731400,15930310
365330,에스와이스틸텍,1564,1656,1664,1550,427289,675837076,78467444000,50171000
007820,엠엑스로보틱스,3350,3465,3510,3310,75447,254870945,78133453650,23323419
066430,아이로보틱스,1994,2005,2025,1990,197377,394389015,78072031144,39153476
012790,신일제약,6510,6530,6600,6470,18632,121399210,78031561650,11986415
014950,삼익제약,7750,8080,8210,7720,290926,2293015210,78023807000,10067588
041910,폴라리스AI파마,5870,5960,6070,5850,44866,265832800,77973264500,13283350
066310,큐에스아이,8400,8560,8570,8380,54040,457079625,77881616400,9271621
058400,KNN,5880,5980,5980,5830,3852,22561530,77868675360,13242972
065510,휴비츠,7140,7250,7250,7010,20497,145408910,77668170300,10877895
038680,에스넷,3895,3895,3960,3800,93578,364965665,77559740590,19912642
084730,팅크웨어,6960,6980,7010,6860,12331,85253510,77321591040,11109424
047820,초록뱀미디어,3160,3350,3350,3090,19933,62541820,77274418800,24453930
011320,유니크,3995,3995,4035,3940,40759,162894501,77186176525,19320695
000440,중앙에너비스,12390,12300,12480,12250,15500,191280440,77154140700,6227130
302430,이노메트리,7840,7810,8200,7810,92535,743603915,76857150720,9803208
389030,지니너스,1950,2070,2080,1890,267810,532205356,76814928450,39392271
024880,케이피에프,3840,3850,3850,3790,30014,114675745,76575836160,19941624
040910,아이씨디,4210,4250,4250,4095,7389,30838943,76513697750,18174275
088390,이녹스,8150,8350,8350,8100,2332,19004570,76494628600,9385844
303360,프로티아,5930,5960,6050,5850,28150,166586670,76376709950,12879715
389140,포바이포,5350,5550,5550,5350,28948,157281135,76343082250,14269735
396270,넥스트칩,2320,2340,2390,2290,157826,368072955,76298839920,32887431
049080,기가레인,8980,9400,9430,8850,151735,1376057495,76225239320,8488334
208140,정다운,2330,2275,2335,2265,110113,254487430,76154293180,32684246
073640,테라사이언스,654,0,0,0,0,0,76111715580,116378770
253840,수젠텍,4545,4740,4750,4540,427187,1965432187,76097844000,16743200
168330,내츄럴엔도텍,2390,2390,2390,2215,12608,29457125,75894211000,31754900
170030,현대공업,4930,4940,5020,4850,13797,68256790,75626200000,15340000
413390,엠오티,6700,6680,6800,6600,16386,109815310,75612984000,11285520
041930,SY동아,4965,5000,5000,4910,10803,53318415,75468000000,15200000
149980,하이로닉,4385,4475,4495,4385,22497,99921004,75417816710,17199046
124560,태웅로직스,1946,1961,1985,1942,20350,39899581,75350698206,38720811
451250,삐아,7350,7450,7450,7340,3511,25906870,75160195950,10225877
089790,제이티,7280,7000,7490,6980,388338,2814793515,75096934640,10315513
102370,케이옥션,2900,2915,2915,2815,21434,61729445,75076041000,25888290
011370,서한,3715,3780,3780,3700,15255,56833260,74964884695,20178973
0007J0,인벤테라,9530,9800,9800,9290,68296,649327695,74960254420,7865714
012700,리드코프,2880,2900,2920,2875,4998,14467390,74865173760,25994852
030960,양지사,4645,4500,4900,4480,71401,334420012,74227100000,15980000
451220,아이엠티,9420,9170,9500,9010,67483,632352260,74178835620,7874611
347890,엠엑스온,4355,4395,4395,4275,8870,38214680,74092503420,17013204
299660,셀리드,2505,2590,2635,2455,676668,1697565486,73904957385,29502977
058630,엠게임,3930,3950,4005,3915,12978,51102904,73776215820,18772574
263800,데이타솔루션,4545,4710,4710,4520,89617,408699043,73744352100,16225380
155650,와이엠씨,3885,3735,3935,3710,120400,465042965,73715380830,18974358
371950,풍원정밀,3120,3470,3470,3045,518011,1644661581,73522831200,23565010
060590,씨티씨바이오,3040,3040,3070,3000,61559,186578315,73510300800,24181020
054620,APS,3980,4005,4080,3915,15082,60250345,73208999580,18394221
417790,트루엔,6990,6980,7030,6870,8347,58393650,73174053090,10468391
010280,아이티센엔텍,5610,5890,5890,5510,62889,355461010,73068886770,13024757
060570,드림어스컴퍼니,4925,5010,5010,4680,3561,17402960,72990046450,14820314
137080,나래나노텍,6800,6760,7230,6420,142306,985775230,72827653200,10709949
038460,바이오스마트,2870,2870,2895,2810,95008,272247535,72537935540,25274542
171120,라이온켐텍,2020,2040,2040,2005,19937,40206970,72521555200,35901760
019550,SBI인베스트먼트,900,909,915,895,189940,171447304,72506676600,80562974
080010,이상네트웍스,7350,7300,7350,7260,886,6455880,72287771850,9835071
020710,시공테크,3605,3575,3650,3570,35166,126606470,72272931850,20047970
090470,제이스로보틱스,4135,4015,4200,3975,27980,114914035,72265716190,17476594
900110,딥커머스,6530,6570,6600,6030,49359,317671060,72236675340,11062278
212710,아이에스티이,7430,7480,7560,7300,56141,416572390,72182286540,9714978
017480,삼현철강,4665,4660,4675,4615,6946,32307480,72041081850,15442890
040160,누리플렉스,6060,6150,6310,6000,4670,28481580,72013107060,11883351
045660,에이텍,8700,8660,8820,8520,6808,58973750,71862000000,8260000
234920,자이글,5310,0,0,0,0,0,71849132100,13530910
039980,폴라리스AI,4980,5060,5240,4905,51504,256402320,71618445720,14381214
083790,CG인바이츠,930,900,935,894,118051,107187499,71511589260,76894182
179530,애드바이오텍,2290,2230,2310,2155,310076,696829004,71273776800,31123920
377480,마음AI,10000,10210,10210,9970,24919,251211250,71102750000,7110275
128660,피제이메탈,2860,2855,2875,2820,44455,126944475,70937635340,24803369
347860,알체라,1682,1700,1702,1600,211324,349581828,70902434254,42153647
053280,예스24,2825,2795,2870,2795,13496,38275300,70625000000,25000000
205470,휴마시스,2860,3060,3060,2755,506955,1455981556,70570502860,24675001
417970,모델솔루션,11020,11110,11240,10800,7098,77966520,70491634000,6396700
104460,디와이피엔에프,6700,6750,6810,6620,5862,39354620,70471276700,10518101
347000,센코,1862,1856,1875,1830,82021,151012509,70403795252,37810846
024740,한일단조,2140,2150,2170,2105,69412,147649605,70399684860,32897049
294140,레몬,2825,2830,2935,2775,11601,32622840,70384360850,24914818
110790,크리스에프앤씨,2995,2975,3000,2920,3030,9011035,70175725200,23430960
332370,아이디피,5280,5050,5300,5050,2896,15203620,70085273280,13273726
228670,레이,4475,4370,4520,4340,79387,352733064,69989093975,15640021
067170,오텍,2545,2715,2715,2515,371351,965790808,69903736415,27467087
067570,엔브이에이치코리아,1656,1680,1680,1643,11119,18353190,69833520000,42170000
092040,아미코젠,986,1000,1010,971,136360,134162970,69666211582,70655387
054040,한국컴퓨터,4325,4450,4450,4320,35285,153734950,69508329250,16071290
320000,한울반도체,10020,10150,10180,9850,69666,700306475,69274973400,6913670
065530,와이어블,1447,1478,1480,1427,286510,414119723,69222684273,47838759
039010,현대에이치티,8020,7990,8120,7750,42840,340920560,69172500000,8625000
019540,일지테크,5100,5030,5130,4965,21503,108742950,68918850000,13513500
049550,잉크테크,3500,3460,3590,3370,11433,39725220,68621969500,19606277
109860,동일금속,7540,7350,7580,7350,743,5579090,68614000000,9100000
096350,대창솔루션,1860,1900,1908,1855,90612,169052381,68549857320,36854762
487580,폴레드,2710,2745,2755,2680,210116,569066525,68245553310,25182861
002800,신신제약,4470,4605,4605,4470,52569,236992170,67812135000,15170500
024830,세원물산,8120,8060,8330,8010,1693,13643175,67802000000,8350000
337930,젝시믹스,2330,2355,2360,2315,45666,106263434,67684004570,29048929
217330,싸이토젠,2925,3045,3070,2925,107396,319936751,67653924975,23129547
076610,해성옵틱스,1110,1150,1158,1107,585235,654834774,67614574410,60914031
026150,특수건설,3850,3925,3975,3810,31418,121247340,67553374350,17546331
039610,화성밸브,6480,6550,6650,6390,111212,724507780,67459392000,10410400
067920,이글루,6130,6220,6270,5990,121692,742556505,67406209470,10996119
460940,피앤에스로보틱스,5000,5160,5160,5000,28394,143361230,67276400000,13455280
208370,셀바스헬스케어,2605,2655,2675,2575,140931,369603720,67054169220,25740564
0004V0,엔비알모션,6090,6200,6250,6030,79929,487538980,67053238560,11010384
067370,선바이오,5480,5530,5570,5400,2213,12097660,66931848680,12213841
048430,유라테크,5810,5820,5850,5780,10955,63616750,66931200000,11520000
214260,라파스,7480,7640,7640,7340,8795,65143770,66740023240,8922463
241790,티이엠씨씨엔에스,6670,6550,6780,6490,79675,531043540,66717568780,10002634
065170,비엘팜텍,2380,2355,2440,2255,487752,1140805247,66434827340,27913793
265560,영화테크,6210,6240,6260,6150,12328,76297920,66386017800,10690180
123420,위메이드플레이,6380,6300,6390,6280,9617,60874085,66358641580,10401041
095270,웨이브일렉트로,4605,4450,4770,4450,32213,146627065,66184929630,14372406
060310,3S,1247,1176,1247,1170,183162,223803791,66164622880,53059040
004780,대륙제관,4160,4160,4280,4160,13994,59262140,66157307840,15903199
111710,남화산업,3205,3130,3205,3125,27150,86034280,65984540000,20588000
122350,삼기,1720,1625,1997,1625,20688161,38094642107,65943816160,38339428
153710,옵티팜,4490,4500,4670,4400,12973,58154915,65868111420,14669958
273640,와이엠텍,5990,5820,5990,5740,37381,218094740,65686340000,10966000
291230,컴투스엔,2730,2735,2735,2630,25334,68119290,65550660630,24011231
331740,아우토크립트,6720,6950,6960,6670,24315,164115840,65526659520,9750991
096250,와이즈넛,5540,5620,5690,5500,13152,72971120,65454440740,11814881
360350,코셈,11990,12100,12250,11620,13531,160107880,65201260300,5437970
204840,지엘팜텍,4200,4140,4245,4050,25208,103887265,65141164200,15509801
262260,에이프로,4315,4440,4440,4290,16059,69473392,65060102900,15077660
091590,남화토건,5540,5670,5700,5430,94044,520248120,65039600000,11740000
0218L0,네오뷰,12320,12550,12580,12190,7202,88359075,65002476000,5276175
061040,알에프텍,7170,7180,7290,7040,3920,28136120,64875758910,9048223
014970,삼륭물산,4370,4405,4450,4280,12678,55303881,64785250000,14825000
321820,아티스트컴퍼니,4155,3980,4310,3870,190257,787311349,64782167280,15591376
282620,기도산업,11050,11390,11390,11040,47885,531201300,64760812350,5860707
456070,이엔셀,5870,5950,5980,5770,59026,347206080,64743264790,11029517
950220,네오이뮨텍,1892,1915,1929,1850,234134,440020343,64728801280,34211840
032850,비트컴퓨터,3890,3960,4015,3880,64982,255584735,64664609770,16623293
040350,크레오에스지,3250,3405,3405,3200,38019,124195958,64532637000,19856196
036000,예림당,2795,2880,2880,2690,33555,92808825,64380804215,23034277
382480,지아이텍,1630,1616,1645,1593,49128,79441895,64152138200,39357140
424960,스마트레이더시스템,3890,3985,3985,3865,7953,31097170,64127077900,16485110
082210,옵트론텍,1828,1816,1845,1816,38671,70796551,63912967240,34963330
033130,디지틀조선,1714,1690,1737,1690,43954,75510638,63615567638,37115267
251630,브이원텍,3990,3980,4070,3870,22290,88515330,63612115140,15942886
192250,케이사인,9000,9280,9620,8680,126562,1153645990,63604125000,7067125
228340,동양파일,3170,3220,3240,3070,131863,413302209,63400000000,20000000
0156T0,에이치엘지노믹스,8140,8290,8290,8080,31387,255414580,63346790540,7782161
222110,팬젠,4670,4735,4735,4670,592,2775525,63112757030,13514509
126880,제이엔케이글로벌,2715,2785,2830,2650,71533,193545945,62901453945,23168123
214680,디알텍,3760,3775,3830,3695,24454,91721470,62761735760,16691951
241690,유니테크노,2560,2610,2610,2560,10158,26107745,62645007360,24470706
460870,에스엠씨지,3120,3090,3140,3030,68910,212989410,62628708480,20073304
001840,이화공영,2215,0,0,0,0,0,62588831935,28256809
127710,아시아경제,1419,1406,1429,1378,129423,183523572,62505828990,44049210
043650,국순당,3500,3535,3535,3485,11403,39835805,62504064000,17858304
048770,TPC로보틱스,3980,4010,4035,3930,115343,458658492,62478004180,15697991
318160,셀바이오휴먼텍,6650,6960,6960,6600,13870,92041060,62463137450,9392953
008370,원풍,5200,5270,5270,5170,9159,47502080,62400000000,12000000
294090,이오플로우,1490,0,0,0,0,0,62295566450,41809105
081150,티플랙스,2560,2605,2605,2530,221575,565068885,62127109120,24268402
214270,FSN,1368,1394,1394,1330,25578,34423170,61904238048,45251636
049480,오픈베이스,1970,1998,2020,1968,201180,398966798,61902094510,31422383
066670,디티씨,3310,3260,3310,3260,17526,57860260,61870248580,18691918
089850,유비벨록스,4200,4350,4350,4165,6678,28168050,61866835800,14730199
216050,인크로스,5070,5010,5080,4985,15419,77456180,61847013540,12198622
005670,푸드웰,6170,6200,6200,6110,7510,46090300,61700000000,10000000
100030,인지소프트,18750,18220,18850,18220,9997,184758560,61569637500,3283714
225190,LK삼양,4355,4655,4660,4335,179103,789396714,61378011240,14093688
043610,KT지니뮤직,1055,0,0,0,0,0,61311787090,58115438
041460,한국전자인증,3320,3365,3375,3280,28958,96532140,61187961880,18430109
355690,에이텀,6390,5730,6480,5730,262298,1633352100,61154785710,9570389
299170,더블유에스아이,1469,1474,1507,1452,706252,1039980738,60980082072,41511288
203400,에이비온,3380,0,0,0,0,0,60908478800,18020260
315640,딥노이드,2070,2185,2185,2070,133628,281493633,60800520240,29372232
056360,코위버,6200,6460,6550,6190,88706,557186710,60740160000,9796800
010470,오리콤,5060,5090,5140,5000,4709,23869570,60593753000,11975050
0155E0,해치텍,11030,11390,11630,11030,136912,1530474070,60523264500,5487150
010240,흥국,5170,5180,5180,5140,3766,19426795,60520020000,11706000
261520,이지스,5880,5840,6070,5800,53634,318341240,60433464000,10277800
049470,비트플래닛,2560,2520,2650,2500,25430,65262440,60274941440,23544899
263690,디알젬,5300,5230,5300,5230,5822,30794440,60025733000,11325610
215360,우리산업,6570,6550,6660,6440,11123,73439810,59998310910,9132163
424980,마이크로투나노,10130,9940,10460,9910,32880,333623480,59958355700,5918890
003310,대주산업,1693,1710,1735,1652,88592,149661942,59919248550,35392350
050960,수산아이앤티,8870,9000,9000,8750,1206,10622030,59881370000,6751000
448710,코츠테크놀로지,11320,11400,11400,10800,16801,187422115,59829505440,5285292
039420,케이엘넷,2600,2645,2650,2585,13348,34802570,59662184400,22946994
016250,SGC E&C,11830,11950,11950,11730,2044,24164975,59587544380,5036986
352910,오비고,4705,4845,4845,4610,11773,54763440,59460858410,12637802
064240,홈캐스트,1704,1699,1732,1651,30197,51655613,59119003704,34694251
175140,아고스,2365,2420,2420,2320,8529,20156714,58993158345,24944253
221800,지구홀딩스,3615,3825,3825,3605,28852,107139950,58992646365,16318851
033320,제이씨현시스템,3085,3135,3135,3080,13478,41740775,58968022720,19114432
036090,위지트,1385,1417,1420,1371,132143,183216093,58932461890,42550514
483350,딜리셔스,2640,2630,2690,2520,281695,738881592,58833614400,22285460
039020,이건홀딩스,2605,2630,2630,2570,81620,210935360,58833166945,22584709
487400,케이앤에스아이앤씨,5720,6100,6120,5600,141630,818624535,58692245040,10260882
025550,한국선재,2300,2345,2345,2290,42357,97901147,58682209200,25514004
033170,시그네틱스,3415,3400,3695,3235,281348,985554016,58552439145,17145663
900300,오가닉티코스메틱,2840,2960,2960,2775,83288,234181693,58447475480,20580097
053620,태양,6780,6670,6930,6600,44190,299809070,58308000000,8600000
463020,뉴엔AI,6480,6640,6670,6480,43321,282372440,58237056000,8987200
099520,DGI,1284,0,0,0,0,0,58141862016,45281824
053050,지에스이,1930,1891,1962,1881,142701,275405902,57876062210,29987597
045340,토탈소프트,6750,6830,6830,6720,23759,160904170,57766770000,8558040
443250,레뷰코퍼레이션,5330,5330,5500,5280,7403,39715590,57616324610,10809817
191420,테고사이언스,7100,7100,7210,7050,1245,8833670,57572721400,8108834
059270,해성에어로보틱스,5140,5280,5300,5050,30767,157396010,57389636860,11165299
094850,참좋은여행,4095,4175,4175,4080,11948,49123349,57330000000,14000000
054300,팬스타엔터프라이즈,975,999,999,949,261504,253738919,57255358875,58723445
950200,소마젠,2975,3000,3025,2895,54442,161234660,57227257675,19236053
333620,엔시스,5200,5240,5260,5070,24697,126542930,57189132000,10997910
317530,에피소드컴퍼니,3250,3240,3315,3050,62406,201984605,56858366500,17494882
014470,부방,1059,1084,1084,1050,36204,38227383,56832803379,53666481
088280,쏘닉스,3280,3160,3340,3100,82995,265609015,56765287200,17306490
033310,엠투엔,1414,1420,1431,1395,47451,66604602,56521052784,39972456
007370,진양제약,3995,3995,4010,3950,8081,32180800,56467675065,14134587
037440,희림,4055,4055,4085,4000,52840,213342980,56455636125,13922475
033230,인성정보,1111,1129,1130,1083,197937,216439377,56122587180,50515380
348150,고바이오랩,2880,2825,2975,2810,15662,44858315,55926400320,19418889
092300,현우산업,2770,2710,2790,2690,54794,151187962,55815142670,20149871
420570,제이투케이바이오,9510,9950,9950,9420,31080,297193385,55609563330,5847483
340930,성원에너텍,806,0,0,0,0,0,55513882710,68875785
464490,쿼드메디슨,4810,4990,4990,4740,24397,117832612,55353302030,11507963
170790,파이오링크,8560,8570,8700,8340,23052,194842240,54761187600,6397335
217480,에스디생명공학,499,0,0,0,0,0,54756837359,109733141
061250,화일약품,6500,6440,6510,6410,3980,25720860,54714296000,8417584
459100,위츠,4060,4130,4190,4045,4605,18786055,54672366000,13466100
040610,SG&G,3195,3200,3225,3160,9561,30412945,54454295610,17043598
145170,노브랜드,3215,3205,3445,3205,132025,433300369,54360522075,16908405
419080,엔젯,5000,4955,5120,4850,29387,145940590,54359085000,10871817
0013V0,삼진식품,5470,5620,5810,5470,127875,717383715,54255048320,9918656
238090,앤디포스,1778,1736,1779,1680,14845,25698505,54212002320,30490440
064800,포니링크,2115,2225,2225,2100,21067,44847515,54062485785,25561459
024910,경창산업,1509,1475,1514,1475,44388,66053033,54050878545,35819005
036670,삼양케이씨아이,5020,5070,5090,4970,14266,71293465,54016204000,10760200
435570,에르코스,7080,7070,7180,6930,1410,9925460,53928239640,7616983
105760,포스뱅크,5290,5120,5340,5120,47781,251547790,53909792230,10190887
340810,시선AI,3850,3760,3870,3590,172927,646161455,53705505700,13949482
226340,본느,6390,6930,8390,6320,3098410,23081337820,53615192760,8390484
081180,쎄크,6070,6550,6580,6000,161941,1003346265,53570997450,8825535
457600,벡트,3895,4160,4200,3825,85914,344768070,53390712500,13707500
109080,옵티시스,9460,9800,9840,9450,17998,172230210,53316560000,5636000
288180,케이피항공산업,7200,7460,7650,7200,16819,123474885,53231486400,7393262
071670,에이테크솔루션,5320,5500,5540,5290,16422,88013695,53200000000,10000000
393210,토마토시스템,3405,3660,3660,3360,327934,1148966035,53167522320,15614544
290660,다이나믹솔루션,1241,1299,1300,1220,492583,615668925,53161819008,42837888
900120,씨엑스아이,4690,4880,4880,4660,2518,11889495,53156141080,11333932
370090,퓨런티어,6210,6300,6300,6090,16340,101310250,53137914300,8556830
053270,구영테크,1936,1978,1978,1920,43757,84396174,53066544080,27410405
179900,유티아이,2460,2500,2625,2325,286313,696434195,53060524740,21569319
039240,경남스틸,1958,1963,1969,1930,13879,27003190,52826064632,26979604
036120,서울평가정보,1500,1519,1530,1464,188075,279672565,52717500000,35145000
043710,코스리거글로벌,3035,3015,3200,3005,7779,23991234,52543443570,17312502
054930,유신,17440,17660,17660,17260,2984,51704400,52320000000,3000000
317830,에스피시스템스,4850,4885,4990,4810,19232,93341085,52253017300,10773818
027050,코리아나,1303,1294,1313,1294,20934,27258163,52120000000,40000000
053160,프리엠스,8650,8660,8970,8480,9157,79661070,51900000000,6000000
104620,노랑풍선,3080,3140,3140,3070,40755,126317550,51776500160,16810552
019990,에너토크,5300,5610,5610,5290,87852,473594945,51707266400,9756088
163280,에어레인,3800,3890,3890,3800,56383,213335495,51691696400,13603078
391710,코닉오토메이션,1206,1245,1245,1204,54227,66034580,51400286820,42620470
024950,삼천리자전거,4145,4160,4215,4125,3800,15711890,51398000000,12400000
046940,우원개발,2835,2720,3230,2715,1687900,5021184860,51240782250,18074350
314140,알피바이오,5910,5890,5910,5700,13330,76724230,51218193510,8666361
015710,코콤,2895,2955,2955,2890,5289,15372615,50750797500,17530500
094940,푸른로보틱스,6050,6195,6195,5990,26565,161161200,50586385300,8361386
042110,에스씨디,1046,1072,1074,1029,229117,240459159,50552723944,48329564
088910,동우팜투테이블,1964,1953,1973,1935,84308,164390260,50517544496,25721764
393970,대진첨단소재,2825,0,0,0,0,0,50428566500,17850820
347740,피엔케이피부임상연구센타,1680,1699,1699,1652,22479,37392955,50417767680,30010576
256630,포인트엔지니어링,4335,4360,4360,4250,3440,14722535,50283459690,11599414
311690,CJ 바이오사이언스,3845,3880,3950,3820,9177,35625210,50236701390,13065462
246690,TS인베스트먼트,2100,2125,2125,2045,28209,58771718,49934165400,23778174
052790,액토즈소프트,4570,4695,4715,4530,48241,221115405,49925179790,10924547
317850,대모,5990,6000,6040,5910,45852,272811270,49863275800,8324420
373200,엑스플러스,1991,1858,2250,1850,649886,1334556218,49861084867,25043237
143540,영우디에스피,1116,1047,1274,1030,1456642,1671132412,49773482820,44599895
196300,HLB펩,5220,4945,5970,4945,303999,1701529910,49558403340,9493947
063440,SM Life Design,1090,1084,1098,1076,61533,67172444,49398106760,45319364
463480,모티브링크,3985,4105,4140,3940,13214,52734470,49375576630,12390358
452400,이닉스,5430,5390,5430,5200,13398,70390540,49257854040,9071428
038010,제일테크노스,5470,5460,5500,5420,3169,17253100,49230000000,9000000
376290,씨유테크,2780,2840,2840,2710,2366,6522060,49087850000,17657500
065130,탑엔지니어링,3065,3050,3160,2995,53404,164865190,49052260000,16004000
060560,HC홈센타,1920,1934,1934,1875,8215,15653556,48744961920,25388001
219550,디와이디,1177,1230,1230,1165,34243,40441844,48703330170,41379210
150900,파수AI,4160,4225,4340,4085,160425,669246991,48688315520,11703922
044340,위닉스,2720,2770,2770,2690,36186,98568505,48615716000,17873425
217500,러셀,1527,1571,1574,1500,139742,213331600,48576924000,31812000
122310,제노레이,3335,3355,3355,3265,3864,12734855,48537069740,14553844
321260,프로이천,1721,1717,1738,1695,55398,94492603,48518576564,28192084
131400,이브이첨단소재,8120,8000,8200,7620,64178,505849375,48388606560,5959188
042040,케이피엠테크,5580,5210,5580,5180,19596,105050830,48384129780,8670991
459550,알트,1916,2035,2035,1916,481914,931582790,48322978076,25220761
199550,레이저옵텍,3245,3190,3275,3090,37401,118169845,48174591795,14845791
114450,그린생명과학,2400,2470,2470,2355,502090,1204947864,48000000000,20000000
348080,큐라티스,3740,3880,3880,3655,37498,139767761,47975796220,12827753
408470,한패스,4525,4580,4690,4495,32422,146906800,47838300000,10572000
479960,위너스일렉,6710,6490,6780,6490,14787,98302620,47815460000,7126000
053450,세코닉스,3230,3280,3325,3210,24492,79914285,47780753690,14792803
189860,서전기전,4920,5010,5040,4860,83577,410441557,47717997600,9698780
382150,온코크로스,3655,3745,3795,3640,16269,59894625,47684423870,13046354
418250,시큐레터,6550,0,0,0,0,0,47629012750,7271605
059100,아이컴포넌트,6700,6870,6870,6450,22427,148672420,47374762000,7070860
277070,린드먼아시아,3445,3600,3600,3360,1167,3966640,47168940000,13692000
900340,윙입푸드,1320,1386,1386,1305,55516,73817450,46969206240,35582732
023440,제이스코홀딩스,521,0,0,0,0,0,46964378481,90142761
365660,레몬헬스케어,3490,3730,3735,3480,287305,1013615519,46959900910,13455559
232830,아이티센피엔에스,2835,3030,3055,2800,162396,470083175,46873113210,16533726
317870,엔바이오니아,5290,5320,5500,5250,7774,41472330,46773624550,8841895
440290,HB인베스트먼트,1700,1712,1712,1687,29974,50742851,46760931000,27506430
361570,알비더블유,1623,1615,1646,1569,15199,24763037,46650361293,28743291
317690,퀀타매트릭스,2315,2440,2440,2295,33856,79153805,46612592135,20135029
384470,코어라인소프트,2590,2620,2630,2540,31470,80673410,46481002470,17946333
189980,흥국에프엔비,1157,1155,1159,1139,35218,40302354,46439465839,40137827
094970,제이엠티,2760,2755,2770,2725,72053,197642111,46225142400,16748240
471820,셀로맥스사이언스,4080,4050,4130,4040,2519,10307290,46115746320,11302879
032960,동일기연,2620,2845,2845,2580,60334,160381895,46093594500,17592975
340360,다보링크,859,850,860,793,303664,253413276,46062906048,53623872
260930,씨티케이,2380,2385,2410,2310,15386,36247770,46032986580,19341591
073110,엘엠에스,5170,5200,5200,5140,4817,24869080,45991053350,8895755
053980,오상자이엘,2420,2440,2450,2410,14001,33967920,45938334860,18982783
200350,아티스트스튜디오,4590,4165,4950,4155,516284,2377688862,45881754750,9996025
229000,젠큐릭스,1957,0,0,0,0,0,45848918905,23428165
460470,아이빔테크놀로지,3025,3110,3145,2950,26457,80300979,45736094250,15119370
453860,에이에스텍,7090,7130,7130,6980,7861,55422620,45690959070,6444423
0010V0,제이피아이헬스케어,8890,8810,9120,8790,3158,28319715,45387006000,5105400
222420,쎄노텍,937,967,967,923,150286,141284898,45368156051,48418523
051390,YW,3980,4000,4050,3955,623,2484560,45194364640,11355368
198080,캐프,2095,2095,2100,2080,14294,29830885,45116212575,21535185
476040,오가노이드사이언스,6850,7320,7400,6850,20525,142630480,45112456000,6585760
050120,ES큐브,3315,3450,3450,3255,1119,3656740,44964945090,13564086
072990,에이치시티,3100,3180,3180,3085,29559,92317905,44944438600,14498206
082850,우리바이오,4635,4610,4845,4515,41024,192393015,44919245025,9691315
373160,데이원컴퍼니,3305,3335,3380,3275,512,1694860,44890063350,13582470
159580,제로투세븐,2235,2245,2245,2180,36006,79588755,44772941460,20032636
068330,일신바이오,1012,1040,1040,1012,34522,35132126,44746733680,44216140
227950,엔투텍,1295,1265,1306,1218,109143,138882202,44688130655,34508209
072470,우리산업홀딩스,2365,2365,2370,2315,4048,9520140,44668561465,18887341
033340,좋은사람들,460,0,0,0,0,0,44597256680,96950558
037950,엘컴텍,2630,2685,2765,2630,18057,48175800,44419392890,16889503
066130,하츠,3470,3500,3520,3465,3234,11282260,44416000000,12800000
178780,일월지엠엘,2380,2355,2435,2350,65143,153370645,44361284100,18639195
014190,원익큐브,1250,1297,1297,1244,34421,43111199,44243838750,35395071
288330,파라택시스코리아,416,0,0,0,0,0,44129674368,106080948
083550,케이엠,3250,3285,3332,3125,40943,132050357,44057536250,13556165
900250,크리스탈신소재,1230,1246,1247,1215,36045,44226155,44052451230,35815001
466410,사이냅소프트,8740,8890,8890,8580,14088,121991400,44023581020,5037023
189690,포시에스,1610,1533,1610,1521,53667,84180410,43988370090,27321969
086060,진바이오텍,5070,4905,5100,4905,22363,112405140,43655676090,8610587
129890,앱코,958,944,970,944,55935,53407855,43632686716,45545602
258610,케일럼,1191,1184,1218,1180,30282,35862514,43453710033,36485063
054780,키이스트,2200,2175,2250,2080,191746,411921755,43247144600,19657793
290670,대보마그네틱,5480,5500,5600,5320,8594,46824500,43059976800,7857660
263020,디케이앤디,3085,3095,3120,3055,26974,82886675,42684510410,13836146
065440,이루온,1562,1603,1611,1530,287033,448234191,42603581240,27275020
022220,티케이지애강,817,802,825,801,5121,4191093,42316171043,51794579
199480,뱅크웨어글로벌,4150,4165,4165,4030,17440,72314185,42315840200,10196588
307280,원바이오젠,5960,5940,5990,5840,4036,23894840,42283976920,7094627
413640,비아이매트릭스,5850,5870,5870,5720,3970,22898410,42160599000,7206940
140520,대창스틸,1997,2010,2010,1991,25569,50976721,42155158271,21109243
256150,한독크린텍,5010,5000,5040,4985,534,2672160,42058950000,8395000
056700,신화인터텍,1422,1411,1427,1401,24341,34512621,41430099402,29135091
084650,랩지노믹스,2775,2760,2850,2700,60004,164676725,41203194450,14847998
190650,코리아에셋투자증권,6450,6500,6500,6360,2860,18302715,41202600000,6388000
100660,서암기계공업,3270,3220,3295,3200,16757,54184950,41202000000,12600000
263700,케어랩스,2115,2170,2255,2090,37329,80863949,41061033000,19414200
452200,민테크,1682,1681,1696,1587,49778,83166718,40927769600,24332800
002290,삼일기업공사,3300,3275,3350,3275,4902,16211160,40920000000,12400000
261200,덴티스,2585,2660,2680,2575,12714,33305110,40868074500,15809700
461030,아이엠비디엑스,2845,3000,3000,2845,12275,35468912,40781700865,14334517
263810,상신전자,2560,2575,2600,2540,21223,54357340,40767552000,15924825
066900,디에이피,1790,1770,1809,1720,2985,5225705,40712660370,22744503
099410,동방선기,2905,2970,2970,2870,40504,117288605,40670000000,14000000
136410,아셈스,3685,3692,3725,3650,11782,43326837,40605405610,11019106
286750,나노실리칸첨단소재,2525,2570,2590,2485,11605,29201025,40436430700,16014428
184230,SGA솔루션즈,2145,2270,2300,2100,123436,267177084,40398827040,18833952
263770,유에스티,1704,1705,1705,1635,2437,4075636,40385093088,23700172
007530,와이엠,1814,1813,1845,1802,33867,61641035,40369175034,22254231
044960,이글벳,3185,3125,3200,3125,50176,158221370,40264397355,12641883
045510,정원엔시스,1278,1231,1286,1228,122057,154526741,40231385046,31479957
223310,사토시홀딩스,2930,2845,3000,2840,23069,67422695,39960403590,13638363
104200,NHN벅스,2695,2685,2730,2580,31653,84316645,39960247250,14827550
446840,지슨,3625,3630,3700,3450,8666,31147290,39935233000,11016616
037230,한국팩키지,1336,1330,1336,1321,24268,32361385,39813236872,29800327
049830,승일,6480,6450,6570,6390,485,3121540,39736085760,6132112
064090,인크레더블버즈,798,0,0,0,0,0,39694710510,49742745
469750,아이비젼웍스,5760,5860,5960,5600,68215,395931920,39693864960,6891296
450330,하스,4815,5140,5150,4785,11558,56558180,39419649045,8186843
171010,램테크놀러지,2745,2745,2860,2700,59929,166484115,39250074240,14298752
053950,경남제약,1999,2100,2105,1984,115719,234292531,39219678351,19619649
027830,대성창투,725,718,756,707,93808,67979134,39150000000,54000000
007680,대원,2945,3015,3015,2945,5907,17503980,38940963410,13222738
025880,케이씨피드,2325,2335,2350,2315,20514,48051450,38864369850,16715858
224110,에이텍모빌리티,7640,7610,7690,7520,1213,9260330,38814149040,5080386
273060,와이즈버즈,3945,4010,4010,3890,2651,10381075,38774836920,9828856
203450,유니온바이오메트릭스,2745,2775,2830,2700,35786,97839065,38646874215,14079007
121890,에스디시스템,2900,2860,2905,2845,128533,371948520,38545193400,13291446
215380,콜마바이오텍,2290,2380,2390,2245,185669,424397090,38539729040,16829576
465480,인스피언,3785,3755,3875,3745,4121,15586526,38371467020,10137772
050860,아세아텍,1704,1715,1715,1688,3200,5470586,38340000000,22500000
046310,백금T&A,2335,2360,2360,2335,7575,17769084,38337526735,16418641
221840,하이즈항공,2050,2080,2080,2010,7649,15501900,38336150050,18700561
352700,씨앤투스,1452,1453,1453,1450,4650,6747180,38154057348,26276899
019770,서연탑메탈,3275,3285,3305,3265,3452,11301860,38153750000,11650000
221980,케이디켐,9420,9410,9420,9280,312,2907970,38007816000,4034800
038070,서린바이오,4070,4115,4115,4005,6423,26093522,37853751320,9300676
051490,나라엠앤디,2665,2660,2740,2630,13935,37146815,37843000000,14200000
238120,얼라인드,2660,2770,2770,2645,23966,64157982,37820608840,14218274
239890,피엔에이치테크,3800,3790,3820,3730,7026,27001400,37755869000,9935755
101240,씨큐브,3305,3270,3320,3265,4789,15709250,37535056860,11357052
218150,미래생명자원,1834,1907,1929,1800,74449,137722064,37442580868,20415802
052220,iMBC,1625,1645,1650,1605,20981,33985095,37375000000,23000000
290090,트윔,4985,4710,4990,4600,7388,35948584,37091231480,7440568
348030,모비릭스,3860,3505,3955,3465,163733,615558854,37070668000,9603800
177900,쓰리에이로직스,3850,3895,3930,3805,24167,93278790,37066260000,9627600
035460,기산텔레콤,2480,2625,2630,2475,196318,494983137,37002443200,14920340
250000,보라티알,5480,5370,5500,5370,721,3931090,36994016840,6750733
081580,성우전자,2385,2400,2415,2370,34465,82369710,36986921055,15508143
258790,소프트캠프,7390,7320,7630,7250,36722,273516830,36937111840,4998256
097870,효성오앤비,4350,4330,4400,4300,4941,21427945,36931500000,8490000
122690,서진오토모티브,1599,1590,1599,1580,12424,19696247,36903586434,23079166
049120,파인디앤씨,2900,2820,2970,2820,3517,10181735,36796998000,12688620
046390,삼화네트웍스,2130,2070,2135,2070,9724,20499770,36783338490,17269173
234100,폴라리스세원,2515,2615,2615,2500,12682,32032670,36723114540,14601636
219420,링크제니시스,3175,3170,3180,3145,17077,54049640,36415684725,11469507
042940,상지건설,5330,5380,5380,5200,20550,108865680,36397034960,6828712
026040,제이에스티나,2205,2185,2210,2135,39858,86426925,36390856950,16503790
0010F0,보원케미칼,3265,2775,3445,2705,6555402,21282918704,36383857265,11143601
043910,자연과환경,3200,3210,3505,3160,218099,719802382,36285264000,11339145
208710,포톤,2740,2830,2830,2685,45962,125867230,36113561680,13180132
434480,모니터랩,2930,3025,3065,2900,144087,428615538,36069179000,12310300
086040,바이오톡스텍,2260,2290,2290,2245,2112,4792005,36065638220,15958247
037370,EG,4175,4310,4310,4150,7532,31733290,36009258100,8624972
332290,누보,4535,4450,4690,4415,16642,74633590,36004494215,7939249
284620,카이노스메드,1087,0,0,0,0,0,35965517911,33086953
260660,알리코제약,2340,2365,2375,2305,16135,37654090,35865229140,15327021
057540,옴니시스템,602,0,0,0,0,0,35755349336,59394268
045060,오공,2110,2105,2145,2090,16122,34144680,35747565140,16941974
065500,오리엔트정공,1000,1036,1036,993,76200,76394427,35742912000,35742912
068940,셀피글로벌,778,0,0,0,0,0,35720093048,45912716
153460,네이블,5470,5460,5540,5260,8124,43765655,35719176580,6530014
263050,유틸렉스,959,0,0,0,0,0,35324626904,36834856
207760,미스터블루,2125,2190,2190,2115,6443,13748925,35308906500,16615956
024120,KB오토시스,3060,3075,3075,3035,10849,33118750,35190000000,11500000
060850,영림원소프트랩,4325,4250,4415,4190,35251,151679425,35166575000,8131000
387570,파인메딕스,6250,6140,6390,6060,6613,40994270,35161875000,5625900
014570,고려제약,3190,3210,3210,3130,10645,33720575,35090000000,11000000
109820,진매트릭스,1720,1800,1811,1695,290988,501996717,35077060800,20393640
204020,그리티,1803,1797,1825,1790,4047,7274575,35069850096,19450832
186230,그린플러스,3200,3150,3210,3085,9303,29396805,34944601600,10920188
089140,넥스턴앤롤코리아,2275,2300,2370,2275,53157,122434665,34844432350,15316234
079190,케스피온,1710,1799,1799,1640,132972,226168489,34784077860,20341566
123570,이엠넷,1561,1627,1630,1561,5103,8179216,34772957758,22276078
363250,진시스템,4065,4110,4195,4060,2304,9545025,34586572830,8508382
452300,캡스톤파트너스,2440,2485,2510,2425,74594,183562565,34573592200,14169505
290120,DH오토리드,2180,2215,2215,2155,4189,9146835,34498885860,15825177
318410,비비씨,6210,6220,6270,6080,7652,47148475,34498059030,5555243
060540,에스에이티,1319,1331,1339,1290,13534,17692991,34469339946,26132934
127980,화인써키트,2910,3040,3040,2865,12845,37290580,34456390440,11840684
431190,케이쓰리아이,4600,4310,4700,4310,83181,381052361,34437633200,7486442
039290,인포뱅크,3935,4160,4160,3900,9179,36468465,34210803430,8693978
065950,웰크론,1211,1206,1218,1161,47920,56880372,34188106722,28231302
377030,비트맥스,2380,2390,2470,2300,33442,80154220,34014250760,14291702
430690,한싹,3120,3190,3255,3000,137586,430623342,33993348480,10895304
075130,플랜티넷,2105,2145,2145,2070,29279,61183582,33937483600,16122320
106240,파인테크닉스,1274,1272,1277,1201,72611,91221073,33865358436,26581914
057030,YBM넷,2075,2095,2110,2050,13391,27648915,33848846275,16312697
045300,성우테크론,3200,3005,3275,3005,158383,505718652,33750438400,10547012
417860,오브젠,7170,7300,7300,7060,15088,107701340,33748516020,4706906
099220,SDN,5350,5180,5390,5180,10661,56710530,33675227250,6294435
066360,체리부로,1402,1491,1491,1401,10406,14933947,33614361814,23976007
064520,테크엘,1500,1474,1500,1450,4649,6847601,33526593000,22351062
073570,리튬포어스,2785,2690,3035,2685,131421,372896276,33523958480,12037328
476080,M83,4150,4125,4185,4090,16767,69042941,33519550000,8077000
131090,시큐브,4365,4360,4365,4230,15198,65757995,33428134665,7658221
270520,앱튼,835,881,881,808,711368,590514206,33422473190,40026914
296640,이노에이엑스,6430,6470,6470,6200,11650,74076750,33296160360,5178252
270870,뉴트리,3700,3700,3710,3675,530,1960120,33280930200,8994846
038060,루멘스바이오스,689,0,0,0,0,0,33143014541,48103069
215090,솔디펜스,1429,1422,1430,1373,17418,24327093,33089439569,23155661
406820,뷰티스킨,2340,2580,2835,2330,1227467,3132242952,33078607380,14136157
169330,엠브레인,1801,1779,1882,1779,54461,98567499,32988769318,18316918
432430,와이랩,1997,2035,2035,1966,30370,60635037,32967115040,16508320
032790,엠젠솔루션,1210,1200,1223,1187,81033,98289735,32844523140,27144234
196450,코아시아씨엠,3620,3670,3780,3520,12396,44241865,32811680000,9064000
310870,디와이씨,1496,1559,1559,1494,83905,126708078,32796212592,21922602
006920,모헨즈,3000,3015,3030,2960,24146,72234680,32760000000,10920000
335810,프리시젼바이오,1488,1492,1500,1475,3860,5778216,32660864928,21949506
069920,엑시온그룹,1346,1370,1500,1275,358358,484762809,32464467428,24119218
397810,애드포러스,6290,6530,6530,6270,1130,7182980,32461243300,5160770
133750,메가엠디,1386,1381,1390,1358,5618,7696924,32442208722,23407077
052600,한네트,2805,2815,2840,2790,10556,29654750,32436178500,11563700
419120,산돌,2280,2285,2295,2235,24733,56067020,32428642920,14223089
153490,우리이앤엘하루틴,3140,3140,3270,3075,8063,25477755,32329440000,10296000
220180,폴라리스AI핸디,1350,1354,1354,1296,9518,12512637,32306636700,23930842
408900,스튜디오미르,986,1000,1000,941,21565,21061866,32294387994,32752929
200780,비씨월드제약,3020,3080,3080,3005,1422,4312040,32210296220,10665661
038620,위즈코프,2125,2090,2145,2090,2668,5643670,32185022625,15145893
148930,에이치와이티씨,3150,3180,3180,3100,4694,14716045,32051920950,10175213
033830,티비씨,1694,1698,1714,1675,13117,22282754,32028678220,18907130
091340,S&K폴리텍,2735,2610,2760,2610,48556,132734992,32009676935,11703721
364950,에이아이코리아,3855,3770,3910,3750,12050,46257900,31982795475,8296445
087600,픽셀플러스,3910,3890,3970,3860,383,1501305,31931241780,8166558
064480,브리지텍,2670,2565,2700,2555,33764,87909215,31913175000,11952500
031510,오스템,1138,1129,1138,1121,10189,11482898,31864000000,28000000
037330,인지디스플레,726,0,0,0,0,0,31860672624,43885224
462980,아이지넷,1747,1755,1762,1706,22612,39362477,31855561439,18234437
159910,에코글로우,3040,3075,3075,2970,14032,42102950,31819974880,10467097
900270,헝셩그룹,2550,2585,2585,2500,33050,83699740,31777184550,12461641
021650,한국큐빅,1936,1936,1941,1925,560,1084301,31654689968,16350563
012620,원일특강,7190,7260,7260,7130,2488,17858580,31636000000,4400000
080520,오디텍,2790,2825,2850,2750,8939,24917980,31589543430,11322417
271830,팸텍,1070,1095,1115,1070,86888,93752374,31554516140,29490202
383930,디티앤씨알오,2465,2155,2480,2080,261133,622745806,31512875520,12784128
318020,포인트모바일,2560,2645,2645,2525,4747,12128035,31491256320,12301272
356890,싸이버원,2630,2655,2655,2510,23388,60872435,31438559750,11953825
073540,에프알텍,2745,2760,2810,2710,27056,74594095,31293000000,11400000
016600,큐캐피탈,2240,2190,2250,2180,9446,21016220,31273986240,13961601
258830,세종메디칼,412,0,0,0,0,0,31223976612,75786351
311390,네오크레마,2455,2495,2520,2400,32195,78718790,31065051995,12653789
208860,다산디엠씨,9140,9250,9260,8930,1962,17707870,31030272580,3394997
025440,DH오토웨어,3180,3155,3200,3090,14000,43711525,31024855920,9756244
464280,티디에스팜,5590,5600,5640,5450,6619,36400800,30912700000,5530000
462510,라메디텍,3505,3485,3610,3390,35274,122536497,30854392325,8802965
263920,휴엠앤씨,3140,3250,3250,3100,4854,15209170,30800341640,9809026
462310,뉴키즈온,3895,3815,3905,3790,8137,31573660,30765066475,7898605
376980,원티드랩,3150,3205,3225,3015,9795,30943185,30764141100,9766394
032860,더라미,3800,3265,3880,3260,92282,331078972,30700853600,8079172
075970,동국알앤에스,1668,1666,1750,1662,65188,109726864,30691200000,18400000
197140,디지캡,2350,2300,2350,2300,13605,31882980,30580911900,13013154
101670,하이드로리튬,538,530,623,526,1830278,1039255276,30546126606,56777187
148250,알엔투테크놀로지,2240,2030,2245,1985,132392,285449838,30487976960,13610704
173940,에프엔씨엔터,1980,2000,2000,1967,7748,15333234,30477759840,15392808
090410,덕신이피씨,3305,3390,3390,3285,4241,14008740,30461586795,9216819
452160,제이엔비,3155,3170,3175,3090,2860,9021545,30343297685,9617527
246250,에스엘에스바이오,1969,0,0,0,0,0,30220617614,15348206
300120,라온피플,3045,3025,3075,2950,21927,66146880,30147945135,9900803
367000,플래티어,3590,3510,3590,3495,3429,12038115,30113663130,8388207
444530,심플랫폼,4675,4730,4730,4600,2869,13426200,30068599550,6431786
097780,에코볼트,1475,1440,1525,1440,9258,13818140,29932306275,20293089
038870,에코심플렉스,2135,2125,2200,2035,12018,25571599,29921916115,14014949
464580,닷밀,1621,1635,1635,1576,2607,4166310,29836270269,18406089
262840,아이퀘스트,2910,2900,2940,2845,18605,53943105,29826798690,10249759
226330,신테카바이오,1227,1221,1282,1205,59400,72829418,29765148825,24258475
070590,인티큐브,2140,2160,2160,2080,7578,15946035,29702174940,13879521
369370,블리츠웨이엔터테인먼트,2975,2990,2990,2890,8523,24842596,29673786450,9974382
336060,웨이버스,3080,3115,3195,3035,2078,6394655,29663603200,9631040
407400,꿈비,2025,2080,2155,2010,22999,47665125,29634931350,14634534
351870,차이커뮤니케이션,2650,2395,2650,2355,22942,56240410,29575701300,11160642
033540,파라텍,2830,2790,2830,2750,4725,13175265,29571422780,10449266
099390,브레인즈컴퍼니,3600,3655,3690,3555,17151,62182650,29549818800,8208283
019570,GMI벤처,2810,3020,3020,2725,11461,32332380,29525459610,10507281
020180,대신정보통신,3835,3870,3870,3820,21213,81407470,29474977805,7685783
038950,파인디지털,2885,2840,2890,2795,1321,3724200,29458057025,10210765
237820,플레이디,2290,2295,2295,2235,18192,41011455,29374150600,12827140
900070,글로벌에스엠,1093,1090,1123,1071,102534,111390696,29371078512,26871984
071850,캐스텍코리아,1210,1205,1229,1190,11663,14043094,29355734980,24260938
317240,TS트릴리온,1000,999,1003,976,124378,122940221,29176711000,29176711
043340,에쎈테크,614,585,617,582,20089,12176299,29165000000,47500000
109960,앱토크롬,1927,1865,1937,1865,1269,2412036,29159812991,15132233
188260,세니젠,2085,2065,2100,2040,4284,8816700,28984248030,13901318
128540,에코캡,1083,1135,1135,1077,18617,20330016,28905768180,26690460
079170,한창산업,5550,5620,5620,5520,944,5261260,28860000000,5200000
031310,아이즈비전,964,998,998,950,47588,46036614,28675771564,29746651
333050,이노테나,5820,5850,5860,5680,8056,46483950,28660124400,4924420
351330,이삭엔지니어링,3455,3530,3530,3400,9505,32655710,28636836600,8288520
050110,캠시스,4890,5040,5110,4815,38359,187655673,28581873960,5844964
318010,팜스빌,3565,3565,3570,3510,540,1919700,28268089970,7929338
043220,티에스넥스젠,1710,0,0,0,0,0,28191099330,16486023
388610,지에프씨생명과학,5290,5700,5700,5220,24657,132177965,28171276070,5325383
130500,GH신소재,1936,1979,1979,1892,24547,46932462,28159220672,14545052
365590,하이딥,1525,1458,1760,1458,292230,472658502,28071094375,18407275
068050,팬엔터테인먼트,1013,1022,1043,934,70038,69595085,28054098988,27694076
007770,한일화학,7990,7650,8000,7650,631,4896780,28044900000,3510000
239610,에이치엘사이언스,5200,5200,5200,5020,452,2341970,28038998000,5392115
119500,포메탈,2365,2365,2375,2325,25405,59617985,28018703680,11847232
002680,한탑,3610,3920,4070,3610,118991,464027270,27999268300,7756030
254120,자비스,910,0,0,0,0,0,27986385700,30754270
101400,엔시트론,1843,1806,1851,1710,109330,196276307,27937380892,15158644
088340,유라클,6390,6440,6440,6280,5001,31757090,27888311520,4364368
067010,이씨에스,2560,2530,2575,2525,22257,57003330,27874560000,10888500
373170,엠아이큐브솔루션,1844,1881,1881,1829,15361,28328267,27869828760,15113790
187270,신화콘텍,2745,2790,2835,2720,3564,9830330,27844854525,10143845
160550,NEW,997,988,1010,988,16172,16132240,27822387682,27906106
089150,케이씨티,1617,1644,1644,1604,32011,51612481,27731550000,17150000
225220,제놀루션,1444,1402,1444,1401,48306,69046360,27710390324,19190021
068100,케이웨더,2320,2335,2335,2210,7405,16959670,27671883520,11927536
131220,대한과학,3710,3750,3750,3585,3716,13605031,27656157900,7454490
091970,LSK아이로봇,3670,3500,3785,3340,33122,116451007,27652642600,7534780
008470,부스타,1645,1605,1650,1605,6860,11194464,27651792000,16809600
066910,손오공,1797,1720,1805,1651,74957,131953084,27649777704,15386632
195500,마니커에프앤지,1715,1718,1718,1680,41627,70438616,27402270000,15978000
450520,인스웨이브,1858,1861,1907,1726,66393,119392809,27321105924,14704578
038880,아이에이,3635,3660,3720,3560,10484,37916346,27314927605,7514423
398120,에스지헬스케어,2300,2300,2335,2260,36310,83444470,27235475300,11841511
198940,한주라이트메탈,1365,1359,1375,1330,26036,35205730,27219015915,19940671
093380,풍강,2750,2810,2820,2750,10534,29315235,27168110750,9879313
139670,키네마스터,1923,1890,1929,1890,7528,14449030,27150471630,14118810
376180,피코그램,1462,1457,1499,1457,17847,26443478,27136237556,18561038
288620,에스프리즘,3880,3980,3980,3805,10304,39605215,27079746080,6979316
114630,폴라리스우노,1571,1574,1601,1533,15181,23711483,27076574608,17235248
236810,엔비티,1590,1595,1644,1550,18790,29568401,26990927340,16975426
048470,대동스틸,2790,2820,2820,2755,13561,37616740,26923500000,9650000
078590,휴림에이텍,2695,2740,2750,2580,40374,108809050,26918552045,9988331
215790,이노인스트루먼트,666,0,0,0,0,0,26828577234,40283149
368970,오에스피,2385,2345,2450,2345,75836,181928145,26806727430,11239718
115480,씨유메디칼,2210,2285,2285,2160,9372,20579700,26796053310,12124911
123840,뉴온,1719,1651,1729,1630,5080,8583034,26735692950,15553050
359090,씨엔알리서치,2325,2350,2375,2250,12274,27967552,26723882475,11494143
016670,디모아,2620,2620,2620,2515,2840,7285285,26708893080,10194234
096630,에스코넥,1682,1629,1764,1600,43962,74265849,26703975286,15876323
027040,서울전자통신,1918,2005,2005,1912,117292,228228010,26694280942,13917769
191410,육일씨엔에쓰,1721,1722,1742,1690,88850,153115826,26693006012,15510172
297570,아틀라스링크,3850,3995,4200,3810,6688,26274895,26658335550,6924243
080530,코디,2400,2420,2435,2325,11380,26923425,26572041600,11071684
043200,파루,1270,1243,1275,1236,45271,57070056,26545739390,20902157
017000,신원종합개발,2270,2305,2305,2265,11693,26633022,26486421290,11668027
047080,한빛소프트,1067,1081,1094,1035,25981,27883997,26485460254,24822362
458350,에스팀,3045,3110,3110,2945,18394,55491540,26440344000,8683200
069140,누리플랜,1740,1751,1758,1710,10308,17887679,26266698960,15095804
016920,카스,1020,1020,1021,999,18102,18291331,26212706640,25698732
032750,삼진,2900,2910,2910,2890,2491,7221990,26190253800,9031122
058110,멕아이씨에스,1630,1686,1687,1544,93243,151657713,26162363900,16050530
290270,휴네시온,2720,2805,2880,2715,21561,59259140,26132867840,9607672
290520,신도기연,1657,1656,1695,1567,19400,31347400,26074823748,15736164
290560,파라택시스이더리움,1164,1220,1225,1150,134411,157510740,26030217720,22362730
069410,엔텔스,2540,2545,2565,2480,11431,28746155,26021852960,10244824
238490,힘스,2300,2270,2355,2200,12923,29077073,26018142800,11312236
134060,이퓨쳐,5450,5270,5500,5230,2270,12206260,25992412500,4769250
363260,모비데이즈,4005,4000,4160,4000,5637,23081852,25763175765,6432753
105550,엣지파운드리,1643,1643,1660,1626,23006,37642509,25731696630,15661410
900310,컬러레이,2005,2120,2120,1947,4812,9527011,25680711675,12808335
355390,크라우드웍스,1606,1755,1760,1549,308867,502962870,25605171064,15943444
079000,와토스코리아,3550,3570,3575,3505,2775,9863185,25560000000,7200000
033050,제이엠아이,802,808,819,799,9594,7693094,25535141056,31839328
103840,우양,1560,1560,1590,1529,29625,45669741,25531627680,16366428
322780,코퍼스코리아,1675,1632,1700,1593,13429,22170557,25511881450,15230974
052300,오션인더블유,1570,1630,1630,1558,26978,42308556,25503280960,16244128
146060,율촌,1058,1082,1082,1045,10376,10982371,25408499510,24015595
072770,멤레이비티,612,0,0,0,0,0,25405403976,41512098
013720,청보,2080,2130,2130,2080,6780,14163685,25304506240,12165628
096690,에이루트,6280,6110,6550,6070,923,5736490,25263447760,4022842
054090,삼진엘앤디,1008,1009,1017,986,25155,25336858,25158905856,24959232
057680,티사이언티픽,1592,1611,1647,1571,80592,133889527,25142311128,15792909
206400,베노티앤알,670,676,684,636,92504,61357246,25131805860,37510158
060230,제이케이시냅스,1285,1338,1346,1276,45487,58572030,25115605130,19545218
090150,아이윈,5980,6130,6130,5860,1629,9677560,25041423420,4187529
023770,플레이위드,2795,2640,2900,2600,46039,127089475,25005453525,8946495
177830,파버나인,2200,2110,2220,2110,22595,49369575,24917184600,11325993
415380,스튜디오삼익,2175,2170,2225,2155,16710,36619530,24888470625,11442975
060380,동양에스텍,1263,1298,1298,1261,6486,8268837,24881100000,19700000
328380,솔트웨어,3620,3560,3747,3560,7784,28097902,24806249100,6852555
378800,샤페론,2680,2715,2720,2640,44745,119569095,24786264080,9248606
140430,카티스,2315,2515,2520,2300,154380,366607155,24746208705,10689507
405920,나라셀라,1915,1939,1939,1800,12306,23017734,24661515540,12878076
368600,아이씨에이치,956,0,0,0,0,0,24660416740,25795415
148780,비큐AI,3920,3985,4040,3850,36912,144788629,24653448400,6289145
318000,KBG,2820,2770,2820,2740,3855,10652975,24647428860,8740223
053290,NE능률,1490,1475,1569,1475,16620,24638461,24624197430,16526307
193250,링크드,1840,1821,1876,1700,15462,27894977,24598836720,13368933
021880,메이슨캐피탈,1157,1162,1162,1138,7187,8280079,24549735080,21218440
475660,에스켐,3090,3415,3420,3060,29844,94739715,24503190150,7929835
043590,웰킵스하이텍,1803,1979,1979,1621,170085,297117813,24463790943,13568381
016100,리더스코스메틱,1277,1274,1322,1264,5092,6553173,24391841638,19100894
131180,딜리,4140,4110,4175,4100,703,2953390,24301800000,5870000
054940,엑사이엔씨,3655,3560,3795,3505,112576,410585367,24249861395,6634709
044780,에이치케이,1308,1311,1323,1306,26582,34830314,24205569396,18505787
083660,CSA 코스믹,1388,1422,1475,1357,14314,19873063,24184732692,17424159
317120,라닉스,1582,1620,1626,1546,49985,78831246,24141320000,15260000
138070,신진에스엠,1373,1415,1447,1338,42631,59115469,24031899092,17503204
001810,무림SP,1080,1119,1120,1080,21819,24115971,23908500000,22137500
429270,시지트로닉스,3325,3250,3395,3100,205029,660108415,23907185575,7190131
123750,알톤,1729,1735,1737,1655,6358,10888534,23893498811,13819259
464500,아이언디바이스,1702,1725,1760,1683,18296,30966940,23816533626,13993263
115160,휴맥스,5520,5720,5720,5460,4934,27373520,23777582160,4307533
219750,한국비티비,1812,1850,1850,1773,9645,17379728,23710703124,13085377
101680,한국정밀기계,2820,2755,2830,2705,10518,28721845,23699280000,8404000
083640,인콘,5150,5380,5380,5130,2639,13620020,23647090200,4591668
065690,파커스,1968,1921,1971,1921,17091,33418078,23644549776,12014507
115530,씨엔플러스,2755,2960,2960,2605,14393,39626670,23643561525,8582055
035200,프럼파스트,2545,2500,2595,2500,16966,42921560,23464851645,9219981
206560,덱스터,922,907,931,907,50094,45833665,23429620592,25411736
389680,유디엠텍,2810,2895,3020,2710,74580,206906085,23381147330,8320693
267790,배럴,3040,3095,3095,3000,2664,8083157,23375499360,7689309
032680,소프트센,1010,990,1055,979,117883,119663151,23286439810,23055881
039740,한국정보공학,2900,2920,2920,2850,7136,20926395,23253351300,8018397
377330,이지트로닉스,2845,2795,2855,2655,2401,6705250,23158169130,8139954
188040,바이오포트,4945,5000,5080,4700,4448,21641080,23139178060,4679308
051380,피씨디렉트,1503,1506,1506,1499,9313,13983079,23056128216,15340072
065370,위세아이텍,3120,3240,3240,3015,14290,44531854,23037936480,7383954
257370,피엔티엠에스,1838,1811,1880,1756,6739,12371242,22983934518,12504861
237750,피앤씨테크,3525,3495,3540,3460,5063,17763560,22900515000,6496600
076080,웰크론한텍,1013,1020,1035,995,17023,17290282,22887880028,22594156
247660,나노씨엠에스,3685,3890,3890,3460,181585,656541665,22824890000,6194000
208350,지란지교시큐리티,2815,2850,2935,2755,7964,22404074,22805919550,8101570
036480,대성미생물,6000,6050,6150,5960,3088,18798290,22800000000,3800000
301300,바이브컴퍼니,1729,1796,1796,1621,9627,16404381,22744497048,13154712
210120,빅텐츠,2345,1900,2345,1900,2556963,4950033563,22734753895,9694991
361670,삼영에스앤씨,4000,3930,4080,3750,12540,50137275,22670632000,5667658
417180,핑거스토리,3965,3965,4075,3915,1823,7256770,22659534885,5714889
020400,대동금속,2490,2530,2560,2490,17032,42600885,22593094680,9073532
347770,핌스,997,940,1000,907,179704,171386380,22591722894,22659702
018680,서울제약,1933,1933,1934,1905,10178,19561698,22537463627,11659319
032800,판타지오,1487,1480,1489,1480,8285,12299961,22464144688,15107024
033200,모아텍,2440,2435,2480,2360,1786,4272715,22459050760,9204529
352940,인바이오,2060,2005,2100,2005,4865,9914309,22387523800,10867730
298060,풍전약품,2320,2345,2375,2305,3972,9215575,22358877040,9637447
187220,디티앤씨,1940,2005,2055,1940,9099,17992223,22358370020,11524933
017250,인터엠,1059,1058,1065,1050,17577,18535291,22287149553,21045467
192390,윈하이텍,1859,1865,1865,1850,22103,41180799,22247110314,11967246
115570,스타플렉스,2775,2700,2775,2655,5038,13571180,22157009700,7984508
424760,벨로크,2190,2145,2230,2145,25311,55009760,22115425920,10098368
007720,소노스퀘어,1096,1102,1102,1090,7778,8529434,22095458640,20160090
013810,스페코,1506,1518,1518,1492,35143,52692614,22071137820,14655470
070300,퀀텀레일,621,678,707,604,2508055,1594098160,22060856709,35524729
238200,비피도,2690,2610,2720,2610,1627,4381530,22004200000,8180000
432980,엠에프씨,2555,2710,2715,2555,3992,10445055,21951900810,8591742
053060,세동,1240,1235,1249,1223,47063,58242239,21895199560,17657419
098660,에스티오,1750,1702,1750,1702,5944,10232010,21876708000,12500976
303530,이노뎁,2975,3055,3055,2940,4866,14547515,21834414525,7339299
032080,아즈텍WB,1010,0,0,0,0,0,21705939290,21491029
027580,상보,1827,1909,1920,1825,34032,63750674,21624837885,11836255
222980,한국맥널티,1960,1980,2025,1959,11658,23236787,21621706680,11031483
039310,세중,1193,1168,1199,1168,10434,12374268,21619148731,18121667
115610,이미지스,1822,1998,1998,1799,96803,177649788,21533797118,11818769
200230,텔콘RF제약,2265,2355,2355,2260,22589,51629145,21477339285,9482269
032280,삼일,1324,1321,1329,1306,23831,31441420,21466793160,16213590
092600,앤씨앤,2380,2605,2665,2300,104429,250016585,21459753140,9016703
215480,토박스코리아,1997,2010,2070,1988,6143,12285335,21447780000,10740000
054220,비츠로시스,1697,1697,1700,1647,61236,102246744,21366275352,12590616
083470,이엠앤아이,1000,990,1000,906,839643,832126162,21340329000,21340329
095910,에스에너지,583,0,0,0,0,0,21242557622,36436634
018700,졸스,1270,1266,1275,1206,12102,15107952,21237270200,16722260
331520,밸로프,2160,2230,2230,2135,9011,19558580,21170561760,9801186
277410,인산가,5500,5630,5630,5400,3371,18929070,21126325000,3841150
274400,이노시뮬레이션,2325,2260,2485,2230,22094,52414088,21126096225,9086493
063760,이엘피,2265,2165,2265,2135,27794,61695435,21121419450,9325130
440320,오픈놀,2100,2145,2145,2055,10690,22099405,20958000000,9980000
342870,오아,3845,3860,3965,3800,13510,52076915,20956007465,5450197
045520,크린앤사이언스,3200,3285,3285,3200,10138,32534345,20800000000,6500000
067730,로지시스,2150,2190,2190,2130,9162,19679795,20798932300,9673922
455180,케이지에이,1413,1289,1415,1261,106185,140523943,20783725155,14708935
044480,빌리언스,3115,3145,3255,3080,5849,18360550,20715320045,6650183
241840,에이스토리,2160,2240,2240,2105,26065,56131345,20606387040,9539994
024940,PN풍년,2050,2060,2080,2025,31010,63431785,20500000000,10000000
372800,아이티아이즈,2905,2905,2905,2810,74648,210907378,20443034045,7037189
154040,다산솔루에타,9450,10180,10260,9260,7236,69309610,20426751450,2161561
096870,엘디티,2445,2640,2640,2330,67835,165026485,20410857555,8347999
438700,버넥트,1823,1877,1877,1803,10517,19136389,20317134470,11144890
289220,자이언트스텝,910,901,943,900,35080,32303083,20304121110,22312221
353590,오토앤,1573,1565,1578,1532,7965,12481696,20253271610,12875570
043360,디지아이,2250,2295,2295,2210,4810,10744270,20250000000,9000000
065060,지엔코,3380,3320,3380,3235,2037,6754520,20247504680,5990386
362990,드림인사이트,1205,1229,1229,1205,4133,5023934,20244691670,16800574
130740,티피씨글로벌,1790,1819,1819,1763,13462,24111915,20185255410,11276679
065150,대산F&B,1266,1261,1280,1232,28138,35065790,20177811840,15938240
340440,세림B&G,3550,3730,3730,3505,37766,135967504,20148635600,5675672
088290,이원컴포텍,2525,2515,2540,2440,20014,50141380,20139581800,7976072
405000,플라즈맵,3745,3880,3880,3640,8405,31249825,20123877340,5373532
131100,티엔엔터테인먼트,3120,3550,3575,3065,49351,158636105,20121953280,6449344
276730,한울앤제주,851,853,861,830,22405,19095990,20090390980,23607980
019660,글로본,1440,1426,1441,1397,24778,35316586,20079839520,13944333
021040,대호특수강,925,917,1090,917,106838,105407196,20076915950,21704774
079950,인베니아,1453,1442,1487,1440,24335,35400710,20050092300,13799100
344860,이노진,1334,1298,1356,1290,65157,86563111,20050020000,15030000
080470,성창오토텍,2745,2705,2750,2705,3319,9109330,20038500000,7300000
038530,케이바이오랩스,3850,4260,4260,3675,10787,40763621,19935392400,5178024
353190,휴럼,2520,2610,2610,2500,9740,24778680,19846723680,7875684
113810,디젠스,3040,3200,3200,3025,7284,22431015,19837854400,6525610
050760,에스폴리텍,1208,1209,1240,1178,31949,38303685,19732291024,16334678
275630,에스에스알,3755,4145,4145,3745,1454,5535415,19728049040,5253808
069330,유아이디,1160,1211,1211,1160,11996,14014492,19664985840,16952574
154030,아시아종묘,1621,1630,1630,1620,9972,16175561,19552286407,12061867
252500,세화피앤씨,2355,2470,2470,2350,6649,15888900,19540089690,8297278
023790,동일스틸럭스,1490,1573,1573,1475,315925,475849053,19474013920,13069808
085810,알티캐스트,1376,1425,1425,1371,14150,19538649,19452447328,14136953
073190,듀오백,1622,0,0,0,0,0,19412160880,11968040
214610,롤링스톤,2290,0,0,0,0,0,19197807380,8383322
227610,아우딘퓨쳐스,980,994,1000,971,50175,49846689,18987079580,19374571
403490,우듬지팜,2040,2065,2075,1995,6860,14039662,18740443680,9186492
048830,엔피케이,1000,1035,1035,994,145564,145955677,18723923000,18723923
031860,디에이치엑스컴퍼니,6930,0,0,0,0,0,18714756060,2700542
014100,메디앙스,1584,1533,1585,1520,20214,31509868,18691200000,11800000
224060,더코디,3610,3840,4350,3605,1317056,5152153865,18630206420,5160722
026910,광진실업,2345,2310,2450,2260,90198,211150540,18591924470,7928326
051780,큐로홀딩스,2440,2370,2480,2370,15183,36752486,18544058560,7600024
056730,CNT85,1250,1345,1349,1250,13803,17918577,18527796250,14822237
279600,미디어젠,3945,3780,3945,3780,2153,8339469,18481461045,4684781
110020,전진바이오팜,2040,2035,2140,2010,19097,38792625,18479874480,9058762
018620,우진비앤지,2660,2610,2715,2610,9626,25571735,18441732120,6932982
373110,엑셀세라퓨틱스,1064,1031,1064,1026,77864,81616737,18401235216,17294394
078860,아이오케이이엔엠,2975,2915,3015,2895,10466,30916845,18377134300,6177188
084440,유비온,4770,4910,5010,4750,2995,14382482,18252328680,3826484
196700,웹스,1267,1265,1275,1259,26389,33412995,18199370448,14364144
037400,우리엔터프라이즈,3465,3360,3720,3360,40785,143607885,18172778085,5244669
137940,넥스트아이,1848,1852,1975,1822,21795,40551778,18132699816,9812067
365900,브이씨,2465,2560,2560,2465,53797,133230125,18019889500,7310300
195990,루트K,1103,1100,1121,1094,11670,12923008,17965525022,16287874
309930,조이웍스앤코,932,900,937,865,18691,17314856,17946488548,19255889
0197V0,엔에이치스팩34호,1917,1917,1920,1907,58751,112559198,17348850000,9050000
419540,비스토스,2890,2840,2995,2840,6696,19309990,17219351170,5958253
306040,에스제이그룹,1841,1836,1955,1755,293491,541799250,17097448004,9287044
065650,하이퍼코퍼레이션,1545,1463,1553,1463,30505,46609533,16911549915,10945987
482680,미래에셋비전스팩7호,2055,0,0,0,0,0,16881825000,8215000
477380,미래에셋비전스팩4호,2080,2075,2080,2070,14695,30462875,16848000000,8100000
241820,피씨엘,6040,0,0,0,0,0,16803871920,2782098
0200G0,한국제17호스팩,1903,1910,1917,1903,202109,385783729,16556100000,8700000
009730,이렘,2075,1993,2195,1993,134767,284177343,16549168725,7975503
225590,패션플랫폼,3200,3045,3230,2960,75287,237299866,16388403200,5121376
050090,비케이홀딩스,696,0,0,0,0,0,16380175560,23534735
009620,삼보산업,4620,4635,4815,4585,14401,66830005,16145093580,3494609
469480,IBKS제24호스팩,3780,3780,3865,3710,102500,388536858,15989400000,4230000
034940,조아제약,2570,2745,2745,2530,61996,159297460,15923630050,6195965
376930,노을,1538,1515,1601,1462,44615,68230341,15777210032,10258264
475460,미트박스,2790,2740,2845,2625,113152,310200235,15753804750,5646525
0072Z0,KB제33호스팩,1980,1988,1988,1978,6737,13383028,15612300000,7885000
477340,에이치엠씨제7호스팩,2065,2065,2070,2065,1054,2176520,15508150000,7510000
285800,진영,4295,4265,4350,4015,9682,41198779,15435293690,3593782
0101C0,하나36호스팩,1986,1972,1987,1972,870,1725428,15371640000,7740000
0130H0,엔에이치스팩33호,1989,1995,1999,1989,1795,3576719,15315300000,7700000
030350,드래곤플라이,973,0,0,0,0,0,15171092867,15592079
0044K0,삼성스팩10호,1996,1998,1999,1984,9237,18416800,15009920000,7520000
473050,유안타제15호스팩,2105,2105,2110,2100,371554,781991345,14756050000,7010000
0115H0,삼성스팩13호,1998,1996,1999,1996,2171,4336411,14685300000,7350000
489480,키움제11호스팩,2200,0,0,0,0,0,14520000000,6600000
478440,미래에셋비전스팩6호,2070,2065,2070,2060,7663,15842825,14345100000,6930000
479880,한국제15호스팩,2070,2070,2070,2060,7845,16198790,14220900000,6870000
101000,KS인더스트리,1427,1542,1574,1409,72235,106917094,14142264949,9910487
0165X0,메리츠제2호스팩,1940,1939,1943,1936,6064,11757851,14045600000,7240000
0099W0,미래에셋비전스팩11호,1985,1982,1990,1982,72,142904,13895000000,7000000
054410,케이피티유,2410,2500,2505,2375,23464,56623118,13800730040,5726444
0209J0,KB제34호스팩,1905,1905,1907,1900,178739,340474269,13735050000,7210000
304840,피플바이오,561,0,0,0,0,0,13643890260,24320660
352770,셀레스트라,5250,0,0,0,0,0,13610136750,2592407
498390,한화플러스제5호스팩,2735,2790,2795,2725,120770,332137276,13565600000,4960000
244460,올리패스,1651,0,0,0,0,0,13415218661,8125511
0134X0,대신밸런스제20호스팩,1989,1985,1989,1984,45931,91296883,13405860000,6740000
177350,베셀,1343,1350,1360,1331,22570,30355376,13316987893,9915851
335870,윙스풋,3955,3920,3955,3705,5046,19392465,13249621770,3350094
0164H0,한국제16호스팩,1955,1953,1955,1951,36360,71058259,13196250000,6750000
481890,엔에이치스팩31호,2075,2065,2075,2060,17698,36635520,13165875000,6345000
0096B0,삼성스팩12호,1997,1989,1998,1980,15715,31294565,13140260000,6580000
0099X0,IBKS제25호스팩,2180,2205,2220,2165,105101,229856945,13036400000,5980000
0097F0,미래에셋비전스팩10호,1991,1991,1991,1979,97,192972,12941500000,6500000
489730,디비금융제13호스팩,2042,2035,2050,2035,1312,2679135,12929944000,6332000
478390,KB제29호스팩,2070,2065,2070,2065,10958,22655600,12875400000,6220000
0093G0,미래에셋비전스팩8호,1992,1988,1995,1988,226,449864,12748800000,6400000
054180,메디콕스,2295,0,0,0,0,0,12686716395,5527981
354200,엔젠바이오,788,708,900,708,2045852,1688164350,12676227404,16086583
060480,국일신동,1140,1108,1330,1005,406247,481597555,12642600000,11090000
0037T0,KB제32호스팩,1995,1995,1998,1984,31050,61860998,12628350000,6330000
492220,KB제31호스팩,2030,2035,2035,2030,3683,7478375,12606300000,6210000
482520,교보16호스팩,2065,0,0,0,0,0,12596500000,6100000
028080,휴맥스홀딩스,5170,0,0,0,0,0,12547900200,2427060
418620,E8,406,531,537,397,2961783,1418468148,12503305920,30796320
0091W0,신영스팩11호,2050,2040,2055,2040,943,1932500,12439400000,6068000
0131D0,키움히어로제2호스팩,1969,1963,1972,1963,9783,19264011,12424390000,6310000
0054V0,엔에이치스팩32호,1996,2000,2000,1994,14199,28332013,12408134000,6216500
065570,삼영이엔씨,764,0,0,0,0,0,12295692232,16093838
035620,바른손이앤에이,655,620,655,603,278401,174515514,12189496290,18609918
0041L0,하나35호스팩,2010,2000,2010,1999,12734,25474320,12120300000,6030000
477760,DB금융스팩12호,2070,2070,2075,2067,5052,10477672,12088800000,5840000
065770,CS,1145,951,1145,895,842683,907458594,12039748280,10515064
0088D0,메리츠제1호스팩,2070,2075,2075,2055,3231,6657620,11995650000,5795000
0132G0,교보20호스팩,1996,1996,1998,1995,9688,19340318,11916120000,5970000
239340,이스트에이드,2200,2480,2480,2180,22238,50662915,11871037200,5395926
103230,에스앤더블류,1645,1541,1688,1541,84482,138540188,11844000000,7200000
469900,하나31호스팩,2095,2100,2100,2095,83045,174389795,11742475000,5605000
482690,대신밸런스제19호스팩,2085,2085,2085,2080,2550,5324730,11707275000,5615000
474660,신한제12호스팩,2095,2090,2095,2085,94100,196253005,11564400000,5520000
0071M0,삼성스팩11호,2005,1997,2010,1997,15383,30838101,11548800000,5760000
060260,뉴보텍,865,1060,1060,860,759026,712239631,11541137940,13342356
474490,유안타제16호스팩,2090,2080,2092,2080,5972,12454655,11515900000,5510000
487360,신한제14호스팩,2030,2030,2035,2030,6071,12337002,11449200000,5640000
477470,미래에셋비전스팩5호,2075,2070,2075,2060,10046,20799052,11371000000,5480000
289010,아이스크림에듀,814,768,972,768,563963,487128504,11351438384,13945256
0105P0,유진스팩12호,2000,1999,2000,1999,81,161939,11320000000,5660000
496070,신한제16호스팩,2005,2010,2010,2000,743,1489110,11268100000,5620000
060900,에이전트AI,1710,1805,1885,1706,112846,200042854,11189874060,6543786
131760,파인텍,1288,1308,1369,1258,105020,139053235,11187975008,8686316
0129K0,신한제18호스팩,1976,1979,1984,1973,5927,11737305,11105120000,5620000
0096D0,미래에셋비전스팩9호,1990,1998,1998,1990,8,15950,10945000000,5500000
486630,KB제30호스팩,2055,2055,2060,2050,1035,2126880,10912050000,5310000
001000,신라섬유,2245,1746,2245,1746,647146,1380164008,10900615460,4855508
142760,모아라이프플러스,516,485,574,485,1685072,906330716,10879080840,21083490
0098T0,교보19호스팩,2005,2010,2010,2000,20016,40033210,10827000000,5400000
493790,유안타제17호스팩,2022,2025,2025,2020,5727,11573789,10736820000,5310000
012340,뉴인텍,486,386,486,379,2793510,1278274177,10713769398,22044793
0004Y0,디비금융제14호스팩,2000,2000,2020,1999,691,1388847,10630000000,5315000
489210,교보17호스팩,2052,2050,2055,2050,5337,10966892,10629360000,5180000
377220,프롬바이오,1873,1950,1986,1870,30552,58205287,10604926000,5662000
303030,지니틱스,1155,1115,1199,1100,52436,60219970,10576884780,9157476
0130D0,신한제17호스팩,1968,1961,1979,1960,1863,3669860,10509120000,5340000
043100,알파AI,520,0,0,0,0,0,10457241600,20110080
006050,국영지앤엠,2970,2770,3335,2770,104335,322482663,10363886280,3489524
478110,이베스트스팩6호,2060,2055,2065,2055,1954,4020400,10341200000,5020000
466690,키움히어로제1호스팩,2015,2015,2020,2000,12383,24783510,10266425000,5095000
0041B0,교보18호스팩,2020,2010,2020,2000,17640,35338980,10180800000,5040000
305090,마이크로디지탈,538,0,0,0,0,0,10166241142,18896359
240600,유진테크놀로지,1170,1000,1170,1000,543152,605664003,9710309700,8299410
488060,유진스팩11호,2050,2040,2050,2040,4266,8743895,9676000000,4720000
288980,모아데이타,263,211,263,210,3242496,815666073,9568302677,36381379
106080,케이이엠텍,1650,0,0,0,0,0,9506998050,5761817
208640,썸에이지,682,665,776,649,410049,290803742,9496185050,13924025
484130,하나34호스팩,2045,2040,2045,2040,18751,38252365,9243400000,4520000
473950,에스케이증권제13호스팩,2062,2055,2065,2055,1860,3834985,9114040000,4420000
487720,키움제10호스팩,2120,2135,2135,2090,2724,5713910,8967600000,4230000
487830,신한제15호스팩,2045,2045,2045,2035,5734,11685705,8895750000,4350000
468760,유진스팩10호,2080,0,0,0,0,0,8819200000,4240000
472230,에스케이증권제11호스팩,2105,2105,2110,2105,165494,348433225,8746275000,4155000
067770,세진티에스,1031,0,0,0,0,0,8656887383,8396593
0068Y0,비엔케이제3호스팩,1999,1992,2005,1992,4855,9677631,8615690000,4310000
308100,형지글로벌,326,302,326,302,1137014,366526270,8417319348,25819998
0041J0,엘에스스팩1호,1998,1993,1998,1987,10756,21460655,8211780000,4110000
03481K,해성산업1우,5860,5860,5860,5800,121,702220,8071874580,1377453
087260,모바일어플라이언스,247,0,0,0,0,0,8040556667,32552861
475250,하나33호스팩,2095,2090,2095,2090,15,31370,7751500000,3700000
250930,예선테크,1160,1160,1160,1160,15154,17578640,7656102080,6600088
079970,투비소프트,596,0,0,0,0,0,7646223464,12829234
474930,신한제13호스팩,2100,2100,2100,2090,2427,5081600,7602000000,3620000
065420,에스아이리소스,940,0,0,0,0,0,7283384140,7748281
276040,스코넥,327,0,0,0,0,0,7073119545,21630335
473000,에스케이증권제12호스팩,2082,2080,2085,2080,78,162353,6891420000,3310000
475240,하나32호스팩,2095,2095,2095,2090,5188,10848362,6704000000,3200000
900100,파이온엑스,1096,0,0,0,0,0,5782550800,5276050
291810,핀텔,409,0,0,0,0,0,5736605370,14025930
044180,KD,205,0,0,0,0,0,5477148795,26717799
313760,캐리,468,0,0,0,0,0,5244963048,11207186
052770,아이톡시,312,0,0,0,0,0,4545457488,14568774
225430,케이엠제약,698,0,0,0,0,0,4527001150,6485675
199730,바이오인프라,903,903,903,903,77515,69996045,4392523401,4864367
025870,신라에스지,1059,0,0,0,0,0,4236000000,4000000
011080,형지I&C,559,559,559,559,455122,254413198,3966810458,7096262
058450,한주에이알티,599,0,0,0,0,0,3233385228,5397972
035290,골드앤에스,384,0,0,0,0,0,1830776832,4767648
021045,대호특수강우,1992,2000,2000,1957,1651,3234238,1690196064,848492
312610,에이에프더블류,37,0,0,0,0,0,749504856,20256888
032685,소프트센우,6150,6500,7810,6150,11139,77550810,438876300,71362
