기준일,수출금액,단가,품목명,대분류
2017-01-31,17959693,11.280421,2차전지·배터리소재_동박,2차전지·배터리소재
2017-02-28,19930881,11.726832,2차전지·배터리소재_동박,2차전지·배터리소재
2017-03-31,21138042,11.188439,2차전지·배터리소재_동박,2차전지·배터리소재
2017-04-30,18791772,11.598106,2차전지·배터리소재_동박,2차전지·배터리소재
2017-05-31,20089560,11.569963,2차전지·배터리소재_동박,2차전지·배터리소재
2017-06-30,23638642,11.700447,2차전지·배터리소재_동박,2차전지·배터리소재
2017-07-31,24226873,12.212778,2차전지·배터리소재_동박,2차전지·배터리소재
2017-08-31,25144466,11.857631,2차전지·배터리소재_동박,2차전지·배터리소재
2017-09-30,26389729,12.916354,2차전지·배터리소재_동박,2차전지·배터리소재
2017-10-31,26482974,13.008696,2차전지·배터리소재_동박,2차전지·배터리소재
2017-11-30,28424476,12.946727,2차전지·배터리소재_동박,2차전지·배터리소재
2017-12-31,30836826,13.197743,2차전지·배터리소재_동박,2차전지·배터리소재
2018-01-31,30965541,13.670007,2차전지·배터리소재_동박,2차전지·배터리소재
2018-02-28,27954759,13.544185,2차전지·배터리소재_동박,2차전지·배터리소재
2018-03-31,28816726,13.683438,2차전지·배터리소재_동박,2차전지·배터리소재
2018-04-30,29057574,13.575937,2차전지·배터리소재_동박,2차전지·배터리소재
2018-05-31,27326560,13.570695,2차전지·배터리소재_동박,2차전지·배터리소재
2018-06-30,29586508,13.756399,2차전지·배터리소재_동박,2차전지·배터리소재
2018-07-31,31736812,13.823456,2차전지·배터리소재_동박,2차전지·배터리소재
2018-08-31,31227380,13.534408,2차전지·배터리소재_동박,2차전지·배터리소재
2018-09-30,26819870,13.277309,2차전지·배터리소재_동박,2차전지·배터리소재
2018-10-31,29689356,13.373662,2차전지·배터리소재_동박,2차전지·배터리소재
2018-11-30,30845367,13.36837,2차전지·배터리소재_동박,2차전지·배터리소재
2018-12-31,26398364,13.499593,2차전지·배터리소재_동박,2차전지·배터리소재
2019-01-31,31147166,13.29645,2차전지·배터리소재_동박,2차전지·배터리소재
2019-02-28,27358783,13.107118,2차전지·배터리소재_동박,2차전지·배터리소재
2019-03-31,26764290,13.261047,2차전지·배터리소재_동박,2차전지·배터리소재
2019-04-30,29937514,13.306225,2차전지·배터리소재_동박,2차전지·배터리소재
2019-05-31,34350760,13.321733,2차전지·배터리소재_동박,2차전지·배터리소재
2019-06-30,26868673,13.31129,2차전지·배터리소재_동박,2차전지·배터리소재
2019-07-31,31983333,13.324683,2차전지·배터리소재_동박,2차전지·배터리소재
2019-08-31,31695730,13.2644,2차전지·배터리소재_동박,2차전지·배터리소재
2019-09-30,31265779,13.22455,2차전지·배터리소재_동박,2차전지·배터리소재
2019-10-31,27568761,13.008488,2차전지·배터리소재_동박,2차전지·배터리소재
2019-11-30,27639864,13.021786,2차전지·배터리소재_동박,2차전지·배터리소재
2019-12-31,22129862,12.697119,2차전지·배터리소재_동박,2차전지·배터리소재
2020-01-31,20843122,12.428506,2차전지·배터리소재_동박,2차전지·배터리소재
2020-02-29,22526743,12.760554,2차전지·배터리소재_동박,2차전지·배터리소재
2020-03-31,33881201,12.706545,2차전지·배터리소재_동박,2차전지·배터리소재
2020-04-30,31633316,12.1972,2차전지·배터리소재_동박,2차전지·배터리소재
2020-05-31,26005344,11.918903,2차전지·배터리소재_동박,2차전지·배터리소재
2020-06-30,27181504,11.537958,2차전지·배터리소재_동박,2차전지·배터리소재
2020-07-31,32195699,11.955503,2차전지·배터리소재_동박,2차전지·배터리소재
2020-08-31,36811612,12.490875,2차전지·배터리소재_동박,2차전지·배터리소재
2020-09-30,45879652,12.886089,2차전지·배터리소재_동박,2차전지·배터리소재
2020-10-31,44254421,13.024549,2차전지·배터리소재_동박,2차전지·배터리소재
2020-11-30,46436850,13.261298,2차전지·배터리소재_동박,2차전지·배터리소재
2020-12-31,49890050,13.340372,2차전지·배터리소재_동박,2차전지·배터리소재
2021-01-31,48350407,13.735128,2차전지·배터리소재_동박,2차전지·배터리소재
2021-02-28,43690552,14.063082,2차전지·배터리소재_동박,2차전지·배터리소재
2021-03-31,52592823,14.904798,2차전지·배터리소재_동박,2차전지·배터리소재
2021-04-30,52313589,14.757215,2차전지·배터리소재_동박,2차전지·배터리소재
2021-05-31,55490956,15.280144,2차전지·배터리소재_동박,2차전지·배터리소재
2021-06-30,58032870,15.758992,2차전지·배터리소재_동박,2차전지·배터리소재
2021-07-31,71947990,16.350735,2차전지·배터리소재_동박,2차전지·배터리소재
2021-08-31,70344907,15.658619,2차전지·배터리소재_동박,2차전지·배터리소재
2021-09-30,66540057,15.876496,2차전지·배터리소재_동박,2차전지·배터리소재
2021-10-31,54923683,15.796824,2차전지·배터리소재_동박,2차전지·배터리소재
2021-11-30,56138516,15.802334,2차전지·배터리소재_동박,2차전지·배터리소재
2021-12-31,64344917,16.201072,2차전지·배터리소재_동박,2차전지·배터리소재
2022-01-31,70332486,16.348409,2차전지·배터리소재_동박,2차전지·배터리소재
2022-02-28,66196342,16.364763,2차전지·배터리소재_동박,2차전지·배터리소재
2022-03-31,73257053,16.370341,2차전지·배터리소재_동박,2차전지·배터리소재
2022-04-30,60619494,16.131377,2차전지·배터리소재_동박,2차전지·배터리소재
2022-05-31,64274933,16.520287,2차전지·배터리소재_동박,2차전지·배터리소재
2022-06-30,69846436,16.27264,2차전지·배터리소재_동박,2차전지·배터리소재
2022-07-31,63666157,15.93485,2차전지·배터리소재_동박,2차전지·배터리소재
2022-08-31,67263263,15.251036,2차전지·배터리소재_동박,2차전지·배터리소재
2022-09-30,57782086,14.231363,2차전지·배터리소재_동박,2차전지·배터리소재
2022-10-31,54087881,14.554853,2차전지·배터리소재_동박,2차전지·배터리소재
2022-11-30,53536930,14.037259,2차전지·배터리소재_동박,2차전지·배터리소재
2022-12-31,48544664,13.96023,2차전지·배터리소재_동박,2차전지·배터리소재
2023-01-31,47314301,13.908894,2차전지·배터리소재_동박,2차전지·배터리소재
2023-02-28,47099563,14.251481,2차전지·배터리소재_동박,2차전지·배터리소재
2023-03-31,56711215,14.36871,2차전지·배터리소재_동박,2차전지·배터리소재
2023-04-30,48744330,14.541363,2차전지·배터리소재_동박,2차전지·배터리소재
2023-05-31,58130797,14.071814,2차전지·배터리소재_동박,2차전지·배터리소재
2023-06-30,58472461,14.289479,2차전지·배터리소재_동박,2차전지·배터리소재
2023-07-31,53367339,14.087624,2차전지·배터리소재_동박,2차전지·배터리소재
2023-08-31,55627769,14.143646,2차전지·배터리소재_동박,2차전지·배터리소재
2023-09-30,46885070,14.478666,2차전지·배터리소재_동박,2차전지·배터리소재
2023-10-31,44033440,14.209593,2차전지·배터리소재_동박,2차전지·배터리소재
2023-11-30,34648963,14.225957,2차전지·배터리소재_동박,2차전지·배터리소재
2023-12-31,25791560,14.263435,2차전지·배터리소재_동박,2차전지·배터리소재
2024-01-31,34751531,14.053687,2차전지·배터리소재_동박,2차전지·배터리소재
2024-02-29,27962334,13.650753,2차전지·배터리소재_동박,2차전지·배터리소재
2024-03-31,30848679,13.887506,2차전지·배터리소재_동박,2차전지·배터리소재
2024-04-30,30497105,13.875263,2차전지·배터리소재_동박,2차전지·배터리소재
2024-05-31,28080300,14.426176,2차전지·배터리소재_동박,2차전지·배터리소재
2024-06-30,25172421,14.542128,2차전지·배터리소재_동박,2차전지·배터리소재
2024-07-31,26931779,14.959117,2차전지·배터리소재_동박,2차전지·배터리소재
2024-08-31,23727706,15.575954,2차전지·배터리소재_동박,2차전지·배터리소재
2024-09-30,17233977,15.54991,2차전지·배터리소재_동박,2차전지·배터리소재
2024-10-31,16562331,14.853912,2차전지·배터리소재_동박,2차전지·배터리소재
2024-11-30,18182771,15.007467,2차전지·배터리소재_동박,2차전지·배터리소재
2024-12-31,20096023,14.495667,2차전지·배터리소재_동박,2차전지·배터리소재
2025-01-31,26561442,14.122103,2차전지·배터리소재_동박,2차전지·배터리소재
2025-02-28,25280628,13.613934,2차전지·배터리소재_동박,2차전지·배터리소재
2025-03-31,26637829,13.52408,2차전지·배터리소재_동박,2차전지·배터리소재
2025-04-30,29370555,13.879997,2차전지·배터리소재_동박,2차전지·배터리소재
2025-05-31,32158018,13.813431,2차전지·배터리소재_동박,2차전지·배터리소재
2025-06-30,30976944,14.035356,2차전지·배터리소재_동박,2차전지·배터리소재
2025-07-31,30491749,14.141498,2차전지·배터리소재_동박,2차전지·배터리소재
2025-08-31,30017826,14.270537,2차전지·배터리소재_동박,2차전지·배터리소재
2025-09-30,33157011,14.245738,2차전지·배터리소재_동박,2차전지·배터리소재
2025-10-31,18569577,14.667073,2차전지·배터리소재_동박,2차전지·배터리소재
2025-11-30,23554322,14.472466,2차전지·배터리소재_동박,2차전지·배터리소재
2025-12-31,26411670,14.677723,2차전지·배터리소재_동박,2차전지·배터리소재
2026-01-31,26464530,15.116704,2차전지·배터리소재_동박,2차전지·배터리소재
2026-02-28,26777092,15.741522,2차전지·배터리소재_동박,2차전지·배터리소재
2026-03-31,28650096,16.510377,2차전지·배터리소재_동박,2차전지·배터리소재
2026-04-30,38940202,16.746586,2차전지·배터리소재_동박,2차전지·배터리소재
2026-05-31,29265708,17.257402,2차전지·배터리소재_동박,2차전지·배터리소재
2026-06-30,32920155,17.564666,2차전지·배터리소재_동박,2차전지·배터리소재
2026-07-31,28029366,19.16371,2차전지·배터리소재_동박,2차전지·배터리소재
2017-01-31,34959431,17.010678,2차전지·배터리소재_분리막,2차전지·배터리소재
2017-02-28,43463296,19.672064,2차전지·배터리소재_분리막,2차전지·배터리소재
2017-03-31,52834197,21.844679,2차전지·배터리소재_분리막,2차전지·배터리소재
2017-04-30,50919758,23.631525,2차전지·배터리소재_분리막,2차전지·배터리소재
2017-05-31,53659336,28.595175,2차전지·배터리소재_분리막,2차전지·배터리소재
2017-06-30,52936675,27.496944,2차전지·배터리소재_분리막,2차전지·배터리소재
2017-07-31,59151649,30.939384,2차전지·배터리소재_분리막,2차전지·배터리소재
2017-08-31,73638630,35.380159,2차전지·배터리소재_분리막,2차전지·배터리소재
2017-09-30,61341783,32.770337,2차전지·배터리소재_분리막,2차전지·배터리소재
2017-10-31,40239999,25.777693,2차전지·배터리소재_분리막,2차전지·배터리소재
2017-11-30,53986898,27.844224,2차전지·배터리소재_분리막,2차전지·배터리소재
2017-12-31,78623655,41.000019,2차전지·배터리소재_분리막,2차전지·배터리소재
2018-01-31,50825642,28.860544,2차전지·배터리소재_분리막,2차전지·배터리소재
2018-02-28,52395019,31.775349,2차전지·배터리소재_분리막,2차전지·배터리소재
2018-03-31,67513117,35.700402,2차전지·배터리소재_분리막,2차전지·배터리소재
2018-04-30,63253486,34.541905,2차전지·배터리소재_분리막,2차전지·배터리소재
2018-05-31,68193895,37.905311,2차전지·배터리소재_분리막,2차전지·배터리소재
2018-06-30,75639499,43.522078,2차전지·배터리소재_분리막,2차전지·배터리소재
2018-07-31,69095497,37.377611,2차전지·배터리소재_분리막,2차전지·배터리소재
2018-08-31,81909584,38.97869,2차전지·배터리소재_분리막,2차전지·배터리소재
2018-09-30,77746128,41.206972,2차전지·배터리소재_분리막,2차전지·배터리소재
2018-10-31,87236025,39.506925,2차전지·배터리소재_분리막,2차전지·배터리소재
2018-11-30,93620155,39.832218,2차전지·배터리소재_분리막,2차전지·배터리소재
2018-12-31,79055127,41.651936,2차전지·배터리소재_분리막,2차전지·배터리소재
2019-01-31,89728043,41.511683,2차전지·배터리소재_분리막,2차전지·배터리소재
2019-02-28,85359058,46.515812,2차전지·배터리소재_분리막,2차전지·배터리소재
2019-03-31,87063103,40.633981,2차전지·배터리소재_분리막,2차전지·배터리소재
2019-04-30,88511632,40.122466,2차전지·배터리소재_분리막,2차전지·배터리소재
2019-05-31,92164625,38.988782,2차전지·배터리소재_분리막,2차전지·배터리소재
2019-06-30,88468228,41.341602,2차전지·배터리소재_분리막,2차전지·배터리소재
2019-07-31,96688014,38.225183,2차전지·배터리소재_분리막,2차전지·배터리소재
2019-08-31,102404560,44.427508,2차전지·배터리소재_분리막,2차전지·배터리소재
2019-09-30,109290977,44.309751,2차전지·배터리소재_분리막,2차전지·배터리소재
2019-10-31,102279724,38.33841,2차전지·배터리소재_분리막,2차전지·배터리소재
2019-11-30,97812327,40.19907,2차전지·배터리소재_분리막,2차전지·배터리소재
2019-12-31,131707256,40.884607,2차전지·배터리소재_분리막,2차전지·배터리소재
2020-01-31,111574763,44.013007,2차전지·배터리소재_분리막,2차전지·배터리소재
2020-02-29,100272748,36.629417,2차전지·배터리소재_분리막,2차전지·배터리소재
2020-03-31,132653399,39.532427,2차전지·배터리소재_분리막,2차전지·배터리소재
2020-04-30,96076388,35.604705,2차전지·배터리소재_분리막,2차전지·배터리소재
2020-05-31,84743412,40.429531,2차전지·배터리소재_분리막,2차전지·배터리소재
2020-06-30,94567699,37.928322,2차전지·배터리소재_분리막,2차전지·배터리소재
2020-07-31,120095867,36.809036,2차전지·배터리소재_분리막,2차전지·배터리소재
2020-08-31,117796407,40.342293,2차전지·배터리소재_분리막,2차전지·배터리소재
2020-09-30,134024997,35.884947,2차전지·배터리소재_분리막,2차전지·배터리소재
2020-10-31,143924576,43.232619,2차전지·배터리소재_분리막,2차전지·배터리소재
2020-11-30,144089694,42.176039,2차전지·배터리소재_분리막,2차전지·배터리소재
2020-12-31,164430269,42.713925,2차전지·배터리소재_분리막,2차전지·배터리소재
2021-01-31,135248349,41.994789,2차전지·배터리소재_분리막,2차전지·배터리소재
2021-02-28,145433977,44.450044,2차전지·배터리소재_분리막,2차전지·배터리소재
2021-03-31,153552947,40.61864,2차전지·배터리소재_분리막,2차전지·배터리소재
2021-04-30,127496579,38.149382,2차전지·배터리소재_분리막,2차전지·배터리소재
2021-05-31,121721178,40.106069,2차전지·배터리소재_분리막,2차전지·배터리소재
2021-06-30,116631265,40.290053,2차전지·배터리소재_분리막,2차전지·배터리소재
2021-07-31,121952053,37.97299,2차전지·배터리소재_분리막,2차전지·배터리소재
2021-08-31,121923385,39.619774,2차전지·배터리소재_분리막,2차전지·배터리소재
2021-09-30,118269946,41.144679,2차전지·배터리소재_분리막,2차전지·배터리소재
2021-10-31,116430843,39.01825,2차전지·배터리소재_분리막,2차전지·배터리소재
2021-11-30,109338842,38.192972,2차전지·배터리소재_분리막,2차전지·배터리소재
2021-12-31,124911520,43.026567,2차전지·배터리소재_분리막,2차전지·배터리소재
2022-01-31,110374295,41.011724,2차전지·배터리소재_분리막,2차전지·배터리소재
2022-02-28,104212152,41.981483,2차전지·배터리소재_분리막,2차전지·배터리소재
2022-03-31,110425931,41.897681,2차전지·배터리소재_분리막,2차전지·배터리소재
2022-04-30,100254997,40.185431,2차전지·배터리소재_분리막,2차전지·배터리소재
2022-05-31,103653205,41.635237,2차전지·배터리소재_분리막,2차전지·배터리소재
2022-06-30,104265010,43.074023,2차전지·배터리소재_분리막,2차전지·배터리소재
2022-07-31,104320363,38.687263,2차전지·배터리소재_분리막,2차전지·배터리소재
2022-08-31,104459234,46.163772,2차전지·배터리소재_분리막,2차전지·배터리소재
2022-09-30,98888225,39.453103,2차전지·배터리소재_분리막,2차전지·배터리소재
2022-10-31,92578283,38.307841,2차전지·배터리소재_분리막,2차전지·배터리소재
2022-11-30,88696639,40.717359,2차전지·배터리소재_분리막,2차전지·배터리소재
2022-12-31,99064243,40.104474,2차전지·배터리소재_분리막,2차전지·배터리소재
2023-01-31,92293468,42.724383,2차전지·배터리소재_분리막,2차전지·배터리소재
2023-02-28,106277538,42.641697,2차전지·배터리소재_분리막,2차전지·배터리소재
2023-03-31,90966606,36.40448,2차전지·배터리소재_분리막,2차전지·배터리소재
2023-04-30,85860602,39.48649,2차전지·배터리소재_분리막,2차전지·배터리소재
2023-05-31,96799786,43.183386,2차전지·배터리소재_분리막,2차전지·배터리소재
2023-06-30,109108943,42.158383,2차전지·배터리소재_분리막,2차전지·배터리소재
2023-07-31,96322057,42.249922,2차전지·배터리소재_분리막,2차전지·배터리소재
2023-08-31,110269257,45.725296,2차전지·배터리소재_분리막,2차전지·배터리소재
2023-09-30,91038830,43.877596,2차전지·배터리소재_분리막,2차전지·배터리소재
2023-10-31,80852074,36.880308,2차전지·배터리소재_분리막,2차전지·배터리소재
2023-11-30,88941041,38.622317,2차전지·배터리소재_분리막,2차전지·배터리소재
2023-12-31,80424577,39.402913,2차전지·배터리소재_분리막,2차전지·배터리소재
2024-01-31,89696872,37.13053,2차전지·배터리소재_분리막,2차전지·배터리소재
2024-02-29,95392644,38.371061,2차전지·배터리소재_분리막,2차전지·배터리소재
2024-03-31,79365290,35.777958,2차전지·배터리소재_분리막,2차전지·배터리소재
2024-04-30,93316472,36.878306,2차전지·배터리소재_분리막,2차전지·배터리소재
2024-05-31,98875577,36.731868,2차전지·배터리소재_분리막,2차전지·배터리소재
2024-06-30,88444801,37.531253,2차전지·배터리소재_분리막,2차전지·배터리소재
2024-07-31,103181184,38.353045,2차전지·배터리소재_분리막,2차전지·배터리소재
2024-08-31,74712848,31.071052,2차전지·배터리소재_분리막,2차전지·배터리소재
2024-09-30,57853932,31.703636,2차전지·배터리소재_분리막,2차전지·배터리소재
2024-10-31,57956630,32.687479,2차전지·배터리소재_분리막,2차전지·배터리소재
2024-11-30,60204724,32.552327,2차전지·배터리소재_분리막,2차전지·배터리소재
2024-12-31,63499023,30.684275,2차전지·배터리소재_분리막,2차전지·배터리소재
2025-01-31,60513345,36.147115,2차전지·배터리소재_분리막,2차전지·배터리소재
2025-02-28,59898442,32.945237,2차전지·배터리소재_분리막,2차전지·배터리소재
2025-03-31,59567198,31.383684,2차전지·배터리소재_분리막,2차전지·배터리소재
2025-04-30,75151989,35.138506,2차전지·배터리소재_분리막,2차전지·배터리소재
2025-05-31,69488807,36.115397,2차전지·배터리소재_분리막,2차전지·배터리소재
2025-06-30,76482724,38.629144,2차전지·배터리소재_분리막,2차전지·배터리소재
2025-07-31,70093007,35.037767,2차전지·배터리소재_분리막,2차전지·배터리소재
2025-08-31,64911515,32.24471,2차전지·배터리소재_분리막,2차전지·배터리소재
2025-09-30,76453839,33.988741,2차전지·배터리소재_분리막,2차전지·배터리소재
2025-10-31,53483228,31.641365,2차전지·배터리소재_분리막,2차전지·배터리소재
2025-11-30,52082078,34.446272,2차전지·배터리소재_분리막,2차전지·배터리소재
2025-12-31,59788233,31.487343,2차전지·배터리소재_분리막,2차전지·배터리소재
2026-01-31,58850636,31.81873,2차전지·배터리소재_분리막,2차전지·배터리소재
2026-02-28,52283063,31.64845,2차전지·배터리소재_분리막,2차전지·배터리소재
2026-03-31,66428777,29.931793,2차전지·배터리소재_분리막,2차전지·배터리소재
2026-04-30,72872036,34.074813,2차전지·배터리소재_분리막,2차전지·배터리소재
2026-05-31,59590506,33.347469,2차전지·배터리소재_분리막,2차전지·배터리소재
2026-06-30,70413918,33.286429,2차전지·배터리소재_분리막,2차전지·배터리소재
2026-07-31,82008139,34.705757,2차전지·배터리소재_분리막,2차전지·배터리소재
2026-08-31,63563793,35.411573,2차전지·배터리소재_분리막,2차전지·배터리소재
2017-01-31,254493777,33.828284,2차전지·배터리소재_셀 모듈 팩,2차전지·배터리소재
2017-02-28,268542576,34.812252,2차전지·배터리소재_셀 모듈 팩,2차전지·배터리소재
2017-03-31,282879884,34.465636,2차전지·배터리소재_셀 모듈 팩,2차전지·배터리소재
2017-04-30,273735908,34.760258,2차전지·배터리소재_셀 모듈 팩,2차전지·배터리소재
2017-05-31,315611998,34.672131,2차전지·배터리소재_셀 모듈 팩,2차전지·배터리소재
2017-06-30,274076334,35.383846,2차전지·배터리소재_셀 모듈 팩,2차전지·배터리소재
2017-07-31,292830512,35.358103,2차전지·배터리소재_셀 모듈 팩,2차전지·배터리소재
2017-08-31,328332713,35.398217,2차전지·배터리소재_셀 모듈 팩,2차전지·배터리소재
2017-09-30,315580769,35.118492,2차전지·배터리소재_셀 모듈 팩,2차전지·배터리소재
2017-10-31,284645876,35.56425,2차전지·배터리소재_셀 모듈 팩,2차전지·배터리소재
2017-11-30,305126727,34.792297,2차전지·배터리소재_셀 모듈 팩,2차전지·배터리소재
2017-12-31,321500337,36.473825,2차전지·배터리소재_셀 모듈 팩,2차전지·배터리소재
2018-01-31,353558858,36.138124,2차전지·배터리소재_셀 모듈 팩,2차전지·배터리소재
2018-02-28,303981998,36.120029,2차전지·배터리소재_셀 모듈 팩,2차전지·배터리소재
2018-03-31,354783546,35.518018,2차전지·배터리소재_셀 모듈 팩,2차전지·배터리소재
2018-04-30,342143369,35.579601,2차전지·배터리소재_셀 모듈 팩,2차전지·배터리소재
2018-05-31,357099789,36.212848,2차전지·배터리소재_셀 모듈 팩,2차전지·배터리소재
2018-06-30,339175036,35.413742,2차전지·배터리소재_셀 모듈 팩,2차전지·배터리소재
2018-07-31,384465384,36.346705,2차전지·배터리소재_셀 모듈 팩,2차전지·배터리소재
2018-08-31,393319955,36.625328,2차전지·배터리소재_셀 모듈 팩,2차전지·배터리소재
2018-09-30,346511815,37.202194,2차전지·배터리소재_셀 모듈 팩,2차전지·배터리소재
2018-10-31,432405107,37.236598,2차전지·배터리소재_셀 모듈 팩,2차전지·배터리소재
2018-11-30,419891387,37.547533,2차전지·배터리소재_셀 모듈 팩,2차전지·배터리소재
2018-12-31,358940224,38.308879,2차전지·배터리소재_셀 모듈 팩,2차전지·배터리소재
2019-01-31,405084010,39.165855,2차전지·배터리소재_셀 모듈 팩,2차전지·배터리소재
2019-02-28,340790449,40.477321,2차전지·배터리소재_셀 모듈 팩,2차전지·배터리소재
2019-03-31,416825323,38.794884,2차전지·배터리소재_셀 모듈 팩,2차전지·배터리소재
2019-04-30,401260679,39.054521,2차전지·배터리소재_셀 모듈 팩,2차전지·배터리소재
2019-05-31,389154340,38.473565,2차전지·배터리소재_셀 모듈 팩,2차전지·배터리소재
2019-06-30,354137783,39.080312,2차전지·배터리소재_셀 모듈 팩,2차전지·배터리소재
2019-07-31,375908352,38.443377,2차전지·배터리소재_셀 모듈 팩,2차전지·배터리소재
2019-08-31,416573160,36.574235,2차전지·배터리소재_셀 모듈 팩,2차전지·배터리소재
2019-09-30,383367292,36.669252,2차전지·배터리소재_셀 모듈 팩,2차전지·배터리소재
2019-10-31,394275474,37.540283,2차전지·배터리소재_셀 모듈 팩,2차전지·배터리소재
2019-11-30,356658650,38.04715,2차전지·배터리소재_셀 모듈 팩,2차전지·배터리소재
2019-12-31,449087151,35.881265,2차전지·배터리소재_셀 모듈 팩,2차전지·배터리소재
2020-01-31,355033937,38.472042,2차전지·배터리소재_셀 모듈 팩,2차전지·배터리소재
2020-02-29,355659076,37.618341,2차전지·배터리소재_셀 모듈 팩,2차전지·배터리소재
2020-03-31,399750641,37.30454,2차전지·배터리소재_셀 모듈 팩,2차전지·배터리소재
2020-04-30,360331407,37.875152,2차전지·배터리소재_셀 모듈 팩,2차전지·배터리소재
2020-05-31,378264626,36.646951,2차전지·배터리소재_셀 모듈 팩,2차전지·배터리소재
2020-06-30,365376222,36.426545,2차전지·배터리소재_셀 모듈 팩,2차전지·배터리소재
2020-07-31,356593613,36.637927,2차전지·배터리소재_셀 모듈 팩,2차전지·배터리소재
2020-08-31,426686857,35.866473,2차전지·배터리소재_셀 모듈 팩,2차전지·배터리소재
2020-09-30,504126538,34.251895,2차전지·배터리소재_셀 모듈 팩,2차전지·배터리소재
2020-10-31,457633813,33.667031,2차전지·배터리소재_셀 모듈 팩,2차전지·배터리소재
2020-11-30,455972011,32.740234,2차전지·배터리소재_셀 모듈 팩,2차전지·배터리소재
2020-12-31,466246174,33.550819,2차전지·배터리소재_셀 모듈 팩,2차전지·배터리소재
2021-01-31,404733139,33.239103,2차전지·배터리소재_셀 모듈 팩,2차전지·배터리소재
2021-02-28,394540131,33.604398,2차전지·배터리소재_셀 모듈 팩,2차전지·배터리소재
2021-03-31,510166114,31.565261,2차전지·배터리소재_셀 모듈 팩,2차전지·배터리소재
2021-04-30,465628108,31.377348,2차전지·배터리소재_셀 모듈 팩,2차전지·배터리소재
2021-05-31,487469963,31.228007,2차전지·배터리소재_셀 모듈 팩,2차전지·배터리소재
2021-06-30,544493573,31.436178,2차전지·배터리소재_셀 모듈 팩,2차전지·배터리소재
2021-07-31,529163225,31.267159,2차전지·배터리소재_셀 모듈 팩,2차전지·배터리소재
2021-08-31,474324344,30.785659,2차전지·배터리소재_셀 모듈 팩,2차전지·배터리소재
2021-09-30,498920296,31.703722,2차전지·배터리소재_셀 모듈 팩,2차전지·배터리소재
2021-10-31,455459839,33.197761,2차전지·배터리소재_셀 모듈 팩,2차전지·배터리소재
2021-11-30,489388186,33.175708,2차전지·배터리소재_셀 모듈 팩,2차전지·배터리소재
2021-12-31,507163874,33.117073,2차전지·배터리소재_셀 모듈 팩,2차전지·배터리소재
2022-01-31,472619873,33.842649,2차전지·배터리소재_셀 모듈 팩,2차전지·배터리소재
2022-02-28,464894889,33.300804,2차전지·배터리소재_셀 모듈 팩,2차전지·배터리소재
2022-03-31,589354728,33.231826,2차전지·배터리소재_셀 모듈 팩,2차전지·배터리소재
2022-04-30,556135902,34.83865,2차전지·배터리소재_셀 모듈 팩,2차전지·배터리소재
2022-05-31,593979495,32.212399,2차전지·배터리소재_셀 모듈 팩,2차전지·배터리소재
2022-06-30,586551246,32.382114,2차전지·배터리소재_셀 모듈 팩,2차전지·배터리소재
2022-07-31,658628741,35.114642,2차전지·배터리소재_셀 모듈 팩,2차전지·배터리소재
2022-08-31,743860532,38.057123,2차전지·배터리소재_셀 모듈 팩,2차전지·배터리소재
2022-09-30,739691995,39.008341,2차전지·배터리소재_셀 모듈 팩,2차전지·배터리소재
2022-10-31,607829590,37.773101,2차전지·배터리소재_셀 모듈 팩,2차전지·배터리소재
2022-11-30,545816333,40.383165,2차전지·배터리소재_셀 모듈 팩,2차전지·배터리소재
2022-12-31,762157060,38.944778,2차전지·배터리소재_셀 모듈 팩,2차전지·배터리소재
2023-01-31,612272386,40.000495,2차전지·배터리소재_셀 모듈 팩,2차전지·배터리소재
2023-02-28,664646174,37.443367,2차전지·배터리소재_셀 모듈 팩,2차전지·배터리소재
2023-03-31,658440964,39.991202,2차전지·배터리소재_셀 모듈 팩,2차전지·배터리소재
2023-04-30,570465924,41.340358,2차전지·배터리소재_셀 모듈 팩,2차전지·배터리소재
2023-05-31,589495260,41.888904,2차전지·배터리소재_셀 모듈 팩,2차전지·배터리소재
2023-06-30,714604711,40.050544,2차전지·배터리소재_셀 모듈 팩,2차전지·배터리소재
2023-07-31,520456709,39.406701,2차전지·배터리소재_셀 모듈 팩,2차전지·배터리소재
2023-08-31,532043338,38.641519,2차전지·배터리소재_셀 모듈 팩,2차전지·배터리소재
2023-09-30,551386915,37.738079,2차전지·배터리소재_셀 모듈 팩,2차전지·배터리소재
2023-10-31,454713873,37.95705,2차전지·배터리소재_셀 모듈 팩,2차전지·배터리소재
2023-11-30,669849760,32.333256,2차전지·배터리소재_셀 모듈 팩,2차전지·배터리소재
2023-12-31,744984128,29.90313,2차전지·배터리소재_셀 모듈 팩,2차전지·배터리소재
2024-01-31,370481175,33.69756,2차전지·배터리소재_셀 모듈 팩,2차전지·배터리소재
2024-02-29,438674595,34.309748,2차전지·배터리소재_셀 모듈 팩,2차전지·배터리소재
2024-03-31,439883131,32.175452,2차전지·배터리소재_셀 모듈 팩,2차전지·배터리소재
2024-04-30,376329330,33.538656,2차전지·배터리소재_셀 모듈 팩,2차전지·배터리소재
2024-05-31,418054814,30.431152,2차전지·배터리소재_셀 모듈 팩,2차전지·배터리소재
2024-06-30,529319426,25.861755,2차전지·배터리소재_셀 모듈 팩,2차전지·배터리소재
2024-07-31,490938199,25.184163,2차전지·배터리소재_셀 모듈 팩,2차전지·배터리소재
2024-08-31,491429357,24.295506,2차전지·배터리소재_셀 모듈 팩,2차전지·배터리소재
2024-09-30,471101059,25.017117,2차전지·배터리소재_셀 모듈 팩,2차전지·배터리소재
2024-10-31,401443955,28.311258,2차전지·배터리소재_셀 모듈 팩,2차전지·배터리소재
2024-11-30,410026685,24.331497,2차전지·배터리소재_셀 모듈 팩,2차전지·배터리소재
2024-12-31,574555646,23.49771,2차전지·배터리소재_셀 모듈 팩,2차전지·배터리소재
2025-01-31,302149775,25.068904,2차전지·배터리소재_셀 모듈 팩,2차전지·배터리소재
2025-02-28,367382006,26.627206,2차전지·배터리소재_셀 모듈 팩,2차전지·배터리소재
2025-03-31,369609845,25.157986,2차전지·배터리소재_셀 모듈 팩,2차전지·배터리소재
2025-04-30,402519947,28.846675,2차전지·배터리소재_셀 모듈 팩,2차전지·배터리소재
2025-05-31,284166567,28.457465,2차전지·배터리소재_셀 모듈 팩,2차전지·배터리소재
2025-06-30,353383909,25.087913,2차전지·배터리소재_셀 모듈 팩,2차전지·배터리소재
2025-07-31,337743568,24.895282,2차전지·배터리소재_셀 모듈 팩,2차전지·배터리소재
2025-08-31,290262264,25.636948,2차전지·배터리소재_셀 모듈 팩,2차전지·배터리소재
2025-09-30,369093306,25.25196,2차전지·배터리소재_셀 모듈 팩,2차전지·배터리소재
2025-10-31,332392107,23.544618,2차전지·배터리소재_셀 모듈 팩,2차전지·배터리소재
2025-11-30,434957501,25.970686,2차전지·배터리소재_셀 모듈 팩,2차전지·배터리소재
2025-12-31,453328211,24.332137,2차전지·배터리소재_셀 모듈 팩,2차전지·배터리소재
2026-01-31,297435610,26.317391,2차전지·배터리소재_셀 모듈 팩,2차전지·배터리소재
2026-02-28,366030672,26.395205,2차전지·배터리소재_셀 모듈 팩,2차전지·배터리소재
2026-03-31,591187091,28.728735,2차전지·배터리소재_셀 모듈 팩,2차전지·배터리소재
2026-04-30,363714789,29.3584,2차전지·배터리소재_셀 모듈 팩,2차전지·배터리소재
2026-05-31,433579518,26.00946,2차전지·배터리소재_셀 모듈 팩,2차전지·배터리소재
2026-06-30,382684156,31.613692,2차전지·배터리소재_셀 모듈 팩,2차전지·배터리소재
2026-07-31,363908844,31.485559,2차전지·배터리소재_셀 모듈 팩,2차전지·배터리소재
2026-08-31,304112037,30.052512,2차전지·배터리소재_셀 모듈 팩,2차전지·배터리소재
2017-01-31,24214406,5.007629,2차전지·배터리소재_알루미늄박,2차전지·배터리소재
2017-02-28,26296123,4.883969,2차전지·배터리소재_알루미늄박,2차전지·배터리소재
2017-03-31,30179112,5.153968,2차전지·배터리소재_알루미늄박,2차전지·배터리소재
2017-04-30,28115022,5.110797,2차전지·배터리소재_알루미늄박,2차전지·배터리소재
2017-05-31,29523372,5.061624,2차전지·배터리소재_알루미늄박,2차전지·배터리소재
2017-06-30,31703702,5.375052,2차전지·배터리소재_알루미늄박,2차전지·배터리소재
2017-07-31,28563226,5.265353,2차전지·배터리소재_알루미늄박,2차전지·배터리소재
2017-08-31,29596377,5.069173,2차전지·배터리소재_알루미늄박,2차전지·배터리소재
2017-09-30,31670214,5.318906,2차전지·배터리소재_알루미늄박,2차전지·배터리소재
2017-10-31,28034974,5.42199,2차전지·배터리소재_알루미늄박,2차전지·배터리소재
2017-11-30,32456218,5.482264,2차전지·배터리소재_알루미늄박,2차전지·배터리소재
2017-12-31,32703878,5.444001,2차전지·배터리소재_알루미늄박,2차전지·배터리소재
2018-01-31,35412924,5.233928,2차전지·배터리소재_알루미늄박,2차전지·배터리소재
2018-02-28,31732849,5.335759,2차전지·배터리소재_알루미늄박,2차전지·배터리소재
2018-03-31,38639680,5.580262,2차전지·배터리소재_알루미늄박,2차전지·배터리소재
2018-04-30,35654288,5.43456,2차전지·배터리소재_알루미늄박,2차전지·배터리소재
2018-05-31,37268527,5.706358,2차전지·배터리소재_알루미늄박,2차전지·배터리소재
2018-06-30,36917663,5.859577,2차전지·배터리소재_알루미늄박,2차전지·배터리소재
2018-07-31,35139722,5.778661,2차전지·배터리소재_알루미늄박,2차전지·배터리소재
2018-08-31,33748333,5.941875,2차전지·배터리소재_알루미늄박,2차전지·배터리소재
2018-09-30,28510485,5.583682,2차전지·배터리소재_알루미늄박,2차전지·배터리소재
2018-10-31,36750420,5.814846,2차전지·배터리소재_알루미늄박,2차전지·배터리소재
2018-11-30,33806268,5.887313,2차전지·배터리소재_알루미늄박,2차전지·배터리소재
2018-12-31,30775150,5.563003,2차전지·배터리소재_알루미늄박,2차전지·배터리소재
2019-01-31,37295601,5.630079,2차전지·배터리소재_알루미늄박,2차전지·배터리소재
2019-02-28,28601184,5.407622,2차전지·배터리소재_알루미늄박,2차전지·배터리소재
2019-03-31,33167049,5.241921,2차전지·배터리소재_알루미늄박,2차전지·배터리소재
2019-04-30,33788146,5.181517,2차전지·배터리소재_알루미늄박,2차전지·배터리소재
2019-05-31,32320565,5.231576,2차전지·배터리소재_알루미늄박,2차전지·배터리소재
2019-06-30,29674211,5.127833,2차전지·배터리소재_알루미늄박,2차전지·배터리소재
2019-07-31,29922905,5.287043,2차전지·배터리소재_알루미늄박,2차전지·배터리소재
2019-08-31,28360888,5.25344,2차전지·배터리소재_알루미늄박,2차전지·배터리소재
2019-09-30,27456356,5.024768,2차전지·배터리소재_알루미늄박,2차전지·배터리소재
2019-10-31,29853124,5.039494,2차전지·배터리소재_알루미늄박,2차전지·배터리소재
2019-11-30,28045998,5.305008,2차전지·배터리소재_알루미늄박,2차전지·배터리소재
2019-12-31,26590637,4.895318,2차전지·배터리소재_알루미늄박,2차전지·배터리소재
2020-01-31,28078050,5.008033,2차전지·배터리소재_알루미늄박,2차전지·배터리소재
2020-02-29,28026002,4.953188,2차전지·배터리소재_알루미늄박,2차전지·배터리소재
2020-03-31,33278081,4.906076,2차전지·배터리소재_알루미늄박,2차전지·배터리소재
2020-04-30,32454313,4.928483,2차전지·배터리소재_알루미늄박,2차전지·배터리소재
2020-05-31,30888064,4.888493,2차전지·배터리소재_알루미늄박,2차전지·배터리소재
2020-06-30,29717268,4.602992,2차전지·배터리소재_알루미늄박,2차전지·배터리소재
2020-07-31,31228689,4.653479,2차전지·배터리소재_알루미늄박,2차전지·배터리소재
2020-08-31,29509875,4.762298,2차전지·배터리소재_알루미늄박,2차전지·배터리소재
2020-09-30,34480060,4.806917,2차전지·배터리소재_알루미늄박,2차전지·배터리소재
2020-10-31,34516544,5.067284,2차전지·배터리소재_알루미늄박,2차전지·배터리소재
2020-11-30,37558350,5.134244,2차전지·배터리소재_알루미늄박,2차전지·배터리소재
2020-12-31,41396777,5.303375,2차전지·배터리소재_알루미늄박,2차전지·배터리소재
2021-01-31,36051105,5.564521,2차전지·배터리소재_알루미늄박,2차전지·배터리소재
2021-02-28,34375535,5.21446,2차전지·배터리소재_알루미늄박,2차전지·배터리소재
2021-03-31,42501418,5.564857,2차전지·배터리소재_알루미늄박,2차전지·배터리소재
2021-04-30,42273623,5.64099,2차전지·배터리소재_알루미늄박,2차전지·배터리소재
2021-05-31,44342012,6.350147,2차전지·배터리소재_알루미늄박,2차전지·배터리소재
2021-06-30,43385526,5.586756,2차전지·배터리소재_알루미늄박,2차전지·배터리소재
2021-07-31,42300522,5.937897,2차전지·배터리소재_알루미늄박,2차전지·배터리소재
2021-08-31,41726569,5.808875,2차전지·배터리소재_알루미늄박,2차전지·배터리소재
2021-09-30,41784763,6.052407,2차전지·배터리소재_알루미늄박,2차전지·배터리소재
2021-10-31,45744951,6.089385,2차전지·배터리소재_알루미늄박,2차전지·배터리소재
2021-11-30,48617215,6.370269,2차전지·배터리소재_알루미늄박,2차전지·배터리소재
2021-12-31,49993978,6.434245,2차전지·배터리소재_알루미늄박,2차전지·배터리소재
2022-01-31,53933051,6.275813,2차전지·배터리소재_알루미늄박,2차전지·배터리소재
2022-02-28,44126884,6.585638,2차전지·배터리소재_알루미늄박,2차전지·배터리소재
2022-03-31,59512430,6.663814,2차전지·배터리소재_알루미늄박,2차전지·배터리소재
2022-04-30,57050357,6.975441,2차전지·배터리소재_알루미늄박,2차전지·배터리소재
2022-05-31,60373467,6.985248,2차전지·배터리소재_알루미늄박,2차전지·배터리소재
2022-06-30,52903960,6.868749,2차전지·배터리소재_알루미늄박,2차전지·배터리소재
2022-07-31,49589153,6.695716,2차전지·배터리소재_알루미늄박,2차전지·배터리소재
2022-08-31,51004106,6.678325,2차전지·배터리소재_알루미늄박,2차전지·배터리소재
2022-09-30,50778939,6.491626,2차전지·배터리소재_알루미늄박,2차전지·배터리소재
2022-10-31,48852358,6.552461,2차전지·배터리소재_알루미늄박,2차전지·배터리소재
2022-11-30,43695927,6.501326,2차전지·배터리소재_알루미늄박,2차전지·배터리소재
2022-12-31,45803848,6.503943,2차전지·배터리소재_알루미늄박,2차전지·배터리소재
2023-01-31,42651370,6.384383,2차전지·배터리소재_알루미늄박,2차전지·배터리소재
2023-02-28,40852745,6.474386,2차전지·배터리소재_알루미늄박,2차전지·배터리소재
2023-03-31,40519964,6.626217,2차전지·배터리소재_알루미늄박,2차전지·배터리소재
2023-04-30,38298824,7.042887,2차전지·배터리소재_알루미늄박,2차전지·배터리소재
2023-05-31,38224038,6.584945,2차전지·배터리소재_알루미늄박,2차전지·배터리소재
2023-06-30,37089791,6.643412,2차전지·배터리소재_알루미늄박,2차전지·배터리소재
2023-07-31,32299137,6.616385,2차전지·배터리소재_알루미늄박,2차전지·배터리소재
2023-08-31,35983207,6.264481,2차전지·배터리소재_알루미늄박,2차전지·배터리소재
2023-09-30,34099389,6.235082,2차전지·배터리소재_알루미늄박,2차전지·배터리소재
2023-10-31,34738254,6.308042,2차전지·배터리소재_알루미늄박,2차전지·배터리소재
2023-11-30,35770846,6.239099,2차전지·배터리소재_알루미늄박,2차전지·배터리소재
2023-12-31,32663660,6.247557,2차전지·배터리소재_알루미늄박,2차전지·배터리소재
2024-01-31,36022941,6.080644,2차전지·배터리소재_알루미늄박,2차전지·배터리소재
2024-02-29,34841304,6.217687,2차전지·배터리소재_알루미늄박,2차전지·배터리소재
2024-03-31,38141692,6.158888,2차전지·배터리소재_알루미늄박,2차전지·배터리소재
2024-04-30,38141597,6.224144,2차전지·배터리소재_알루미늄박,2차전지·배터리소재
2024-05-31,39378935,6.249168,2차전지·배터리소재_알루미늄박,2차전지·배터리소재
2024-06-30,37227414,6.069178,2차전지·배터리소재_알루미늄박,2차전지·배터리소재
2024-07-31,38467611,6.403921,2차전지·배터리소재_알루미늄박,2차전지·배터리소재
2024-08-31,36754376,6.533612,2차전지·배터리소재_알루미늄박,2차전지·배터리소재
2024-09-30,35610845,6.277255,2차전지·배터리소재_알루미늄박,2차전지·배터리소재
2024-10-31,38245212,6.179243,2차전지·배터리소재_알루미늄박,2차전지·배터리소재
2024-11-30,34524512,6.470966,2차전지·배터리소재_알루미늄박,2차전지·배터리소재
2024-12-31,38130924,6.31816,2차전지·배터리소재_알루미늄박,2차전지·배터리소재
2025-01-31,36387057,5.990578,2차전지·배터리소재_알루미늄박,2차전지·배터리소재
2025-02-28,37407873,6.163014,2차전지·배터리소재_알루미늄박,2차전지·배터리소재
2025-03-31,38714957,6.201096,2차전지·배터리소재_알루미늄박,2차전지·배터리소재
2025-04-30,39821719,6.244983,2차전지·배터리소재_알루미늄박,2차전지·배터리소재
2025-05-31,40671564,6.426045,2차전지·배터리소재_알루미늄박,2차전지·배터리소재
2025-06-30,39561634,6.241704,2차전지·배터리소재_알루미늄박,2차전지·배터리소재
2025-07-31,45616427,6.169823,2차전지·배터리소재_알루미늄박,2차전지·배터리소재
2025-08-31,41510613,6.38565,2차전지·배터리소재_알루미늄박,2차전지·배터리소재
2025-09-30,45650217,6.230541,2차전지·배터리소재_알루미늄박,2차전지·배터리소재
2025-10-31,33239922,6.586,2차전지·배터리소재_알루미늄박,2차전지·배터리소재
2025-11-30,35078247,6.534211,2차전지·배터리소재_알루미늄박,2차전지·배터리소재
2025-12-31,38555495,6.529182,2차전지·배터리소재_알루미늄박,2차전지·배터리소재
2026-01-31,41892409,6.796248,2차전지·배터리소재_알루미늄박,2차전지·배터리소재
2026-02-28,38743827,6.544343,2차전지·배터리소재_알루미늄박,2차전지·배터리소재
2026-03-31,45979299,6.802239,2차전지·배터리소재_알루미늄박,2차전지·배터리소재
2026-04-30,56273384,6.968425,2차전지·배터리소재_알루미늄박,2차전지·배터리소재
2026-05-31,55512447,6.961337,2차전지·배터리소재_알루미늄박,2차전지·배터리소재
2026-06-30,62663033,7.265296,2차전지·배터리소재_알루미늄박,2차전지·배터리소재
2026-07-31,68526926,7.523884,2차전지·배터리소재_알루미늄박,2차전지·배터리소재
2026-08-31,57714080,7.522446,2차전지·배터리소재_알루미늄박,2차전지·배터리소재
2017-01-31,34897888,21.801378,2차전지·배터리소재_양극재,2차전지·배터리소재
2017-02-28,36703981,20.596566,2차전지·배터리소재_양극재,2차전지·배터리소재
2017-03-31,47050330,21.81221,2차전지·배터리소재_양극재,2차전지·배터리소재
2017-04-30,59755846,24.34234,2차전지·배터리소재_양극재,2차전지·배터리소재
2017-05-31,77540547,25.544276,2차전지·배터리소재_양극재,2차전지·배터리소재
2017-06-30,83758333,26.695149,2차전지·배터리소재_양극재,2차전지·배터리소재
2017-07-31,82791805,29.083316,2차전지·배터리소재_양극재,2차전지·배터리소재
2017-08-31,38975355,30.273057,2차전지·배터리소재_양극재,2차전지·배터리소재
2017-09-30,53080263,33.918481,2차전지·배터리소재_양극재,2차전지·배터리소재
2017-10-31,54886772,33.808858,2차전지·배터리소재_양극재,2차전지·배터리소재
2017-11-30,51872035,33.650009,2차전지·배터리소재_양극재,2차전지·배터리소재
2017-12-31,66507538,36.305227,2차전지·배터리소재_양극재,2차전지·배터리소재
2018-01-31,77660221,39.175582,2차전지·배터리소재_양극재,2차전지·배터리소재
2018-02-28,69229534,38.327355,2차전지·배터리소재_양극재,2차전지·배터리소재
2018-03-31,62316150,40.925211,2차전지·배터리소재_양극재,2차전지·배터리소재
2018-04-30,84925055,41.583093,2차전지·배터리소재_양극재,2차전지·배터리소재
2018-05-31,68030101,40.267457,2차전지·배터리소재_양극재,2차전지·배터리소재
2018-06-30,83541019,45.055384,2차전지·배터리소재_양극재,2차전지·배터리소재
2018-07-31,121486330,53.00058,2차전지·배터리소재_양극재,2차전지·배터리소재
2018-08-31,86920943,50.274577,2차전지·배터리소재_양극재,2차전지·배터리소재
2018-09-30,46360251,39.156888,2차전지·배터리소재_양극재,2차전지·배터리소재
2018-10-31,64801506,40.735514,2차전지·배터리소재_양극재,2차전지·배터리소재
2018-11-30,77851056,50.095968,2차전지·배터리소재_양극재,2차전지·배터리소재
2018-12-31,76422861,47.341661,2차전지·배터리소재_양극재,2차전지·배터리소재
2019-01-31,130690667,34.300826,2차전지·배터리소재_양극재,2차전지·배터리소재
2019-02-28,175022751,32.412635,2차전지·배터리소재_양극재,2차전지·배터리소재
2019-03-31,173645844,33.768406,2차전지·배터리소재_양극재,2차전지·배터리소재
2019-04-30,133074247,28.779864,2차전지·배터리소재_양극재,2차전지·배터리소재
2019-05-31,145103902,27.474118,2차전지·배터리소재_양극재,2차전지·배터리소재
2019-06-30,156211540,26.873214,2차전지·배터리소재_양극재,2차전지·배터리소재
2019-07-31,166464193,26.335756,2차전지·배터리소재_양극재,2차전지·배터리소재
2019-08-31,171521030,25.550388,2차전지·배터리소재_양극재,2차전지·배터리소재
2019-09-30,159301099,24.902768,2차전지·배터리소재_양극재,2차전지·배터리소재
2019-10-31,167528170,26.855824,2차전지·배터리소재_양극재,2차전지·배터리소재
2019-11-30,176358501,26.860125,2차전지·배터리소재_양극재,2차전지·배터리소재
2019-12-31,211402076,28.216445,2차전지·배터리소재_양극재,2차전지·배터리소재
2020-01-31,173371164,24.442936,2차전지·배터리소재_양극재,2차전지·배터리소재
2020-02-29,157017793,22.692383,2차전지·배터리소재_양극재,2차전지·배터리소재
2020-03-31,206202553,23.413316,2차전지·배터리소재_양극재,2차전지·배터리소재
2020-04-30,145692168,22.970456,2차전지·배터리소재_양극재,2차전지·배터리소재
2020-05-31,129985549,22.632719,2차전지·배터리소재_양극재,2차전지·배터리소재
2020-06-30,146851826,23.12339,2차전지·배터리소재_양극재,2차전지·배터리소재
2020-07-31,166361036,22.232084,2차전지·배터리소재_양극재,2차전지·배터리소재
2020-08-31,165129758,22.230759,2차전지·배터리소재_양극재,2차전지·배터리소재
2020-09-30,248394470,21.349653,2차전지·배터리소재_양극재,2차전지·배터리소재
2020-10-31,266982817,21.822858,2차전지·배터리소재_양극재,2차전지·배터리소재
2020-11-30,300276335,22.041026,2차전지·배터리소재_양극재,2차전지·배터리소재
2020-12-31,334274538,22.101303,2차전지·배터리소재_양극재,2차전지·배터리소재
2021-01-31,315814188,21.866208,2차전지·배터리소재_양극재,2차전지·배터리소재
2021-02-28,300662306,22.687769,2차전지·배터리소재_양극재,2차전지·배터리소재
2021-03-31,337163244,22.626976,2차전지·배터리소재_양극재,2차전지·배터리소재
2021-04-30,360096593,24.435314,2차전지·배터리소재_양극재,2차전지·배터리소재
2021-05-31,359806262,23.83489,2차전지·배터리소재_양극재,2차전지·배터리소재
2021-06-30,368663824,23.944799,2차전지·배터리소재_양극재,2차전지·배터리소재
2021-07-31,345162791,24.192029,2차전지·배터리소재_양극재,2차전지·배터리소재
2021-08-31,396856210,24.400914,2차전지·배터리소재_양극재,2차전지·배터리소재
2021-09-30,407003778,24.689476,2차전지·배터리소재_양극재,2차전지·배터리소재
2021-10-31,363167725,24.896119,2차전지·배터리소재_양극재,2차전지·배터리소재
2021-11-30,371763232,25.900831,2차전지·배터리소재_양극재,2차전지·배터리소재
2021-12-31,510082876,27.067867,2차전지·배터리소재_양극재,2차전지·배터리소재
2022-01-31,559172197,29.667348,2차전지·배터리소재_양극재,2차전지·배터리소재
2022-02-28,534976890,30.035853,2차전지·배터리소재_양극재,2차전지·배터리소재
2022-03-31,733185577,33.557531,2차전지·배터리소재_양극재,2차전지·배터리소재
2022-04-30,719861248,40.209433,2차전지·배터리소재_양극재,2차전지·배터리소재
2022-05-31,1012496587,45.392143,2차전지·배터리소재_양극재,2차전지·배터리소재
2022-06-30,980053381,46.038912,2차전지·배터리소재_양극재,2차전지·배터리소재
2022-07-31,1210415892,49.880049,2차전지·배터리소재_양극재,2차전지·배터리소재
2022-08-31,1241627819,48.811904,2차전지·배터리소재_양극재,2차전지·배터리소재
2022-09-30,1109376193,48.182965,2차전지·배터리소재_양극재,2차전지·배터리소재
2022-10-31,987852337,47.719453,2차전지·배터리소재_양극재,2차전지·배터리소재
2022-11-30,1108117621,46.876087,2차전지·배터리소재_양극재,2차전지·배터리소재
2022-12-31,1071844413,45.966818,2차전지·배터리소재_양극재,2차전지·배터리소재
2023-01-31,1155160493,49.674893,2차전지·배터리소재_양극재,2차전지·배터리소재
2023-02-28,1320459835,50.635159,2차전지·배터리소재_양극재,2차전지·배터리소재
2023-03-31,1449347249,52.378047,2차전지·배터리소재_양극재,2차전지·배터리소재
2023-04-30,1354215948,51.670465,2차전지·배터리소재_양극재,2차전지·배터리소재
2023-05-31,1192528799,48.702877,2차전지·배터리소재_양극재,2차전지·배터리소재
2023-06-30,1043964045,45.310745,2차전지·배터리소재_양극재,2차전지·배터리소재
2023-07-31,1139469962,41.656129,2차전지·배터리소재_양극재,2차전지·배터리소재
2023-08-31,1161353342,41.696593,2차전지·배터리소재_양극재,2차전지·배터리소재
2023-09-30,1022815858,41.375249,2차전지·배터리소재_양극재,2차전지·배터리소재
2023-10-31,716343173,38.243448,2차전지·배터리소재_양극재,2차전지·배터리소재
2023-11-30,628600449,37.518602,2차전지·배터리소재_양극재,2차전지·배터리소재
2023-12-31,550131282,35.411561,2차전지·배터리소재_양극재,2차전지·배터리소재
2024-01-31,649038497,32.624948,2차전지·배터리소재_양극재,2차전지·배터리소재
2024-02-29,633102147,30.347643,2차전지·배터리소재_양극재,2차전지·배터리소재
2024-03-31,576895483,28.196518,2차전지·배터리소재_양극재,2차전지·배터리소재
2024-04-30,617761668,26.549094,2차전지·배터리소재_양극재,2차전지·배터리소재
2024-05-31,560685745,26.715841,2차전지·배터리소재_양극재,2차전지·배터리소재
2024-06-30,584751437,27.363158,2차전지·배터리소재_양극재,2차전지·배터리소재
2024-07-31,421001123,27.132764,2차전지·배터리소재_양극재,2차전지·배터리소재
2024-08-31,462923182,26.486274,2차전지·배터리소재_양극재,2차전지·배터리소재
2024-09-30,449031446,25.584172,2차전지·배터리소재_양극재,2차전지·배터리소재
2024-10-31,403670502,25.653123,2차전지·배터리소재_양극재,2차전지·배터리소재
2024-11-30,367073998,24.769861,2차전지·배터리소재_양극재,2차전지·배터리소재
2024-12-31,428137223,25.075909,2차전지·배터리소재_양극재,2차전지·배터리소재
2025-01-31,367684565,23.710633,2차전지·배터리소재_양극재,2차전지·배터리소재
2025-02-28,426052776,24.159866,2차전지·배터리소재_양극재,2차전지·배터리소재
2025-03-31,461154129,24.239624,2차전지·배터리소재_양극재,2차전지·배터리소재
2025-04-30,439242006,23.195206,2차전지·배터리소재_양극재,2차전지·배터리소재
2025-05-31,451682282,24.224953,2차전지·배터리소재_양극재,2차전지·배터리소재
2025-06-30,476597490,24.200828,2차전지·배터리소재_양극재,2차전지·배터리소재
2025-07-31,478829747,23.337744,2차전지·배터리소재_양극재,2차전지·배터리소재
2025-08-31,388610525,23.304721,2차전지·배터리소재_양극재,2차전지·배터리소재
2025-09-30,433156481,23.254168,2차전지·배터리소재_양극재,2차전지·배터리소재
2025-10-31,335995687,23.617363,2차전지·배터리소재_양극재,2차전지·배터리소재
2025-11-30,360883498,23.505622,2차전지·배터리소재_양극재,2차전지·배터리소재
2025-12-31,388405906,22.937057,2차전지·배터리소재_양극재,2차전지·배터리소재
2026-01-31,312520371,23.606884,2차전지·배터리소재_양극재,2차전지·배터리소재
2026-02-28,416637631,23.753604,2차전지·배터리소재_양극재,2차전지·배터리소재
2026-03-31,467136419,23.770903,2차전지·배터리소재_양극재,2차전지·배터리소재
2026-04-30,513512546,24.673215,2차전지·배터리소재_양극재,2차전지·배터리소재
2026-05-31,478601157,25.330488,2차전지·배터리소재_양극재,2차전지·배터리소재
2026-06-30,552928134,26.854868,2차전지·배터리소재_양극재,2차전지·배터리소재
2026-07-31,552350257,27.767306,2차전지·배터리소재_양극재,2차전지·배터리소재
2026-08-31,551094086,27.918389,2차전지·배터리소재_양극재,2차전지·배터리소재
2017-01-31,70158732,3.491591,2차전지·배터리소재_음극재,2차전지·배터리소재
2017-02-28,83031278,3.656383,2차전지·배터리소재_음극재,2차전지·배터리소재
2017-03-31,82652970,3.537123,2차전지·배터리소재_음극재,2차전지·배터리소재
2017-04-30,76699601,3.098827,2차전지·배터리소재_음극재,2차전지·배터리소재
2017-05-31,77043479,2.92881,2차전지·배터리소재_음극재,2차전지·배터리소재
2017-06-30,76013973,3.096025,2차전지·배터리소재_음극재,2차전지·배터리소재
2017-07-31,73776447,2.828591,2차전지·배터리소재_음극재,2차전지·배터리소재
2017-08-31,88954301,3.562344,2차전지·배터리소재_음극재,2차전지·배터리소재
2017-09-30,95694055,3.090921,2차전지·배터리소재_음극재,2차전지·배터리소재
2017-10-31,70396511,3.383494,2차전지·배터리소재_음극재,2차전지·배터리소재
2017-11-30,82621015,3.044065,2차전지·배터리소재_음극재,2차전지·배터리소재
2017-12-31,79331736,2.738246,2차전지·배터리소재_음극재,2차전지·배터리소재
2018-01-31,90255541,3.003891,2차전지·배터리소재_음극재,2차전지·배터리소재
2018-02-28,80113480,3.016495,2차전지·배터리소재_음극재,2차전지·배터리소재
2018-03-31,93632583,2.990355,2차전지·배터리소재_음극재,2차전지·배터리소재
2018-04-30,94241232,3.219577,2차전지·배터리소재_음극재,2차전지·배터리소재
2018-05-31,94437624,3.191235,2차전지·배터리소재_음극재,2차전지·배터리소재
2018-06-30,96561908,3.221123,2차전지·배터리소재_음극재,2차전지·배터리소재
2018-07-31,96538841,3.075742,2차전지·배터리소재_음극재,2차전지·배터리소재
2018-08-31,99423097,3.197757,2차전지·배터리소재_음극재,2차전지·배터리소재
2018-09-30,80014028,3.038637,2차전지·배터리소재_음극재,2차전지·배터리소재
2018-10-31,96826286,3.454537,2차전지·배터리소재_음극재,2차전지·배터리소재
2018-11-30,94218220,3.526222,2차전지·배터리소재_음극재,2차전지·배터리소재
2018-12-31,96437928,3.378872,2차전지·배터리소재_음극재,2차전지·배터리소재
2019-01-31,95169641,3.660688,2차전지·배터리소재_음극재,2차전지·배터리소재
2019-02-28,86954775,3.383952,2차전지·배터리소재_음극재,2차전지·배터리소재
2019-03-31,98826350,3.331446,2차전지·배터리소재_음극재,2차전지·배터리소재
2019-04-30,105870928,3.22691,2차전지·배터리소재_음극재,2차전지·배터리소재
2019-05-31,101114324,3.276062,2차전지·배터리소재_음극재,2차전지·배터리소재
2019-06-30,93744651,3.267164,2차전지·배터리소재_음극재,2차전지·배터리소재
2019-07-31,100701998,3.249569,2차전지·배터리소재_음극재,2차전지·배터리소재
2019-08-31,97651487,3.423447,2차전지·배터리소재_음극재,2차전지·배터리소재
2019-09-30,86953641,3.337772,2차전지·배터리소재_음극재,2차전지·배터리소재
2019-10-31,102221401,3.849383,2차전지·배터리소재_음극재,2차전지·배터리소재
2019-11-30,100351966,4.40691,2차전지·배터리소재_음극재,2차전지·배터리소재
2019-12-31,104967430,3.318149,2차전지·배터리소재_음극재,2차전지·배터리소재
2020-01-31,89314289,3.531875,2차전지·배터리소재_음극재,2차전지·배터리소재
2020-02-29,99608975,3.368949,2차전지·배터리소재_음극재,2차전지·배터리소재
2020-03-31,118034144,3.150614,2차전지·배터리소재_음극재,2차전지·배터리소재
2020-04-30,95358948,2.847816,2차전지·배터리소재_음극재,2차전지·배터리소재
2020-05-31,80831027,2.655246,2차전지·배터리소재_음극재,2차전지·배터리소재
2020-06-30,87447409,3.213313,2차전지·배터리소재_음극재,2차전지·배터리소재
2020-07-31,98791098,3.100777,2차전지·배터리소재_음극재,2차전지·배터리소재
2020-08-31,97541710,3.433951,2차전지·배터리소재_음극재,2차전지·배터리소재
2020-09-30,118104329,3.85618,2차전지·배터리소재_음극재,2차전지·배터리소재
2020-10-31,109553785,3.729075,2차전지·배터리소재_음극재,2차전지·배터리소재
2020-11-30,116046121,4.023739,2차전지·배터리소재_음극재,2차전지·배터리소재
2020-12-31,128118121,3.87711,2차전지·배터리소재_음극재,2차전지·배터리소재
2021-01-31,125028487,3.690364,2차전지·배터리소재_음극재,2차전지·배터리소재
2021-02-28,107474337,4.270413,2차전지·배터리소재_음극재,2차전지·배터리소재
2021-03-31,123356854,3.894769,2차전지·배터리소재_음극재,2차전지·배터리소재
2021-04-30,126978869,4.052947,2차전지·배터리소재_음극재,2차전지·배터리소재
2021-05-31,125159156,4.597748,2차전지·배터리소재_음극재,2차전지·배터리소재
2021-06-30,136768065,4.368871,2차전지·배터리소재_음극재,2차전지·배터리소재
2021-07-31,138732083,4.504603,2차전지·배터리소재_음극재,2차전지·배터리소재
2021-08-31,135751004,4.6562,2차전지·배터리소재_음극재,2차전지·배터리소재
2021-09-30,117239012,4.800393,2차전지·배터리소재_음극재,2차전지·배터리소재
2021-10-31,127743908,4.72502,2차전지·배터리소재_음극재,2차전지·배터리소재
2021-11-30,139338251,4.541195,2차전지·배터리소재_음극재,2차전지·배터리소재
2021-12-31,143156356,4.566885,2차전지·배터리소재_음극재,2차전지·배터리소재
2022-01-31,135882776,4.935617,2차전지·배터리소재_음극재,2차전지·배터리소재
2022-02-28,131202911,4.889579,2차전지·배터리소재_음극재,2차전지·배터리소재
2022-03-31,154625719,5.136951,2차전지·배터리소재_음극재,2차전지·배터리소재
2022-04-30,144231903,4.527391,2차전지·배터리소재_음극재,2차전지·배터리소재
2022-05-31,150658415,4.654706,2차전지·배터리소재_음극재,2차전지·배터리소재
2022-06-30,149099015,4.320749,2차전지·배터리소재_음극재,2차전지·배터리소재
2022-07-31,150592648,4.932268,2차전지·배터리소재_음극재,2차전지·배터리소재
2022-08-31,144440527,5.352167,2차전지·배터리소재_음극재,2차전지·배터리소재
2022-09-30,142767202,5.505759,2차전지·배터리소재_음극재,2차전지·배터리소재
2022-10-31,136406212,5.568949,2차전지·배터리소재_음극재,2차전지·배터리소재
2022-11-30,124862909,5.008627,2차전지·배터리소재_음극재,2차전지·배터리소재
2022-12-31,140393235,4.700065,2차전지·배터리소재_음극재,2차전지·배터리소재
2023-01-31,113621462,4.717332,2차전지·배터리소재_음극재,2차전지·배터리소재
2023-02-28,133683531,4.527087,2차전지·배터리소재_음극재,2차전지·배터리소재
2023-03-31,152930461,4.870539,2차전지·배터리소재_음극재,2차전지·배터리소재
2023-04-30,147746021,4.973434,2차전지·배터리소재_음극재,2차전지·배터리소재
2023-05-31,231420627,6.949107,2차전지·배터리소재_음극재,2차전지·배터리소재
2023-06-30,199149816,6.813235,2차전지·배터리소재_음극재,2차전지·배터리소재
2023-07-31,220520238,7.812996,2차전지·배터리소재_음극재,2차전지·배터리소재
2023-08-31,296684102,9.149365,2차전지·배터리소재_음극재,2차전지·배터리소재
2023-09-30,249227632,7.993782,2차전지·배터리소재_음극재,2차전지·배터리소재
2023-10-31,224738699,6.102844,2차전지·배터리소재_음극재,2차전지·배터리소재
2023-11-30,290038341,8.183908,2차전지·배터리소재_음극재,2차전지·배터리소재
2023-12-31,231242408,7.645004,2차전지·배터리소재_음극재,2차전지·배터리소재
2024-01-31,247507418,7.25947,2차전지·배터리소재_음극재,2차전지·배터리소재
2024-02-29,193740375,6.210311,2차전지·배터리소재_음극재,2차전지·배터리소재
2024-03-31,204783281,6.186058,2차전지·배터리소재_음극재,2차전지·배터리소재
2024-04-30,232490647,6.855369,2차전지·배터리소재_음극재,2차전지·배터리소재
2024-05-31,208431526,5.77663,2차전지·배터리소재_음극재,2차전지·배터리소재
2024-06-30,205434796,6.495261,2차전지·배터리소재_음극재,2차전지·배터리소재
2024-07-31,213020950,5.520202,2차전지·배터리소재_음극재,2차전지·배터리소재
2024-08-31,199087664,6.03924,2차전지·배터리소재_음극재,2차전지·배터리소재
2024-09-30,161829548,4.812249,2차전지·배터리소재_음극재,2차전지·배터리소재
2024-10-31,153214148,4.995218,2차전지·배터리소재_음극재,2차전지·배터리소재
2024-11-30,152263476,4.088668,2차전지·배터리소재_음극재,2차전지·배터리소재
2024-12-31,150962428,4.286396,2차전지·배터리소재_음극재,2차전지·배터리소재
2025-01-31,122753569,4.584482,2차전지·배터리소재_음극재,2차전지·배터리소재
2025-02-28,155795164,4.41508,2차전지·배터리소재_음극재,2차전지·배터리소재
2025-03-31,203382152,5.293037,2차전지·배터리소재_음극재,2차전지·배터리소재
2025-04-30,155703947,4.300396,2차전지·배터리소재_음극재,2차전지·배터리소재
2025-05-31,135242649,4.032233,2차전지·배터리소재_음극재,2차전지·배터리소재
2025-06-30,132738299,4.457113,2차전지·배터리소재_음극재,2차전지·배터리소재
2025-07-31,152064909,4.971855,2차전지·배터리소재_음극재,2차전지·배터리소재
2025-08-31,222354959,6.396186,2차전지·배터리소재_음극재,2차전지·배터리소재
2025-09-30,194154794,5.410454,2차전지·배터리소재_음극재,2차전지·배터리소재
2025-10-31,132541789,4.670962,2차전지·배터리소재_음극재,2차전지·배터리소재
2025-11-30,141602071,4.66874,2차전지·배터리소재_음극재,2차전지·배터리소재
2025-12-31,154612358,4.16616,2차전지·배터리소재_음극재,2차전지·배터리소재
2026-01-31,169120154,4.581969,2차전지·배터리소재_음극재,2차전지·배터리소재
2026-02-28,134791359,3.976061,2차전지·배터리소재_음극재,2차전지·배터리소재
2026-03-31,180769929,4.293901,2차전지·배터리소재_음극재,2차전지·배터리소재
2026-04-30,172225982,4.442305,2차전지·배터리소재_음극재,2차전지·배터리소재
2026-05-31,151456696,5.322643,2차전지·배터리소재_음극재,2차전지·배터리소재
2026-06-30,168894297,5.173795,2차전지·배터리소재_음극재,2차전지·배터리소재
2026-07-31,186473885,4.518938,2차전지·배터리소재_음극재,2차전지·배터리소재
2026-08-31,167845984,4.556948,2차전지·배터리소재_음극재,2차전지·배터리소재
2017-01-31,205326,2.48399,2차전지·배터리소재_전구체,2차전지·배터리소재
2017-02-28,139333,2.690855,2차전지·배터리소재_전구체,2차전지·배터리소재
2017-03-31,181420,3.762804,2차전지·배터리소재_전구체,2차전지·배터리소재
2017-04-30,193626,7.657303,2차전지·배터리소재_전구체,2차전지·배터리소재
2017-05-31,406560,4.243401,2차전지·배터리소재_전구체,2차전지·배터리소재
2017-06-30,475769,4.377163,2차전지·배터리소재_전구체,2차전지·배터리소재
2017-07-31,657527,8.612383,2차전지·배터리소재_전구체,2차전지·배터리소재
2017-08-31,765631,5.931566,2차전지·배터리소재_전구체,2차전지·배터리소재
2017-09-30,1084071,9.58597,2차전지·배터리소재_전구체,2차전지·배터리소재
2017-10-31,607950,4.342376,2차전지·배터리소재_전구체,2차전지·배터리소재
2017-11-30,175133,2.279242,2차전지·배터리소재_전구체,2차전지·배터리소재
2017-12-31,726454,8.596547,2차전지·배터리소재_전구체,2차전지·배터리소재
2018-01-31,1026222,12.961902,2차전지·배터리소재_전구체,2차전지·배터리소재
2018-02-28,793583,34.320427,2차전지·배터리소재_전구체,2차전지·배터리소재
2018-03-31,571878,37.103782,2차전지·배터리소재_전구체,2차전지·배터리소재
2018-04-30,727275,15.114868,2차전지·배터리소재_전구체,2차전지·배터리소재
2018-05-31,1308278,27.698084,2차전지·배터리소재_전구체,2차전지·배터리소재
2018-06-30,549176,40.906233,2차전지·배터리소재_전구체,2차전지·배터리소재
2018-07-31,679017,27.487406,2차전지·배터리소재_전구체,2차전지·배터리소재
2018-08-31,875090,71.023806,2차전지·배터리소재_전구체,2차전지·배터리소재
2018-09-30,1272345,82.219971,2차전지·배터리소재_전구체,2차전지·배터리소재
2018-10-31,918246,46.491491,2차전지·배터리소재_전구체,2차전지·배터리소재
2018-11-30,1239716,30.490013,2차전지·배터리소재_전구체,2차전지·배터리소재
2018-12-31,826435,29.444637,2차전지·배터리소재_전구체,2차전지·배터리소재
2019-01-31,2500144,12.401134,2차전지·배터리소재_전구체,2차전지·배터리소재
2019-02-28,1169104,28.353752,2차전지·배터리소재_전구체,2차전지·배터리소재
2019-03-31,720928,15.085076,2차전지·배터리소재_전구체,2차전지·배터리소재
2019-04-30,3553732,19.794788,2차전지·배터리소재_전구체,2차전지·배터리소재
2019-05-31,1900303,20.50341,2차전지·배터리소재_전구체,2차전지·배터리소재
2019-06-30,1478303,23.062122,2차전지·배터리소재_전구체,2차전지·배터리소재
2019-07-31,676399,16.200405,2차전지·배터리소재_전구체,2차전지·배터리소재
2019-08-31,841934,17.341636,2차전지·배터리소재_전구체,2차전지·배터리소재
2019-09-30,1789048,17.010042,2차전지·배터리소재_전구체,2차전지·배터리소재
2019-10-31,3137624,17.300218,2차전지·배터리소재_전구체,2차전지·배터리소재
2019-11-30,1724532,16.592307,2차전지·배터리소재_전구체,2차전지·배터리소재
2019-12-31,931004,12.467435,2차전지·배터리소재_전구체,2차전지·배터리소재
2020-01-31,1943338,23.241844,2차전지·배터리소재_전구체,2차전지·배터리소재
2020-02-29,643335,7.441221,2차전지·배터리소재_전구체,2차전지·배터리소재
2020-03-31,2372849,14.578581,2차전지·배터리소재_전구체,2차전지·배터리소재
2020-04-30,615802,11.033169,2차전지·배터리소재_전구체,2차전지·배터리소재
2020-05-31,1742201,14.177477,2차전지·배터리소재_전구체,2차전지·배터리소재
2020-06-30,1027259,6.07771,2차전지·배터리소재_전구체,2차전지·배터리소재
2020-07-31,1323243,12.926696,2차전지·배터리소재_전구체,2차전지·배터리소재
2020-08-31,1868477,15.765796,2차전지·배터리소재_전구체,2차전지·배터리소재
2020-09-30,1859220,22.648532,2차전지·배터리소재_전구체,2차전지·배터리소재
2020-10-31,1570416,30.156407,2차전지·배터리소재_전구체,2차전지·배터리소재
2020-11-30,2059848,11.944381,2차전지·배터리소재_전구체,2차전지·배터리소재
2020-12-31,4030643,22.413851,2차전지·배터리소재_전구체,2차전지·배터리소재
2021-01-31,3517399,16.641361,2차전지·배터리소재_전구체,2차전지·배터리소재
2021-02-28,4098614,15.107565,2차전지·배터리소재_전구체,2차전지·배터리소재
2021-03-31,5306230,13.571746,2차전지·배터리소재_전구체,2차전지·배터리소재
2021-04-30,5159137,15.091786,2차전지·배터리소재_전구체,2차전지·배터리소재
2021-05-31,3090750,17.964046,2차전지·배터리소재_전구체,2차전지·배터리소재
2021-06-30,3529985,14.37164,2차전지·배터리소재_전구체,2차전지·배터리소재
2021-07-31,6607439,18.187605,2차전지·배터리소재_전구체,2차전지·배터리소재
2021-08-31,6582775,22.09647,2차전지·배터리소재_전구체,2차전지·배터리소재
2021-09-30,4250599,18.783392,2차전지·배터리소재_전구체,2차전지·배터리소재
2021-10-31,6570307,14.644944,2차전지·배터리소재_전구체,2차전지·배터리소재
2021-11-30,7944214,16.284687,2차전지·배터리소재_전구체,2차전지·배터리소재
2021-12-31,11203972,17.621689,2차전지·배터리소재_전구체,2차전지·배터리소재
2022-01-31,5459644,16.978271,2차전지·배터리소재_전구체,2차전지·배터리소재
2022-02-28,10307254,15.01662,2차전지·배터리소재_전구체,2차전지·배터리소재
2022-03-31,6781856,18.787661,2차전지·배터리소재_전구체,2차전지·배터리소재
2022-04-30,19170241,18.84187,2차전지·배터리소재_전구체,2차전지·배터리소재
2022-05-31,5046236,26.421181,2차전지·배터리소재_전구체,2차전지·배터리소재
2022-06-30,3036716,28.847302,2차전지·배터리소재_전구체,2차전지·배터리소재
2022-07-31,2711952,22.927571,2차전지·배터리소재_전구체,2차전지·배터리소재
2022-08-31,9958537,21.462467,2차전지·배터리소재_전구체,2차전지·배터리소재
2022-09-30,9304594,20.029981,2차전지·배터리소재_전구체,2차전지·배터리소재
2022-10-31,4322777,19.523424,2차전지·배터리소재_전구체,2차전지·배터리소재
2022-11-30,6714320,20.645208,2차전지·배터리소재_전구체,2차전지·배터리소재
2022-12-31,3379037,11.543759,2차전지·배터리소재_전구체,2차전지·배터리소재
2023-01-31,2731966,26.075016,2차전지·배터리소재_전구체,2차전지·배터리소재
2023-02-28,1342277,17.613103,2차전지·배터리소재_전구체,2차전지·배터리소재
2023-03-31,441795,7.802789,2차전지·배터리소재_전구체,2차전지·배터리소재
2023-04-30,5335040,12.664797,2차전지·배터리소재_전구체,2차전지·배터리소재
2023-05-31,2413994,15.380254,2차전지·배터리소재_전구체,2차전지·배터리소재
2023-06-30,2146740,10.102061,2차전지·배터리소재_전구체,2차전지·배터리소재
2023-07-31,3677038,23.694701,2차전지·배터리소재_전구체,2차전지·배터리소재
2023-08-31,3611233,17.605095,2차전지·배터리소재_전구체,2차전지·배터리소재
2023-09-30,2421414,17.709345,2차전지·배터리소재_전구체,2차전지·배터리소재
2023-10-31,1718690,11.803285,2차전지·배터리소재_전구체,2차전지·배터리소재
2023-11-30,1981019,12.331745,2차전지·배터리소재_전구체,2차전지·배터리소재
2023-12-31,3508392,12.287797,2차전지·배터리소재_전구체,2차전지·배터리소재
2024-01-31,6225111,18.446166,2차전지·배터리소재_전구체,2차전지·배터리소재
2024-02-29,2970061,21.878127,2차전지·배터리소재_전구체,2차전지·배터리소재
2024-03-31,2681434,26.847091,2차전지·배터리소재_전구체,2차전지·배터리소재
2024-04-30,1684167,24.138309,2차전지·배터리소재_전구체,2차전지·배터리소재
2024-05-31,1995379,27.479079,2차전지·배터리소재_전구체,2차전지·배터리소재
2024-06-30,2283785,20.245041,2차전지·배터리소재_전구체,2차전지·배터리소재
2024-07-31,2970798,20.374522,2차전지·배터리소재_전구체,2차전지·배터리소재
2024-08-31,1350006,36.646805,2차전지·배터리소재_전구체,2차전지·배터리소재
2024-09-30,3814032,10.030935,2차전지·배터리소재_전구체,2차전지·배터리소재
2024-10-31,7301445,5.922671,2차전지·배터리소재_전구체,2차전지·배터리소재
2024-11-30,5216597,8.993843,2차전지·배터리소재_전구체,2차전지·배터리소재
2024-12-31,2231910,4.79195,2차전지·배터리소재_전구체,2차전지·배터리소재
2025-01-31,3337308,7.499193,2차전지·배터리소재_전구체,2차전지·배터리소재
2025-02-28,2055957,93.349482,2차전지·배터리소재_전구체,2차전지·배터리소재
2025-03-31,2909513,41.733528,2차전지·배터리소재_전구체,2차전지·배터리소재
2025-04-30,4350735,11.102982,2차전지·배터리소재_전구체,2차전지·배터리소재
2025-05-31,2832178,32.385277,2차전지·배터리소재_전구체,2차전지·배터리소재
2025-06-30,7278810,18.024336,2차전지·배터리소재_전구체,2차전지·배터리소재
2025-07-31,6453393,8.811941,2차전지·배터리소재_전구체,2차전지·배터리소재
2025-08-31,3785165,85.40845,2차전지·배터리소재_전구체,2차전지·배터리소재
2025-09-30,4932988,48.307722,2차전지·배터리소재_전구체,2차전지·배터리소재
2025-10-31,4772350,6.889921,2차전지·배터리소재_전구체,2차전지·배터리소재
2025-11-30,2895732,189.657099,2차전지·배터리소재_전구체,2차전지·배터리소재
2025-12-31,8653369,12.564995,2차전지·배터리소재_전구체,2차전지·배터리소재
2026-01-31,4189770,6.175151,2차전지·배터리소재_전구체,2차전지·배터리소재
2026-02-28,8362518,7.902367,2차전지·배터리소재_전구체,2차전지·배터리소재
2026-03-31,4687812,28.59098,2차전지·배터리소재_전구체,2차전지·배터리소재
2026-04-30,7141703,44.491073,2차전지·배터리소재_전구체,2차전지·배터리소재
2026-05-31,7051426,70.777226,2차전지·배터리소재_전구체,2차전지·배터리소재
2026-06-30,5654381,74.090578,2차전지·배터리소재_전구체,2차전지·배터리소재
2026-07-31,5397492,54.905581,2차전지·배터리소재_전구체,2차전지·배터리소재
2026-08-31,4213392,64.79206,2차전지·배터리소재_전구체,2차전지·배터리소재
2017-01-31,66785491,3.384621,2차전지·배터리소재_전해액,2차전지·배터리소재
2017-02-28,78775046,3.553981,2차전지·배터리소재_전해액,2차전지·배터리소재
2017-03-31,78131823,3.405325,2차전지·배터리소재_전해액,2차전지·배터리소재
2017-04-30,73285758,2.994091,2차전지·배터리소재_전해액,2차전지·배터리소재
2017-05-31,72430830,2.813623,2차전지·배터리소재_전해액,2차전지·배터리소재
2017-06-30,71308750,2.953726,2차전지·배터리소재_전해액,2차전지·배터리소재
2017-07-31,69458698,2.705611,2차전지·배터리소재_전해액,2차전지·배터리소재
2017-08-31,83117038,3.444998,2차전지·배터리소재_전해액,2차전지·배터리소재
2017-09-30,90863522,3.055745,2차전지·배터리소재_전해액,2차전지·배터리소재
2017-10-31,65856663,3.247782,2차전지·배터리소재_전해액,2차전지·배터리소재
2017-11-30,78848707,2.972743,2차전지·배터리소재_전해액,2차전지·배터리소재
2017-12-31,74092705,2.630823,2차전지·배터리소재_전해액,2차전지·배터리소재
2018-01-31,84619631,2.936505,2차전지·배터리소재_전해액,2차전지·배터리소재
2018-02-28,74568490,2.915676,2차전지·배터리소재_전해액,2차전지·배터리소재
2018-03-31,86810757,2.876146,2차전지·배터리소재_전해액,2차전지·배터리소재
2018-04-30,87728487,3.123489,2차전지·배터리소재_전해액,2차전지·배터리소재
2018-05-31,87563735,3.075561,2차전지·배터리소재_전해액,2차전지·배터리소재
2018-06-30,89269013,3.086648,2차전지·배터리소재_전해액,2차전지·배터리소재
2018-07-31,88612364,2.957798,2차전지·배터리소재_전해액,2차전지·배터리소재
2018-08-31,92600279,3.092476,2차전지·배터리소재_전해액,2차전지·배터리소재
2018-09-30,73824279,2.942901,2차전지·배터리소재_전해액,2차전지·배터리소재
2018-10-31,89726134,3.329705,2차전지·배터리소재_전해액,2차전지·배터리소재
2018-11-30,85530637,3.378791,2차전지·배터리소재_전해액,2차전지·배터리소재
2018-12-31,88112839,3.229497,2차전지·배터리소재_전해액,2차전지·배터리소재
2019-01-31,86835693,3.530332,2차전지·배터리소재_전해액,2차전지·배터리소재
2019-02-28,78142109,3.223075,2차전지·배터리소재_전해액,2차전지·배터리소재
2019-03-31,89135035,3.186686,2차전지·배터리소재_전해액,2차전지·배터리소재
2019-04-30,95465319,3.083489,2차전지·배터리소재_전해액,2차전지·배터리소재
2019-05-31,92488214,3.142535,2차전지·배터리소재_전해액,2차전지·배터리소재
2019-06-30,85234404,3.124355,2차전지·배터리소재_전해액,2차전지·배터리소재
2019-07-31,92329107,3.116122,2차전지·배터리소재_전해액,2차전지·배터리소재
2019-08-31,90196058,3.302236,2차전지·배터리소재_전해액,2차전지·배터리소재
2019-09-30,82761371,3.25085,2차전지·배터리소재_전해액,2차전지·배터리소재
2019-10-31,96432788,3.772054,2차전지·배터리소재_전해액,2차전지·배터리소재
2019-11-30,93236041,4.31109,2차전지·배터리소재_전해액,2차전지·배터리소재
2019-12-31,95831882,3.182097,2차전지·배터리소재_전해액,2차전지·배터리소재
2020-01-31,81024635,3.396157,2차전지·배터리소재_전해액,2차전지·배터리소재
2020-02-29,88635199,3.244252,2차전지·배터리소재_전해액,2차전지·배터리소재
2020-03-31,105624460,2.978975,2차전지·배터리소재_전해액,2차전지·배터리소재
2020-04-30,82188457,2.698573,2차전지·배터리소재_전해액,2차전지·배터리소재
2020-05-31,70097541,2.477521,2차전지·배터리소재_전해액,2차전지·배터리소재
2020-06-30,76729602,3.006512,2차전지·배터리소재_전해액,2차전지·배터리소재
2020-07-31,84615555,2.877444,2차전지·배터리소재_전해액,2차전지·배터리소재
2020-08-31,85150428,3.225583,2차전지·배터리소재_전해액,2차전지·배터리소재
2020-09-30,103049819,3.681582,2차전지·배터리소재_전해액,2차전지·배터리소재
2020-10-31,95649552,3.52119,2차전지·배터리소재_전해액,2차전지·배터리소재
2020-11-30,101289917,3.834781,2차전지·배터리소재_전해액,2차전지·배터리소재
2020-12-31,112006698,3.678957,2차전지·배터리소재_전해액,2차전지·배터리소재
2021-01-31,110063253,3.539235,2차전지·배터리소재_전해액,2차전지·배터리소재
2021-02-28,94804979,4.126546,2차전지·배터리소재_전해액,2차전지·배터리소재
2021-03-31,110150204,3.744411,2차전지·배터리소재_전해액,2차전지·배터리소재
2021-04-30,113991835,3.900313,2차전지·배터리소재_전해액,2차전지·배터리소재
2021-05-31,108041204,4.307842,2차전지·배터리소재_전해액,2차전지·배터리소재
2021-06-30,119611576,4.16638,2차전지·배터리소재_전해액,2차전지·배터리소재
2021-07-31,124154983,4.348175,2차전지·배터리소재_전해액,2차전지·배터리소재
2021-08-31,118290942,4.446347,2차전지·배터리소재_전해액,2차전지·배터리소재
2021-09-30,104565921,4.605303,2차전지·배터리소재_전해액,2차전지·배터리소재
2021-10-31,117572806,4.62329,2차전지·배터리소재_전해액,2차전지·배터리소재
2021-11-30,129179561,4.471271,2차전지·배터리소재_전해액,2차전지·배터리소재
2021-12-31,131925892,4.459364,2차전지·배터리소재_전해액,2차전지·배터리소재
2022-01-31,121990032,4.798421,2차전지·배터리소재_전해액,2차전지·배터리소재
2022-02-28,117011829,4.744834,2차전지·배터리소재_전해액,2차전지·배터리소재
2022-03-31,135907141,4.969812,2차전지·배터리소재_전해액,2차전지·배터리소재
2022-04-30,130053902,4.379906,2차전지·배터리소재_전해액,2차전지·배터리소재
2022-05-31,134968368,4.480643,2차전지·배터리소재_전해액,2차전지·배터리소재
2022-06-30,133304881,4.130177,2차전지·배터리소재_전해액,2차전지·배터리소재
2022-07-31,130867816,4.700659,2차전지·배터리소재_전해액,2차전지·배터리소재
2022-08-31,125352016,5.097814,2차전지·배터리소재_전해액,2차전지·배터리소재
2022-09-30,124847292,5.305059,2차전지·배터리소재_전해액,2차전지·배터리소재
2022-10-31,122127489,5.403035,2차전지·배터리소재_전해액,2차전지·배터리소재
2022-11-30,111074260,4.791413,2차전지·배터리소재_전해액,2차전지·배터리소재
2022-12-31,126204290,4.51014,2차전지·배터리소재_전해액,2차전지·배터리소재
2023-01-31,93257635,4.342784,2차전지·배터리소재_전해액,2차전지·배터리소재
2023-02-28,113596283,4.217211,2차전지·배터리소재_전해액,2차전지·배터리소재
2023-03-31,132828387,4.561751,2차전지·배터리소재_전해액,2차전지·배터리소재
2023-04-30,131051153,4.77046,2차전지·배터리소재_전해액,2차전지·배터리소재
2023-05-31,212811272,6.893804,2차전지·배터리소재_전해액,2차전지·배터리소재
2023-06-30,183407527,6.734382,2차전지·배터리소재_전해액,2차전지·배터리소재
2023-07-31,207891232,7.913322,2차전지·배터리소재_전해액,2차전지·배터리소재
2023-08-31,280261201,9.329574,2차전지·배터리소재_전해액,2차전지·배터리소재
2023-09-30,238971085,8.046114,2차전지·배터리소재_전해액,2차전지·배터리소재
2023-10-31,210595536,6.036328,2차전지·배터리소재_전해액,2차전지·배터리소재
2023-11-30,278706899,8.219028,2차전지·배터리소재_전해액,2차전지·배터리소재
2023-12-31,220052507,7.650256,2차전지·배터리소재_전해액,2차전지·배터리소재
2024-01-31,230438048,7.323894,2차전지·배터리소재_전해액,2차전지·배터리소재
2024-02-29,180688216,6.210031,2차전지·배터리소재_전해액,2차전지·배터리소재
2024-03-31,191065142,6.140388,2차전지·배터리소재_전해액,2차전지·배터리소재
2024-04-30,217677728,6.820291,2차전지·배터리소재_전해액,2차전지·배터리소재
2024-05-31,195169439,5.671685,2차전지·배터리소재_전해액,2차전지·배터리소재
2024-06-30,193503394,6.391491,2차전지·배터리소재_전해액,2차전지·배터리소재
2024-07-31,200319072,5.428799,2차전지·배터리소재_전해액,2차전지·배터리소재
2024-08-31,187613030,5.917164,2차전지·배터리소재_전해액,2차전지·배터리소재
2024-09-30,153630844,4.686385,2차전지·배터리소재_전해액,2차전지·배터리소재
2024-10-31,143683706,4.887493,2차전지·배터리소재_전해액,2차전지·배터리소재
2024-11-30,141247706,3.920268,2차전지·배터리소재_전해액,2차전지·배터리소재
2024-12-31,139651846,4.159465,2차전지·배터리소재_전해액,2차전지·배터리소재
2025-01-31,114876098,4.461213,2차전지·배터리소재_전해액,2차전지·배터리소재
2025-02-28,146594978,4.319227,2차전지·배터리소재_전해액,2차전지·배터리소재
2025-03-31,193478377,5.22461,2차전지·배터리소재_전해액,2차전지·배터리소재
2025-04-30,146161249,4.238037,2차전지·배터리소재_전해액,2차전지·배터리소재
2025-05-31,124064827,3.970714,2차전지·배터리소재_전해액,2차전지·배터리소재
2025-06-30,123143216,4.345751,2차전지·배터리소재_전해액,2차전지·배터리소재
2025-07-31,140377915,4.827299,2차전지·배터리소재_전해액,2차전지·배터리소재
2025-08-31,212453201,6.367523,2차전지·배터리소재_전해액,2차전지·배터리소재
2025-09-30,184165249,5.374511,2차전지·배터리소재_전해액,2차전지·배터리소재
2025-10-31,124132640,4.55677,2차전지·배터리소재_전해액,2차전지·배터리소재
2025-11-30,130169435,4.527356,2차전지·배터리소재_전해액,2차전지·배터리소재
2025-12-31,143387586,4.000196,2차전지·배터리소재_전해액,2차전지·배터리소재
2026-01-31,158231425,4.460871,2차전지·배터리소재_전해액,2차전지·배터리소재
2026-02-28,127549496,3.870183,2차전지·배터리소재_전해액,2차전지·배터리소재
2026-03-31,168726932,4.209701,2차전지·배터리소재_전해액,2차전지·배터리소재
2026-04-30,160417098,4.332863,2차전지·배터리소재_전해액,2차전지·배터리소재
2026-05-31,141670554,5.283204,2차전지·배터리소재_전해액,2차전지·배터리소재
2026-06-30,158090650,5.155521,2차전지·배터리소재_전해액,2차전지·배터리소재
2026-07-31,174811135,4.472481,2차전지·배터리소재_전해액,2차전지·배터리소재
2026-08-31,156355840,4.462123,2차전지·배터리소재_전해액,2차전지·배터리소재
2017-01-31,216303190,3.952362,건설·운송·상사_굴삭기,건설·운송·상사
2017-02-28,215813676,3.984019,건설·운송·상사_굴삭기,건설·운송·상사
2017-03-31,240866772,3.800401,건설·운송·상사_굴삭기,건설·운송·상사
2017-04-30,250641811,3.834343,건설·운송·상사_굴삭기,건설·운송·상사
2017-05-31,219003943,3.872028,건설·운송·상사_굴삭기,건설·운송·상사
2017-06-30,259936984,3.914832,건설·운송·상사_굴삭기,건설·운송·상사
2017-07-31,212105970,3.887112,건설·운송·상사_굴삭기,건설·운송·상사
2017-08-31,204380692,3.806802,건설·운송·상사_굴삭기,건설·운송·상사
2017-09-30,242938375,3.845064,건설·운송·상사_굴삭기,건설·운송·상사
2017-10-31,206016710,3.824387,건설·운송·상사_굴삭기,건설·운송·상사
2017-11-30,264372833,3.830142,건설·운송·상사_굴삭기,건설·운송·상사
2017-12-31,259863707,3.955692,건설·운송·상사_굴삭기,건설·운송·상사
2018-01-31,294544351,3.993096,건설·운송·상사_굴삭기,건설·운송·상사
2018-02-28,284540341,3.962995,건설·운송·상사_굴삭기,건설·운송·상사
2018-03-31,320847308,3.901808,건설·운송·상사_굴삭기,건설·운송·상사
2018-04-30,317043040,3.9181,건설·운송·상사_굴삭기,건설·운송·상사
2018-05-31,296315410,3.991898,건설·운송·상사_굴삭기,건설·운송·상사
2018-06-30,278112213,3.923086,건설·운송·상사_굴삭기,건설·운송·상사
2018-07-31,279340105,3.88228,건설·운송·상사_굴삭기,건설·운송·상사
2018-08-31,233233518,3.888245,건설·운송·상사_굴삭기,건설·운송·상사
2018-09-30,215448056,3.875752,건설·운송·상사_굴삭기,건설·운송·상사
2018-10-31,249165288,3.878004,건설·운송·상사_굴삭기,건설·운송·상사
2018-11-30,231437474,3.906441,건설·운송·상사_굴삭기,건설·운송·상사
2018-12-31,235439780,3.970106,건설·운송·상사_굴삭기,건설·운송·상사
2019-01-31,294271333,3.946622,건설·운송·상사_굴삭기,건설·운송·상사
2019-02-28,263456244,4.076726,건설·운송·상사_굴삭기,건설·운송·상사
2019-03-31,267891016,3.944881,건설·운송·상사_굴삭기,건설·운송·상사
2019-04-30,280213683,3.86868,건설·운송·상사_굴삭기,건설·운송·상사
2019-05-31,257757650,3.93998,건설·운송·상사_굴삭기,건설·운송·상사
2019-06-30,231823916,3.941056,건설·운송·상사_굴삭기,건설·운송·상사
2019-07-31,203128577,3.91532,건설·운송·상사_굴삭기,건설·운송·상사
2019-08-31,136714354,3.896817,건설·운송·상사_굴삭기,건설·운송·상사
2019-09-30,158822341,3.875254,건설·운송·상사_굴삭기,건설·운송·상사
2019-10-31,150604690,3.858791,건설·운송·상사_굴삭기,건설·운송·상사
2019-11-30,161726295,3.671492,건설·운송·상사_굴삭기,건설·운송·상사
2019-12-31,169487907,3.671833,건설·운송·상사_굴삭기,건설·운송·상사
2020-01-31,228125185,3.918931,건설·운송·상사_굴삭기,건설·운송·상사
2020-02-29,255230829,3.794729,건설·운송·상사_굴삭기,건설·운송·상사
2020-03-31,246498850,3.726137,건설·운송·상사_굴삭기,건설·운송·상사
2020-04-30,183152899,3.5775,건설·운송·상사_굴삭기,건설·운송·상사
2020-05-31,128828250,3.52512,건설·운송·상사_굴삭기,건설·운송·상사
2020-06-30,152478130,3.773809,건설·운송·상사_굴삭기,건설·운송·상사
2020-07-31,159062311,3.837486,건설·운송·상사_굴삭기,건설·운송·상사
2020-08-31,126614881,3.812424,건설·운송·상사_굴삭기,건설·운송·상사
2020-09-30,187472852,3.70987,건설·운송·상사_굴삭기,건설·운송·상사
2020-10-31,189132348,3.823475,건설·운송·상사_굴삭기,건설·운송·상사
2020-11-30,206346202,3.938606,건설·운송·상사_굴삭기,건설·운송·상사
2020-12-31,203405261,4.076062,건설·운송·상사_굴삭기,건설·운송·상사
2021-01-31,267700470,4.130855,건설·운송·상사_굴삭기,건설·운송·상사
2021-02-28,241669186,4.144969,건설·운송·상사_굴삭기,건설·운송·상사
2021-03-31,294594899,3.988055,건설·운송·상사_굴삭기,건설·운송·상사
2021-04-30,289730912,4.080491,건설·운송·상사_굴삭기,건설·운송·상사
2021-05-31,276018757,4.030181,건설·운송·상사_굴삭기,건설·운송·상사
2021-06-30,285454848,4.242608,건설·운송·상사_굴삭기,건설·운송·상사
2021-07-31,270602523,4.019626,건설·운송·상사_굴삭기,건설·운송·상사
2021-08-31,212677977,4.164621,건설·운송·상사_굴삭기,건설·운송·상사
2021-09-30,219170044,4.068991,건설·운송·상사_굴삭기,건설·운송·상사
2021-10-31,261069796,3.996792,건설·운송·상사_굴삭기,건설·운송·상사
2021-11-30,296753994,4.013595,건설·운송·상사_굴삭기,건설·운송·상사
2021-12-31,283036782,3.97848,건설·운송·상사_굴삭기,건설·운송·상사
2022-01-31,295964070,4.076685,건설·운송·상사_굴삭기,건설·운송·상사
2022-02-28,285587348,4.091921,건설·운송·상사_굴삭기,건설·운송·상사
2022-03-31,269760713,3.99384,건설·운송·상사_굴삭기,건설·운송·상사
2022-04-30,238036816,3.885419,건설·운송·상사_굴삭기,건설·운송·상사
2022-05-31,261510772,3.94842,건설·운송·상사_굴삭기,건설·운송·상사
2022-06-30,290237750,3.902141,건설·운송·상사_굴삭기,건설·운송·상사
2022-07-31,283085014,3.983022,건설·운송·상사_굴삭기,건설·운송·상사
2022-08-31,225711543,3.895973,건설·운송·상사_굴삭기,건설·운송·상사
2022-09-30,257057492,3.818557,건설·운송·상사_굴삭기,건설·운송·상사
2022-10-31,231679975,3.74707,건설·운송·상사_굴삭기,건설·운송·상사
2022-11-30,305125914,3.992773,건설·운송·상사_굴삭기,건설·운송·상사
2022-12-31,299826626,4.11218,건설·운송·상사_굴삭기,건설·운송·상사
2023-01-31,315971267,4.293921,건설·운송·상사_굴삭기,건설·운송·상사
2023-02-28,319533193,4.267922,건설·운송·상사_굴삭기,건설·운송·상사
2023-03-31,306248276,4.265042,건설·운송·상사_굴삭기,건설·운송·상사
2023-04-30,338744825,4.232717,건설·운송·상사_굴삭기,건설·운송·상사
2023-05-31,334368361,4.330373,건설·운송·상사_굴삭기,건설·운송·상사
2023-06-30,325330929,4.462185,건설·운송·상사_굴삭기,건설·운송·상사
2023-07-31,315789960,4.442067,건설·운송·상사_굴삭기,건설·운송·상사
2023-08-31,214623324,4.484199,건설·운송·상사_굴삭기,건설·운송·상사
2023-09-30,216600938,4.488896,건설·운송·상사_굴삭기,건설·운송·상사
2023-10-31,189861113,4.295605,건설·운송·상사_굴삭기,건설·운송·상사
2023-11-30,176719541,4.283215,건설·운송·상사_굴삭기,건설·운송·상사
2023-12-31,134514904,4.265657,건설·운송·상사_굴삭기,건설·운송·상사
2024-01-31,154164075,4.277383,건설·운송·상사_굴삭기,건설·운송·상사
2024-02-29,219530865,4.318068,건설·운송·상사_굴삭기,건설·운송·상사
2024-03-31,192696897,4.151656,건설·운송·상사_굴삭기,건설·운송·상사
2024-04-30,181669352,4.072858,건설·운송·상사_굴삭기,건설·운송·상사
2024-05-31,163249219,4.041361,건설·운송·상사_굴삭기,건설·운송·상사
2024-06-30,159277087,4.063265,건설·운송·상사_굴삭기,건설·운송·상사
2024-07-31,159209208,4.117829,건설·운송·상사_굴삭기,건설·운송·상사
2024-08-31,116491950,3.980986,건설·운송·상사_굴삭기,건설·운송·상사
2024-09-30,133659686,4.120082,건설·운송·상사_굴삭기,건설·운송·상사
2024-10-31,108143935,3.769589,건설·운송·상사_굴삭기,건설·운송·상사
2024-11-30,111341150,3.782162,건설·운송·상사_굴삭기,건설·운송·상사
2024-12-31,134792756,3.872034,건설·운송·상사_굴삭기,건설·운송·상사
2025-01-31,139068500,3.908797,건설·운송·상사_굴삭기,건설·운송·상사
2025-02-28,164975174,3.907347,건설·운송·상사_굴삭기,건설·운송·상사
2025-03-31,183388931,3.99507,건설·운송·상사_굴삭기,건설·운송·상사
2025-04-30,213311891,4.077668,건설·운송·상사_굴삭기,건설·운송·상사
2025-05-31,196287147,4.106586,건설·운송·상사_굴삭기,건설·운송·상사
2025-06-30,207573373,4.01767,건설·운송·상사_굴삭기,건설·운송·상사
2025-07-31,229219826,4.202013,건설·운송·상사_굴삭기,건설·운송·상사
2025-08-31,194865129,4.210688,건설·운송·상사_굴삭기,건설·운송·상사
2025-09-30,233478496,4.015039,건설·운송·상사_굴삭기,건설·운송·상사
2025-10-31,178631786,4.0121,건설·운송·상사_굴삭기,건설·운송·상사
2025-11-30,219702432,3.80737,건설·운송·상사_굴삭기,건설·운송·상사
2025-12-31,180402788,3.747626,건설·운송·상사_굴삭기,건설·운송·상사
2026-01-31,243090397,4.002311,건설·운송·상사_굴삭기,건설·운송·상사
2026-02-28,223007250,4.024538,건설·운송·상사_굴삭기,건설·운송·상사
2026-03-31,237135000,3.968985,건설·운송·상사_굴삭기,건설·운송·상사
2026-04-30,249214010,3.949646,건설·운송·상사_굴삭기,건설·운송·상사
2026-05-31,234962622,4.02914,건설·운송·상사_굴삭기,건설·운송·상사
2026-06-30,210322463,3.989947,건설·운송·상사_굴삭기,건설·운송·상사
2026-07-31,234069884,4.020833,건설·운송·상사_굴삭기,건설·운송·상사
2026-08-31,172462938,4.254351,건설·운송·상사_굴삭기,건설·운송·상사
2017-01-31,114649939,3.338243,건설·운송·상사_굴착기 하부 부품,건설·운송·상사
2017-02-28,130705420,3.339474,건설·운송·상사_굴착기 하부 부품,건설·운송·상사
2017-03-31,152193950,3.58539,건설·운송·상사_굴착기 하부 부품,건설·운송·상사
2017-04-30,148781491,3.453027,건설·운송·상사_굴착기 하부 부품,건설·운송·상사
2017-05-31,146262106,3.402235,건설·운송·상사_굴착기 하부 부품,건설·운송·상사
2017-06-30,144981579,3.543784,건설·운송·상사_굴착기 하부 부품,건설·운송·상사
2017-07-31,159513856,3.931026,건설·운송·상사_굴착기 하부 부품,건설·운송·상사
2017-08-31,132985681,3.381482,건설·운송·상사_굴착기 하부 부품,건설·운송·상사
2017-09-30,164605668,3.431694,건설·운송·상사_굴착기 하부 부품,건설·운송·상사
2017-10-31,136277736,3.496023,건설·운송·상사_굴착기 하부 부품,건설·운송·상사
2017-11-30,176674328,3.561809,건설·운송·상사_굴착기 하부 부품,건설·운송·상사
2017-12-31,174830167,3.555371,건설·운송·상사_굴착기 하부 부품,건설·운송·상사
2018-01-31,182740389,3.365065,건설·운송·상사_굴착기 하부 부품,건설·운송·상사
2018-02-28,165035402,3.5906,건설·운송·상사_굴착기 하부 부품,건설·운송·상사
2018-03-31,194501175,3.44836,건설·운송·상사_굴착기 하부 부품,건설·운송·상사
2018-04-30,181497589,3.377153,건설·운송·상사_굴착기 하부 부품,건설·운송·상사
2018-05-31,202773058,3.477189,건설·운송·상사_굴착기 하부 부품,건설·운송·상사
2018-06-30,179489740,3.352108,건설·운송·상사_굴착기 하부 부품,건설·운송·상사
2018-07-31,182770687,3.452921,건설·운송·상사_굴착기 하부 부품,건설·운송·상사
2018-08-31,159430116,3.34841,건설·운송·상사_굴착기 하부 부품,건설·운송·상사
2018-09-30,153368943,3.265646,건설·운송·상사_굴착기 하부 부품,건설·운송·상사
2018-10-31,185833567,3.25479,건설·운송·상사_굴착기 하부 부품,건설·운송·상사
2018-11-30,186561236,3.198851,건설·운송·상사_굴착기 하부 부품,건설·운송·상사
2018-12-31,169514486,3.229191,건설·운송·상사_굴착기 하부 부품,건설·운송·상사
2019-01-31,173850285,3.056499,건설·운송·상사_굴착기 하부 부품,건설·운송·상사
2019-02-28,144116791,3.372357,건설·운송·상사_굴착기 하부 부품,건설·운송·상사
2019-03-31,171160847,3.383367,건설·운송·상사_굴착기 하부 부품,건설·운송·상사
2019-04-30,177344398,3.274183,건설·운송·상사_굴착기 하부 부품,건설·운송·상사
2019-05-31,160688397,3.199306,건설·운송·상사_굴착기 하부 부품,건설·운송·상사
2019-06-30,140526237,3.460171,건설·운송·상사_굴착기 하부 부품,건설·운송·상사
2019-07-31,147344817,3.322009,건설·운송·상사_굴착기 하부 부품,건설·운송·상사
2019-08-31,116880626,3.24481,건설·운송·상사_굴착기 하부 부품,건설·운송·상사
2019-09-30,110266647,3.248364,건설·운송·상사_굴착기 하부 부품,건설·운송·상사
2019-10-31,133679002,3.295476,건설·운송·상사_굴착기 하부 부품,건설·운송·상사
2019-11-30,130471469,0.254974,건설·운송·상사_굴착기 하부 부품,건설·운송·상사
2019-12-31,122003219,3.392859,건설·운송·상사_굴착기 하부 부품,건설·운송·상사
2020-01-31,118990271,3.224333,건설·운송·상사_굴착기 하부 부품,건설·운송·상사
2020-02-29,132649791,3.300941,건설·운송·상사_굴착기 하부 부품,건설·운송·상사
2020-03-31,135323822,3.261772,건설·운송·상사_굴착기 하부 부품,건설·운송·상사
2020-04-30,116649716,3.26899,건설·운송·상사_굴착기 하부 부품,건설·운송·상사
2020-05-31,94884566,3.194559,건설·운송·상사_굴착기 하부 부품,건설·운송·상사
2020-06-30,103733471,3.061239,건설·운송·상사_굴착기 하부 부품,건설·운송·상사
2020-07-31,109488281,3.450935,건설·운송·상사_굴착기 하부 부품,건설·운송·상사
2020-08-31,83224858,3.125986,건설·운송·상사_굴착기 하부 부품,건설·운송·상사
2020-09-30,125670426,3.162344,건설·운송·상사_굴착기 하부 부품,건설·운송·상사
2020-10-31,122813712,3.097781,건설·운송·상사_굴착기 하부 부품,건설·운송·상사
2020-11-30,132723283,3.01278,건설·운송·상사_굴착기 하부 부품,건설·운송·상사
2020-12-31,155255970,3.121857,건설·운송·상사_굴착기 하부 부품,건설·운송·상사
2021-01-31,143783862,3.015502,건설·운송·상사_굴착기 하부 부품,건설·운송·상사
2021-02-28,139250143,3.093732,건설·운송·상사_굴착기 하부 부품,건설·운송·상사
2021-03-31,164328671,3.198634,건설·운송·상사_굴착기 하부 부품,건설·운송·상사
2021-04-30,152563940,3.242183,건설·운송·상사_굴착기 하부 부품,건설·운송·상사
2021-05-31,148966024,3.176505,건설·운송·상사_굴착기 하부 부품,건설·운송·상사
2021-06-30,168377590,3.359107,건설·운송·상사_굴착기 하부 부품,건설·운송·상사
2021-07-31,158455544,3.409792,건설·운송·상사_굴착기 하부 부품,건설·운송·상사
2021-08-31,124662494,3.370624,건설·운송·상사_굴착기 하부 부품,건설·운송·상사
2021-09-30,151765367,3.51654,건설·운송·상사_굴착기 하부 부품,건설·운송·상사
2021-10-31,170083681,3.352472,건설·운송·상사_굴착기 하부 부품,건설·운송·상사
2021-11-30,169672840,3.539983,건설·운송·상사_굴착기 하부 부품,건설·운송·상사
2021-12-31,170586317,3.569918,건설·운송·상사_굴착기 하부 부품,건설·운송·상사
2022-01-31,168943589,3.690894,건설·운송·상사_굴착기 하부 부품,건설·운송·상사
2022-02-28,148492755,3.637785,건설·운송·상사_굴착기 하부 부품,건설·운송·상사
2022-03-31,165622676,3.709108,건설·운송·상사_굴착기 하부 부품,건설·운송·상사
2022-04-30,158227995,3.651294,건설·운송·상사_굴착기 하부 부품,건설·운송·상사
2022-05-31,159294066,3.94122,건설·운송·상사_굴착기 하부 부품,건설·운송·상사
2022-06-30,155308287,3.905851,건설·운송·상사_굴착기 하부 부품,건설·운송·상사
2022-07-31,179240641,4.153386,건설·운송·상사_굴착기 하부 부품,건설·운송·상사
2022-08-31,139280676,3.776772,건설·운송·상사_굴착기 하부 부품,건설·운송·상사
2022-09-30,150855039,3.897038,건설·운송·상사_굴착기 하부 부품,건설·운송·상사
2022-10-31,152712329,3.833498,건설·운송·상사_굴착기 하부 부품,건설·운송·상사
2022-11-30,142892175,3.652955,건설·운송·상사_굴착기 하부 부품,건설·운송·상사
2022-12-31,150469236,3.772135,건설·운송·상사_굴착기 하부 부품,건설·운송·상사
2023-01-31,136248954,3.733776,건설·운송·상사_굴착기 하부 부품,건설·운송·상사
2023-02-28,143443912,3.84629,건설·운송·상사_굴착기 하부 부품,건설·운송·상사
2023-03-31,158600512,3.866882,건설·운송·상사_굴착기 하부 부품,건설·운송·상사
2023-04-30,147737967,3.894799,건설·운송·상사_굴착기 하부 부품,건설·운송·상사
2023-05-31,134682364,3.795422,건설·운송·상사_굴착기 하부 부품,건설·운송·상사
2023-06-30,143886970,3.849248,건설·운송·상사_굴착기 하부 부품,건설·운송·상사
2023-07-31,127054568,3.846439,건설·운송·상사_굴착기 하부 부품,건설·운송·상사
2023-08-31,113933713,3.775834,건설·운송·상사_굴착기 하부 부품,건설·운송·상사
2023-09-30,124219853,3.634864,건설·운송·상사_굴착기 하부 부품,건설·운송·상사
2023-10-31,113799532,3.66645,건설·운송·상사_굴착기 하부 부품,건설·운송·상사
2023-11-30,137224360,3.692039,건설·운송·상사_굴착기 하부 부품,건설·운송·상사
2023-12-31,122314442,3.654842,건설·운송·상사_굴착기 하부 부품,건설·운송·상사
2024-01-31,119710946,3.505137,건설·운송·상사_굴착기 하부 부품,건설·운송·상사
2024-02-29,126364679,3.760805,건설·운송·상사_굴착기 하부 부품,건설·운송·상사
2024-03-31,124132669,3.718668,건설·운송·상사_굴착기 하부 부품,건설·운송·상사
2024-04-30,129180622,3.721348,건설·운송·상사_굴착기 하부 부품,건설·운송·상사
2024-05-31,122342106,3.761739,건설·운송·상사_굴착기 하부 부품,건설·운송·상사
2024-06-30,114507528,3.700719,건설·운송·상사_굴착기 하부 부품,건설·운송·상사
2024-07-31,130488962,3.732937,건설·운송·상사_굴착기 하부 부품,건설·운송·상사
2024-08-31,113313518,3.890797,건설·운송·상사_굴착기 하부 부품,건설·운송·상사
2024-09-30,104734668,3.705453,건설·운송·상사_굴착기 하부 부품,건설·운송·상사
2024-10-31,114879702,3.926515,건설·운송·상사_굴착기 하부 부품,건설·운송·상사
2024-11-30,112109242,3.786311,건설·운송·상사_굴착기 하부 부품,건설·운송·상사
2024-12-31,115944750,3.672966,건설·운송·상사_굴착기 하부 부품,건설·운송·상사
2025-01-31,101554715,3.720043,건설·운송·상사_굴착기 하부 부품,건설·운송·상사
2025-02-28,126931127,3.670933,건설·운송·상사_굴착기 하부 부품,건설·운송·상사
2025-03-31,118137791,3.826672,건설·운송·상사_굴착기 하부 부품,건설·운송·상사
2025-04-30,127724378,2.306474,건설·운송·상사_굴착기 하부 부품,건설·운송·상사
2025-05-31,113666291,3.797001,건설·운송·상사_굴착기 하부 부품,건설·운송·상사
2025-06-30,108168373,3.670884,건설·운송·상사_굴착기 하부 부품,건설·운송·상사
2025-07-31,127921307,3.769144,건설·운송·상사_굴착기 하부 부품,건설·운송·상사
2025-08-31,95445976,3.633239,건설·운송·상사_굴착기 하부 부품,건설·운송·상사
2025-09-30,124943754,3.738009,건설·운송·상사_굴착기 하부 부품,건설·운송·상사
2025-10-31,98135763,3.631995,건설·운송·상사_굴착기 하부 부품,건설·운송·상사
2025-11-30,114572094,3.644625,건설·운송·상사_굴착기 하부 부품,건설·운송·상사
2025-12-31,120862306,3.482159,건설·운송·상사_굴착기 하부 부품,건설·운송·상사
2026-01-31,116773288,3.496811,건설·운송·상사_굴착기 하부 부품,건설·운송·상사
2026-02-28,103537764,3.49103,건설·운송·상사_굴착기 하부 부품,건설·운송·상사
2026-03-31,128442198,3.60296,건설·운송·상사_굴착기 하부 부품,건설·운송·상사
2026-04-30,135683558,3.413084,건설·운송·상사_굴착기 하부 부품,건설·운송·상사
2026-05-31,108741205,3.602839,건설·운송·상사_굴착기 하부 부품,건설·운송·상사
2026-06-30,127283283,3.539857,건설·운송·상사_굴착기 하부 부품,건설·운송·상사
2026-07-31,137081133,3.544961,건설·운송·상사_굴착기 하부 부품,건설·운송·상사
2026-08-31,99831124,3.512509,건설·운송·상사_굴착기 하부 부품,건설·운송·상사
2017-01-31,16460091,8.894649,"건설·운송·상사_발전기, 산업, 건설기계용 엔진",건설·운송·상사
2017-02-28,25267160,12.075423,"건설·운송·상사_발전기, 산업, 건설기계용 엔진",건설·운송·상사
2017-03-31,34410195,10.848296,"건설·운송·상사_발전기, 산업, 건설기계용 엔진",건설·운송·상사
2017-04-30,34398485,10.997676,"건설·운송·상사_발전기, 산업, 건설기계용 엔진",건설·운송·상사
2017-05-31,37533511,11.112549,"건설·운송·상사_발전기, 산업, 건설기계용 엔진",건설·운송·상사
2017-06-30,47454683,12.039356,"건설·운송·상사_발전기, 산업, 건설기계용 엔진",건설·운송·상사
2017-07-31,37561377,10.839334,"건설·운송·상사_발전기, 산업, 건설기계용 엔진",건설·운송·상사
2017-08-31,36601239,10.566073,"건설·운송·상사_발전기, 산업, 건설기계용 엔진",건설·운송·상사
2017-09-30,36500655,11.724344,"건설·운송·상사_발전기, 산업, 건설기계용 엔진",건설·운송·상사
2017-10-31,39175644,13.055844,"건설·운송·상사_발전기, 산업, 건설기계용 엔진",건설·운송·상사
2017-11-30,40364286,11.799496,"건설·운송·상사_발전기, 산업, 건설기계용 엔진",건설·운송·상사
2017-12-31,37743141,11.101021,"건설·운송·상사_발전기, 산업, 건설기계용 엔진",건설·운송·상사
2018-01-31,53147151,13.512492,"건설·운송·상사_발전기, 산업, 건설기계용 엔진",건설·운송·상사
2018-02-28,39211707,12.034155,"건설·운송·상사_발전기, 산업, 건설기계용 엔진",건설·운송·상사
2018-03-31,43489865,12.446637,"건설·운송·상사_발전기, 산업, 건설기계용 엔진",건설·운송·상사
2018-04-30,49758222,12.370448,"건설·운송·상사_발전기, 산업, 건설기계용 엔진",건설·운송·상사
2018-05-31,45942713,12.752405,"건설·운송·상사_발전기, 산업, 건설기계용 엔진",건설·운송·상사
2018-06-30,48477638,12.641071,"건설·운송·상사_발전기, 산업, 건설기계용 엔진",건설·운송·상사
2018-07-31,56483034,12.843207,"건설·운송·상사_발전기, 산업, 건설기계용 엔진",건설·운송·상사
2018-08-31,40836502,12.931438,"건설·운송·상사_발전기, 산업, 건설기계용 엔진",건설·운송·상사
2018-09-30,44411092,13.902511,"건설·운송·상사_발전기, 산업, 건설기계용 엔진",건설·운송·상사
2018-10-31,43478326,13.049254,"건설·운송·상사_발전기, 산업, 건설기계용 엔진",건설·운송·상사
2018-11-30,39002950,13.008952,"건설·운송·상사_발전기, 산업, 건설기계용 엔진",건설·운송·상사
2018-12-31,35677524,10.939197,"건설·운송·상사_발전기, 산업, 건설기계용 엔진",건설·운송·상사
2019-01-31,37836131,12.34548,"건설·운송·상사_발전기, 산업, 건설기계용 엔진",건설·운송·상사
2019-02-28,38837377,11.903964,"건설·운송·상사_발전기, 산업, 건설기계용 엔진",건설·운송·상사
2019-03-31,42014772,12.970808,"건설·운송·상사_발전기, 산업, 건설기계용 엔진",건설·운송·상사
2019-04-30,48845829,13.133938,"건설·운송·상사_발전기, 산업, 건설기계용 엔진",건설·운송·상사
2019-05-31,48102250,12.607842,"건설·운송·상사_발전기, 산업, 건설기계용 엔진",건설·운송·상사
2019-06-30,43008007,12.617218,"건설·운송·상사_발전기, 산업, 건설기계용 엔진",건설·운송·상사
2019-07-31,57036886,12.683845,"건설·운송·상사_발전기, 산업, 건설기계용 엔진",건설·운송·상사
2019-08-31,38758082,11.847504,"건설·운송·상사_발전기, 산업, 건설기계용 엔진",건설·운송·상사
2019-09-30,44065835,11.849405,"건설·운송·상사_발전기, 산업, 건설기계용 엔진",건설·운송·상사
2019-10-31,50543017,11.640517,"건설·운송·상사_발전기, 산업, 건설기계용 엔진",건설·운송·상사
2019-11-30,37430247,11.923528,"건설·운송·상사_발전기, 산업, 건설기계용 엔진",건설·운송·상사
2019-12-31,56768633,13.363649,"건설·운송·상사_발전기, 산업, 건설기계용 엔진",건설·운송·상사
2020-01-31,32326247,11.706234,"건설·운송·상사_발전기, 산업, 건설기계용 엔진",건설·운송·상사
2020-02-29,34225573,12.367385,"건설·운송·상사_발전기, 산업, 건설기계용 엔진",건설·운송·상사
2020-03-31,44817742,12.784357,"건설·운송·상사_발전기, 산업, 건설기계용 엔진",건설·운송·상사
2020-04-30,32181216,13.709708,"건설·운송·상사_발전기, 산업, 건설기계용 엔진",건설·운송·상사
2020-05-31,33373839,13.88408,"건설·운송·상사_발전기, 산업, 건설기계용 엔진",건설·운송·상사
2020-06-30,25500329,13.299586,"건설·운송·상사_발전기, 산업, 건설기계용 엔진",건설·운송·상사
2020-07-31,27917343,12.084112,"건설·운송·상사_발전기, 산업, 건설기계용 엔진",건설·운송·상사
2020-08-31,31811436,13.295775,"건설·운송·상사_발전기, 산업, 건설기계용 엔진",건설·운송·상사
2020-09-30,39211324,12.69848,"건설·운송·상사_발전기, 산업, 건설기계용 엔진",건설·운송·상사
2020-10-31,32294979,11.466189,"건설·운송·상사_발전기, 산업, 건설기계용 엔진",건설·운송·상사
2020-11-30,34685501,11.105056,"건설·운송·상사_발전기, 산업, 건설기계용 엔진",건설·운송·상사
2020-12-31,56334553,12.953733,"건설·운송·상사_발전기, 산업, 건설기계용 엔진",건설·운송·상사
2021-01-31,24895855,11.525488,"건설·운송·상사_발전기, 산업, 건설기계용 엔진",건설·운송·상사
2021-02-28,39467767,12.471405,"건설·운송·상사_발전기, 산업, 건설기계용 엔진",건설·운송·상사
2021-03-31,37022110,11.584978,"건설·운송·상사_발전기, 산업, 건설기계용 엔진",건설·운송·상사
2021-04-30,38877407,12.693494,"건설·운송·상사_발전기, 산업, 건설기계용 엔진",건설·운송·상사
2021-05-31,45902296,14.222193,"건설·운송·상사_발전기, 산업, 건설기계용 엔진",건설·운송·상사
2021-06-30,47224647,12.928287,"건설·운송·상사_발전기, 산업, 건설기계용 엔진",건설·운송·상사
2021-07-31,44085514,12.94258,"건설·운송·상사_발전기, 산업, 건설기계용 엔진",건설·운송·상사
2021-08-31,33008477,11.588021,"건설·운송·상사_발전기, 산업, 건설기계용 엔진",건설·운송·상사
2021-09-30,33034229,11.465037,"건설·운송·상사_발전기, 산업, 건설기계용 엔진",건설·운송·상사
2021-10-31,40262704,11.91239,"건설·운송·상사_발전기, 산업, 건설기계용 엔진",건설·운송·상사
2021-11-30,35193541,12.386768,"건설·운송·상사_발전기, 산업, 건설기계용 엔진",건설·운송·상사
2021-12-31,66656701,13.688335,"건설·운송·상사_발전기, 산업, 건설기계용 엔진",건설·운송·상사
2022-01-31,39410888,12.651759,"건설·운송·상사_발전기, 산업, 건설기계용 엔진",건설·운송·상사
2022-02-28,50471086,13.366807,"건설·운송·상사_발전기, 산업, 건설기계용 엔진",건설·운송·상사
2022-03-31,53090820,12.560392,"건설·운송·상사_발전기, 산업, 건설기계용 엔진",건설·운송·상사
2022-04-30,53053111,14.538776,"건설·운송·상사_발전기, 산업, 건설기계용 엔진",건설·운송·상사
2022-05-31,40505947,12.913746,"건설·운송·상사_발전기, 산업, 건설기계용 엔진",건설·운송·상사
2022-06-30,55854866,13.47262,"건설·운송·상사_발전기, 산업, 건설기계용 엔진",건설·운송·상사
2022-07-31,61294363,11.947898,"건설·운송·상사_발전기, 산업, 건설기계용 엔진",건설·운송·상사
2022-08-31,45778227,11.631277,"건설·운송·상사_발전기, 산업, 건설기계용 엔진",건설·운송·상사
2022-09-30,41464097,12.316536,"건설·운송·상사_발전기, 산업, 건설기계용 엔진",건설·운송·상사
2022-10-31,31955821,11.114727,"건설·운송·상사_발전기, 산업, 건설기계용 엔진",건설·운송·상사
2022-11-30,47829869,13.111965,"건설·운송·상사_발전기, 산업, 건설기계용 엔진",건설·운송·상사
2022-12-31,42891722,13.412983,"건설·운송·상사_발전기, 산업, 건설기계용 엔진",건설·운송·상사
2023-01-31,46363745,13.902412,"건설·운송·상사_발전기, 산업, 건설기계용 엔진",건설·운송·상사
2023-02-28,47244970,13.406846,"건설·운송·상사_발전기, 산업, 건설기계용 엔진",건설·운송·상사
2023-03-31,58759528,12.073653,"건설·운송·상사_발전기, 산업, 건설기계용 엔진",건설·운송·상사
2023-04-30,47386396,12.477172,"건설·운송·상사_발전기, 산업, 건설기계용 엔진",건설·운송·상사
2023-05-31,47916082,12.026867,"건설·운송·상사_발전기, 산업, 건설기계용 엔진",건설·운송·상사
2023-06-30,45792947,12.164613,"건설·운송·상사_발전기, 산업, 건설기계용 엔진",건설·운송·상사
2023-07-31,48172726,13.012922,"건설·운송·상사_발전기, 산업, 건설기계용 엔진",건설·운송·상사
2023-08-31,34333476,11.218551,"건설·운송·상사_발전기, 산업, 건설기계용 엔진",건설·운송·상사
2023-09-30,41156898,11.056638,"건설·운송·상사_발전기, 산업, 건설기계용 엔진",건설·운송·상사
2023-10-31,41011490,12.006434,"건설·운송·상사_발전기, 산업, 건설기계용 엔진",건설·운송·상사
2023-11-30,45330476,12.579034,"건설·운송·상사_발전기, 산업, 건설기계용 엔진",건설·운송·상사
2023-12-31,38960424,13.098961,"건설·운송·상사_발전기, 산업, 건설기계용 엔진",건설·운송·상사
2024-01-31,40254954,12.123499,"건설·운송·상사_발전기, 산업, 건설기계용 엔진",건설·운송·상사
2024-02-29,47680023,13.234985,"건설·운송·상사_발전기, 산업, 건설기계용 엔진",건설·운송·상사
2024-03-31,68447836,18.502245,"건설·운송·상사_발전기, 산업, 건설기계용 엔진",건설·운송·상사
2024-04-30,56533599,12.880896,"건설·운송·상사_발전기, 산업, 건설기계용 엔진",건설·운송·상사
2024-05-31,54297612,13.585769,"건설·운송·상사_발전기, 산업, 건설기계용 엔진",건설·운송·상사
2024-06-30,46443283,12.019147,"건설·운송·상사_발전기, 산업, 건설기계용 엔진",건설·운송·상사
2024-07-31,44588676,12.284817,"건설·운송·상사_발전기, 산업, 건설기계용 엔진",건설·운송·상사
2024-08-31,32492468,10.629939,"건설·운송·상사_발전기, 산업, 건설기계용 엔진",건설·운송·상사
2024-09-30,32787675,11.755164,"건설·운송·상사_발전기, 산업, 건설기계용 엔진",건설·운송·상사
2024-10-31,27850938,10.226228,"건설·운송·상사_발전기, 산업, 건설기계용 엔진",건설·운송·상사
2024-11-30,36175036,11.443725,"건설·운송·상사_발전기, 산업, 건설기계용 엔진",건설·운송·상사
2024-12-31,39340975,11.835588,"건설·운송·상사_발전기, 산업, 건설기계용 엔진",건설·운송·상사
2025-01-31,32025198,11.898555,"건설·운송·상사_발전기, 산업, 건설기계용 엔진",건설·운송·상사
2025-02-28,38025616,12.617537,"건설·운송·상사_발전기, 산업, 건설기계용 엔진",건설·운송·상사
2025-03-31,46578607,12.474865,"건설·운송·상사_발전기, 산업, 건설기계용 엔진",건설·운송·상사
2025-04-30,50828777,13.812296,"건설·운송·상사_발전기, 산업, 건설기계용 엔진",건설·운송·상사
2025-05-31,51253351,12.979981,"건설·운송·상사_발전기, 산업, 건설기계용 엔진",건설·운송·상사
2025-06-30,50531229,13.34661,"건설·운송·상사_발전기, 산업, 건설기계용 엔진",건설·운송·상사
2025-07-31,59663473,12.81662,"건설·운송·상사_발전기, 산업, 건설기계용 엔진",건설·운송·상사
2025-08-31,32572188,11.885786,"건설·운송·상사_발전기, 산업, 건설기계용 엔진",건설·운송·상사
2025-09-30,40870762,10.653971,"건설·운송·상사_발전기, 산업, 건설기계용 엔진",건설·운송·상사
2025-10-31,36424343,11.071159,"건설·운송·상사_발전기, 산업, 건설기계용 엔진",건설·운송·상사
2025-11-30,33403885,10.723994,"건설·운송·상사_발전기, 산업, 건설기계용 엔진",건설·운송·상사
2025-12-31,48274397,11.95177,"건설·운송·상사_발전기, 산업, 건설기계용 엔진",건설·운송·상사
2026-01-31,32255197,10.366626,"건설·운송·상사_발전기, 산업, 건설기계용 엔진",건설·운송·상사
2026-02-28,30962760,10.438355,"건설·운송·상사_발전기, 산업, 건설기계용 엔진",건설·운송·상사
2026-03-31,46965504,14.19308,"건설·운송·상사_발전기, 산업, 건설기계용 엔진",건설·운송·상사
2026-04-30,54346773,14.953151,"건설·운송·상사_발전기, 산업, 건설기계용 엔진",건설·운송·상사
2026-05-31,31897631,12.913616,"건설·운송·상사_발전기, 산업, 건설기계용 엔진",건설·운송·상사
2026-06-30,58794753,16.014555,"건설·운송·상사_발전기, 산업, 건설기계용 엔진",건설·운송·상사
2026-07-31,69475388,14.341427,"건설·운송·상사_발전기, 산업, 건설기계용 엔진",건설·운송·상사
2026-08-31,46263883,16.575232,"건설·운송·상사_발전기, 산업, 건설기계용 엔진",건설·운송·상사
2017-01-31,29559679,104.133247,바이오/의료기기_PCR 및 면역 진단키트,바이오/의료기기
2017-02-28,37094750,96.397205,바이오/의료기기_PCR 및 면역 진단키트,바이오/의료기기
2017-03-31,39659500,93.502314,바이오/의료기기_PCR 및 면역 진단키트,바이오/의료기기
2017-04-30,27694201,60.095184,바이오/의료기기_PCR 및 면역 진단키트,바이오/의료기기
2017-05-31,30056632,95.369985,바이오/의료기기_PCR 및 면역 진단키트,바이오/의료기기
2017-06-30,35795149,84.307561,바이오/의료기기_PCR 및 면역 진단키트,바이오/의료기기
2017-07-31,29596786,72.594999,바이오/의료기기_PCR 및 면역 진단키트,바이오/의료기기
2017-08-31,30536132,95.457415,바이오/의료기기_PCR 및 면역 진단키트,바이오/의료기기
2017-09-30,40934803,74.861151,바이오/의료기기_PCR 및 면역 진단키트,바이오/의료기기
2017-10-31,21669823,71.254692,바이오/의료기기_PCR 및 면역 진단키트,바이오/의료기기
2017-11-30,34550345,71.695589,바이오/의료기기_PCR 및 면역 진단키트,바이오/의료기기
2017-12-31,43246740,109.755299,바이오/의료기기_PCR 및 면역 진단키트,바이오/의료기기
2018-01-31,36133882,82.673686,바이오/의료기기_PCR 및 면역 진단키트,바이오/의료기기
2018-02-28,35191847,119.228623,바이오/의료기기_PCR 및 면역 진단키트,바이오/의료기기
2018-03-31,56309420,69.284693,바이오/의료기기_PCR 및 면역 진단키트,바이오/의료기기
2018-04-30,37432541,69.038655,바이오/의료기기_PCR 및 면역 진단키트,바이오/의료기기
2018-05-31,41582709,70.461481,바이오/의료기기_PCR 및 면역 진단키트,바이오/의료기기
2018-06-30,41923247,55.817017,바이오/의료기기_PCR 및 면역 진단키트,바이오/의료기기
2018-07-31,29720025,46.218971,바이오/의료기기_PCR 및 면역 진단키트,바이오/의료기기
2018-08-31,29051291,54.07683,바이오/의료기기_PCR 및 면역 진단키트,바이오/의료기기
2018-09-30,34016832,52.710738,바이오/의료기기_PCR 및 면역 진단키트,바이오/의료기기
2018-10-31,31508240,67.998035,바이오/의료기기_PCR 및 면역 진단키트,바이오/의료기기
2018-11-30,21915672,110.843018,바이오/의료기기_PCR 및 면역 진단키트,바이오/의료기기
2018-12-31,27853665,116.405801,바이오/의료기기_PCR 및 면역 진단키트,바이오/의료기기
2019-01-31,17765527,100.213044,바이오/의료기기_PCR 및 면역 진단키트,바이오/의료기기
2019-02-28,17046661,105.668964,바이오/의료기기_PCR 및 면역 진단키트,바이오/의료기기
2019-03-31,25229131,112.585146,바이오/의료기기_PCR 및 면역 진단키트,바이오/의료기기
2019-04-30,18689898,109.514257,바이오/의료기기_PCR 및 면역 진단키트,바이오/의료기기
2019-05-31,19264624,122.231102,바이오/의료기기_PCR 및 면역 진단키트,바이오/의료기기
2019-06-30,22043173,115.622822,바이오/의료기기_PCR 및 면역 진단키트,바이오/의료기기
2019-07-31,19384685,122.66781,바이오/의료기기_PCR 및 면역 진단키트,바이오/의료기기
2019-08-31,19585398,106.712217,바이오/의료기기_PCR 및 면역 진단키트,바이오/의료기기
2019-09-30,21321566,118.410569,바이오/의료기기_PCR 및 면역 진단키트,바이오/의료기기
2019-10-31,22110619,101.880263,바이오/의료기기_PCR 및 면역 진단키트,바이오/의료기기
2019-11-30,21380789,120.713769,바이오/의료기기_PCR 및 면역 진단키트,바이오/의료기기
2019-12-31,29777054,109.603973,바이오/의료기기_PCR 및 면역 진단키트,바이오/의료기기
2020-01-31,20772398,127.131217,바이오/의료기기_PCR 및 면역 진단키트,바이오/의료기기
2020-02-29,25458825,118.977419,바이오/의료기기_PCR 및 면역 진단키트,바이오/의료기기
2020-03-31,61755223,208.441554,바이오/의료기기_PCR 및 면역 진단키트,바이오/의료기기
2020-04-30,267650592,568.44316,바이오/의료기기_PCR 및 면역 진단키트,바이오/의료기기
2020-05-31,189149070,416.007525,바이오/의료기기_PCR 및 면역 진단키트,바이오/의료기기
2020-06-30,167895968,363.018717,바이오/의료기기_PCR 및 면역 진단키트,바이오/의료기기
2020-07-31,136602550,279.622298,바이오/의료기기_PCR 및 면역 진단키트,바이오/의료기기
2020-08-31,181826710,413.261758,바이오/의료기기_PCR 및 면역 진단키트,바이오/의료기기
2020-09-30,288574788,526.765864,바이오/의료기기_PCR 및 면역 진단키트,바이오/의료기기
2020-10-31,238463877,394.829394,바이오/의료기기_PCR 및 면역 진단키트,바이오/의료기기
2020-11-30,294236833,382.087692,바이오/의료기기_PCR 및 면역 진단키트,바이오/의료기기
2020-12-31,310088833,333.339847,바이오/의료기기_PCR 및 면역 진단키트,바이오/의료기기
2021-01-31,173213808,292.786287,바이오/의료기기_PCR 및 면역 진단키트,바이오/의료기기
2021-02-28,121533596,267.143206,바이오/의료기기_PCR 및 면역 진단키트,바이오/의료기기
2021-03-31,153389885,265.392513,바이오/의료기기_PCR 및 면역 진단키트,바이오/의료기기
2021-04-30,150100538,248.930652,바이오/의료기기_PCR 및 면역 진단키트,바이오/의료기기
2021-05-31,147277962,292.630788,바이오/의료기기_PCR 및 면역 진단키트,바이오/의료기기
2021-06-30,142890994,234.261445,바이오/의료기기_PCR 및 면역 진단키트,바이오/의료기기
2021-07-31,198022926,217.804832,바이오/의료기기_PCR 및 면역 진단키트,바이오/의료기기
2021-08-31,176498085,217.767025,바이오/의료기기_PCR 및 면역 진단키트,바이오/의료기기
2021-09-30,195497224,243.753022,바이오/의료기기_PCR 및 면역 진단키트,바이오/의료기기
2021-10-31,155354891,192.582302,바이오/의료기기_PCR 및 면역 진단키트,바이오/의료기기
2021-11-30,184127521,208.242879,바이오/의료기기_PCR 및 면역 진단키트,바이오/의료기기
2021-12-31,249151930,220.869621,바이오/의료기기_PCR 및 면역 진단키트,바이오/의료기기
2022-01-31,577522996,100.052007,바이오/의료기기_PCR 및 면역 진단키트,바이오/의료기기
2022-02-28,568868018,90.909631,바이오/의료기기_PCR 및 면역 진단키트,바이오/의료기기
2022-03-31,584484538,80.037298,바이오/의료기기_PCR 및 면역 진단키트,바이오/의료기기
2022-04-30,267882502,63.659162,바이오/의료기기_PCR 및 면역 진단키트,바이오/의료기기
2022-05-31,368126552,49.650599,바이오/의료기기_PCR 및 면역 진단키트,바이오/의료기기
2022-06-30,243803916,49.153345,바이오/의료기기_PCR 및 면역 진단키트,바이오/의료기기
2022-07-31,100565055,77.3332,바이오/의료기기_PCR 및 면역 진단키트,바이오/의료기기
2022-08-31,157746607,63.612121,바이오/의료기기_PCR 및 면역 진단키트,바이오/의료기기
2022-09-30,187455255,72.283307,바이오/의료기기_PCR 및 면역 진단키트,바이오/의료기기
2022-10-31,115443946,59.401836,바이오/의료기기_PCR 및 면역 진단키트,바이오/의료기기
2022-11-30,74468650,76.835065,바이오/의료기기_PCR 및 면역 진단키트,바이오/의료기기
2022-12-31,102037391,72.011485,바이오/의료기기_PCR 및 면역 진단키트,바이오/의료기기
2023-01-31,142619300,63.892157,바이오/의료기기_PCR 및 면역 진단키트,바이오/의료기기
2023-02-28,132693923,63.817688,바이오/의료기기_PCR 및 면역 진단키트,바이오/의료기기
2023-03-31,55902145,75.047682,바이오/의료기기_PCR 및 면역 진단키트,바이오/의료기기
2023-04-30,40702038,78.664669,바이오/의료기기_PCR 및 면역 진단키트,바이오/의료기기
2023-05-31,51243992,76.73639,바이오/의료기기_PCR 및 면역 진단키트,바이오/의료기기
2023-06-30,54852419,68.88733,바이오/의료기기_PCR 및 면역 진단키트,바이오/의료기기
2023-07-31,43200624,99.80226,바이오/의료기기_PCR 및 면역 진단키트,바이오/의료기기
2023-08-31,47814555,83.293731,바이오/의료기기_PCR 및 면역 진단키트,바이오/의료기기
2023-09-30,55566689,71.180254,바이오/의료기기_PCR 및 면역 진단키트,바이오/의료기기
2023-10-31,50138980,99.144289,바이오/의료기기_PCR 및 면역 진단키트,바이오/의료기기
2023-11-30,57840321,88.689625,바이오/의료기기_PCR 및 면역 진단키트,바이오/의료기기
2023-12-31,65619004,84.714648,바이오/의료기기_PCR 및 면역 진단키트,바이오/의료기기
2024-01-31,62518636,78.497874,바이오/의료기기_PCR 및 면역 진단키트,바이오/의료기기
2024-02-29,55479280,82.850551,바이오/의료기기_PCR 및 면역 진단키트,바이오/의료기기
2024-03-31,64263567,73.074553,바이오/의료기기_PCR 및 면역 진단키트,바이오/의료기기
2024-04-30,53177983,71.863431,바이오/의료기기_PCR 및 면역 진단키트,바이오/의료기기
2024-05-31,50810008,91.81175,바이오/의료기기_PCR 및 면역 진단키트,바이오/의료기기
2024-06-30,55793659,88.706518,바이오/의료기기_PCR 및 면역 진단키트,바이오/의료기기
2024-07-31,56060957,96.727323,바이오/의료기기_PCR 및 면역 진단키트,바이오/의료기기
2024-08-31,59153133,79.313796,바이오/의료기기_PCR 및 면역 진단키트,바이오/의료기기
2024-09-30,58420727,90.665405,바이오/의료기기_PCR 및 면역 진단키트,바이오/의료기기
2024-10-31,51751410,87.281975,바이오/의료기기_PCR 및 면역 진단키트,바이오/의료기기
2024-11-30,58290821,96.447673,바이오/의료기기_PCR 및 면역 진단키트,바이오/의료기기
2024-12-31,58250603,81.555765,바이오/의료기기_PCR 및 면역 진단키트,바이오/의료기기
2025-01-31,51027063,111.165105,바이오/의료기기_PCR 및 면역 진단키트,바이오/의료기기
2025-02-28,62853919,103.565859,바이오/의료기기_PCR 및 면역 진단키트,바이오/의료기기
2025-03-31,65018819,88.898336,바이오/의료기기_PCR 및 면역 진단키트,바이오/의료기기
2025-04-30,59004118,99.480621,바이오/의료기기_PCR 및 면역 진단키트,바이오/의료기기
2025-05-31,57654624,78.200359,바이오/의료기기_PCR 및 면역 진단키트,바이오/의료기기
2025-06-30,62290731,97.828085,바이오/의료기기_PCR 및 면역 진단키트,바이오/의료기기
2025-07-31,56218239,106.192884,바이오/의료기기_PCR 및 면역 진단키트,바이오/의료기기
2025-08-31,48352548,96.144678,바이오/의료기기_PCR 및 면역 진단키트,바이오/의료기기
2025-09-30,67940805,88.723654,바이오/의료기기_PCR 및 면역 진단키트,바이오/의료기기
2025-10-31,46927145,111.668559,바이오/의료기기_PCR 및 면역 진단키트,바이오/의료기기
2025-11-30,58634160,115.256456,바이오/의료기기_PCR 및 면역 진단키트,바이오/의료기기
2025-12-31,69022357,103.087032,바이오/의료기기_PCR 및 면역 진단키트,바이오/의료기기
2026-01-31,51896999,123.604602,바이오/의료기기_PCR 및 면역 진단키트,바이오/의료기기
2026-02-28,47535971,82.516472,바이오/의료기기_PCR 및 면역 진단키트,바이오/의료기기
2026-03-31,64240301,86.489981,바이오/의료기기_PCR 및 면역 진단키트,바이오/의료기기
2026-04-30,56040748,106.602632,바이오/의료기기_PCR 및 면역 진단키트,바이오/의료기기
2026-05-31,55397027,92.94147,바이오/의료기기_PCR 및 면역 진단키트,바이오/의료기기
2026-06-30,60415597,96.204739,바이오/의료기기_PCR 및 면역 진단키트,바이오/의료기기
2026-07-31,54744797,104.253569,바이오/의료기기_PCR 및 면역 진단키트,바이오/의료기기
2026-08-31,51194822,103.092112,바이오/의료기기_PCR 및 면역 진단키트,바이오/의료기기
2017-01-31,35291750,6600.796021,바이오/의료기기_바이오시밀러,바이오/의료기기
2017-02-28,69299260,6520.681508,바이오/의료기기_바이오시밀러,바이오/의료기기
2017-03-31,55452057,5340.257305,바이오/의료기기_바이오시밀러,바이오/의료기기
2017-04-30,19509273,4037.824295,바이오/의료기기_바이오시밀러,바이오/의료기기
2017-05-31,59135784,6037.972714,바이오/의료기기_바이오시밀러,바이오/의료기기
2017-06-30,166442801,7412.417728,바이오/의료기기_바이오시밀러,바이오/의료기기
2017-07-31,83347617,6373.906005,바이오/의료기기_바이오시밀러,바이오/의료기기
2017-08-31,91229669,5961.036452,바이오/의료기기_바이오시밀러,바이오/의료기기
2017-09-30,225284947,6260.513307,바이오/의료기기_바이오시밀러,바이오/의료기기
2017-10-31,190970542,6091.599314,바이오/의료기기_바이오시밀러,바이오/의료기기
2017-11-30,196629880,5113.522718,바이오/의료기기_바이오시밀러,바이오/의료기기
2017-12-31,169759044,5791.957949,바이오/의료기기_바이오시밀러,바이오/의료기기
2018-01-31,101644943,8162.370843,바이오/의료기기_바이오시밀러,바이오/의료기기
2018-02-28,73335749,9161.712093,바이오/의료기기_바이오시밀러,바이오/의료기기
2018-03-31,181822969,8518.855966,바이오/의료기기_바이오시밀러,바이오/의료기기
2018-04-30,153411286,9245.97709,바이오/의료기기_바이오시밀러,바이오/의료기기
2018-05-31,187653326,7187.631824,바이오/의료기기_바이오시밀러,바이오/의료기기
2018-06-30,131713858,6161.149642,바이오/의료기기_바이오시밀러,바이오/의료기기
2018-07-31,154773346,6882.449311,바이오/의료기기_바이오시밀러,바이오/의료기기
2018-08-31,183508537,7750.042845,바이오/의료기기_바이오시밀러,바이오/의료기기
2018-09-30,122933414,7415.951605,바이오/의료기기_바이오시밀러,바이오/의료기기
2018-10-31,182724029,6597.318923,바이오/의료기기_바이오시밀러,바이오/의료기기
2018-11-30,181064964,1516.097388,바이오/의료기기_바이오시밀러,바이오/의료기기
2018-12-31,160246741,2853.068201,바이오/의료기기_바이오시밀러,바이오/의료기기
2019-01-31,85363852,2167.599256,바이오/의료기기_바이오시밀러,바이오/의료기기
2019-02-28,138760978,3708.836918,바이오/의료기기_바이오시밀러,바이오/의료기기
2019-03-31,206203143,3985.518274,바이오/의료기기_바이오시밀러,바이오/의료기기
2019-04-30,240932212,4069.21799,바이오/의료기기_바이오시밀러,바이오/의료기기
2019-05-31,124124933,2068.089507,바이오/의료기기_바이오시밀러,바이오/의료기기
2019-06-30,172821706,2505.442361,바이오/의료기기_바이오시밀러,바이오/의료기기
2019-07-31,140202669,2200.300927,바이오/의료기기_바이오시밀러,바이오/의료기기
2019-08-31,151471523,2290.464704,바이오/의료기기_바이오시밀러,바이오/의료기기
2019-09-30,208609368,2325.452766,바이오/의료기기_바이오시밀러,바이오/의료기기
2019-10-31,234615426,2161.74329,바이오/의료기기_바이오시밀러,바이오/의료기기
2019-11-30,216550622,1167.161343,바이오/의료기기_바이오시밀러,바이오/의료기기
2019-12-31,219044452,1688.901818,바이오/의료기기_바이오시밀러,바이오/의료기기
2020-01-31,275038830,2495.063013,바이오/의료기기_바이오시밀러,바이오/의료기기
2020-02-29,222103057,1010.352798,바이오/의료기기_바이오시밀러,바이오/의료기기
2020-03-31,372279073,2700.12412,바이오/의료기기_바이오시밀러,바이오/의료기기
2020-04-30,309283494,1644.299757,바이오/의료기기_바이오시밀러,바이오/의료기기
2020-05-31,440996209,1609.983712,바이오/의료기기_바이오시밀러,바이오/의료기기
2020-06-30,370016537,1191.62049,바이오/의료기기_바이오시밀러,바이오/의료기기
2020-07-31,351555477,1177.822483,바이오/의료기기_바이오시밀러,바이오/의료기기
2020-08-31,407803000,876.21421,바이오/의료기기_바이오시밀러,바이오/의료기기
2020-09-30,564710893,469.0711,바이오/의료기기_바이오시밀러,바이오/의료기기
2020-10-31,437898601,242.076369,바이오/의료기기_바이오시밀러,바이오/의료기기
2020-11-30,550275389,217.636973,바이오/의료기기_바이오시밀러,바이오/의료기기
2020-12-31,818071558,211.39773,바이오/의료기기_바이오시밀러,바이오/의료기기
2021-01-31,577936687,168.832549,바이오/의료기기_바이오시밀러,바이오/의료기기
2021-02-28,590380399,204.88797,바이오/의료기기_바이오시밀러,바이오/의료기기
2021-03-31,646156199,151.320001,바이오/의료기기_바이오시밀러,바이오/의료기기
2021-04-30,303999867,192.91939,바이오/의료기기_바이오시밀러,바이오/의료기기
2021-05-31,416206465,156.074265,바이오/의료기기_바이오시밀러,바이오/의료기기
2021-06-30,464667114,165.805877,바이오/의료기기_바이오시밀러,바이오/의료기기
2021-07-31,475782790,179.352278,바이오/의료기기_바이오시밀러,바이오/의료기기
2021-08-31,475529789,345.930438,바이오/의료기기_바이오시밀러,바이오/의료기기
2021-09-30,498853326,258.264771,바이오/의료기기_바이오시밀러,바이오/의료기기
2021-10-31,480576822,258.54913,바이오/의료기기_바이오시밀러,바이오/의료기기
2021-11-30,505344776,175.068321,바이오/의료기기_바이오시밀러,바이오/의료기기
2021-12-31,647316292,184.697763,바이오/의료기기_바이오시밀러,바이오/의료기기
2022-01-31,309626678,435.554984,바이오/의료기기_바이오시밀러,바이오/의료기기
2022-02-28,259083326,527.883359,바이오/의료기기_바이오시밀러,바이오/의료기기
2022-03-31,371634197,741.362558,바이오/의료기기_바이오시밀러,바이오/의료기기
2022-04-30,218736221,992.23986,바이오/의료기기_바이오시밀러,바이오/의료기기
2022-05-31,248245312,691.823349,바이오/의료기기_바이오시밀러,바이오/의료기기
2022-06-30,272374351,2033.791985,바이오/의료기기_바이오시밀러,바이오/의료기기
2022-07-31,337575315,6179.017827,바이오/의료기기_바이오시밀러,바이오/의료기기
2022-08-31,417410691,6245.259933,바이오/의료기기_바이오시밀러,바이오/의료기기
2022-09-30,372714410,5562.697399,바이오/의료기기_바이오시밀러,바이오/의료기기
2022-10-31,263327182,5642.432325,바이오/의료기기_바이오시밀러,바이오/의료기기
2022-11-30,226301352,3774.62397,바이오/의료기기_바이오시밀러,바이오/의료기기
2022-12-31,330222648,4382.587272,바이오/의료기기_바이오시밀러,바이오/의료기기
2023-01-31,376509126,5222.506334,바이오/의료기기_바이오시밀러,바이오/의료기기
2023-02-28,275521312,2666.825973,바이오/의료기기_바이오시밀러,바이오/의료기기
2023-03-31,344876023,2770.363572,바이오/의료기기_바이오시밀러,바이오/의료기기
2023-04-30,338258717,4706.876859,바이오/의료기기_바이오시밀러,바이오/의료기기
2023-05-31,322789488,4972.062629,바이오/의료기기_바이오시밀러,바이오/의료기기
2023-06-30,385317108,4569.07906,바이오/의료기기_바이오시밀러,바이오/의료기기
2023-07-31,284030041,4052.890925,바이오/의료기기_바이오시밀러,바이오/의료기기
2023-08-31,206963256,4774.387576,바이오/의료기기_바이오시밀러,바이오/의료기기
2023-09-30,345682584,3533.648778,바이오/의료기기_바이오시밀러,바이오/의료기기
2023-10-31,325146161,4011.515907,바이오/의료기기_바이오시밀러,바이오/의료기기
2023-11-30,374996664,3571.078804,바이오/의료기기_바이오시밀러,바이오/의료기기
2023-12-31,319855956,3058.203903,바이오/의료기기_바이오시밀러,바이오/의료기기
2024-01-31,407699136,3780.426713,바이오/의료기기_바이오시밀러,바이오/의료기기
2024-02-29,422574590,4426.023925,바이오/의료기기_바이오시밀러,바이오/의료기기
2024-03-31,446477785,3723.424021,바이오/의료기기_바이오시밀러,바이오/의료기기
2024-04-30,479026687,4186.266115,바이오/의료기기_바이오시밀러,바이오/의료기기
2024-05-31,480776992,4451.401407,바이오/의료기기_바이오시밀러,바이오/의료기기
2024-06-30,438628214,2968.011375,바이오/의료기기_바이오시밀러,바이오/의료기기
2024-07-31,437769135,4998.555991,바이오/의료기기_바이오시밀러,바이오/의료기기
2024-08-31,553510954,4338.134504,바이오/의료기기_바이오시밀러,바이오/의료기기
2024-09-30,471818530,3661.956836,바이오/의료기기_바이오시밀러,바이오/의료기기
2024-10-31,459169419,5633.084146,바이오/의료기기_바이오시밀러,바이오/의료기기
2024-11-30,555964177,5164.552953,바이오/의료기기_바이오시밀러,바이오/의료기기
2024-12-31,358538990,4172.518788,바이오/의료기기_바이오시밀러,바이오/의료기기
2025-01-31,532719066,5454.559534,바이오/의료기기_바이오시밀러,바이오/의료기기
2025-02-28,614789874,6117.486877,바이오/의료기기_바이오시밀러,바이오/의료기기
2025-03-31,519183085,4034.574485,바이오/의료기기_바이오시밀러,바이오/의료기기
2025-04-30,595523483,4977.156821,바이오/의료기기_바이오시밀러,바이오/의료기기
2025-05-31,528995374,4896.44687,바이오/의료기기_바이오시밀러,바이오/의료기기
2025-06-30,758046199,4255.455712,바이오/의료기기_바이오시밀러,바이오/의료기기
2025-07-31,387165443,3543.314924,바이오/의료기기_바이오시밀러,바이오/의료기기
2025-08-31,452773200,4609.643522,바이오/의료기기_바이오시밀러,바이오/의료기기
2025-09-30,693931631,4825.92301,바이오/의료기기_바이오시밀러,바이오/의료기기
2025-10-31,447330777,4020.452088,바이오/의료기기_바이오시밀러,바이오/의료기기
2025-11-30,642051852,4732.795224,바이오/의료기기_바이오시밀러,바이오/의료기기
2025-12-31,522105362,3497.462018,바이오/의료기기_바이오시밀러,바이오/의료기기
2026-01-31,611494466,4631.612072,바이오/의료기기_바이오시밀러,바이오/의료기기
2026-02-28,605663029,5061.812955,바이오/의료기기_바이오시밀러,바이오/의료기기
2026-03-31,560215009,3726.561831,바이오/의료기기_바이오시밀러,바이오/의료기기
2026-04-30,727868753,4640.504546,바이오/의료기기_바이오시밀러,바이오/의료기기
2026-05-31,613023104,4900.99644,바이오/의료기기_바이오시밀러,바이오/의료기기
2026-06-30,875266788,5513.176936,바이오/의료기기_바이오시밀러,바이오/의료기기
2026-07-31,576931103,2867.477746,바이오/의료기기_바이오시밀러,바이오/의료기기
2026-08-31,586207235,4308.124197,바이오/의료기기_바이오시밀러,바이오/의료기기
2017-01-31,9211278,136.16895,바이오/의료기기_올리고뉴클레오타이드,바이오/의료기기
2017-02-28,18787408,228.131069,바이오/의료기기_올리고뉴클레오타이드,바이오/의료기기
2017-03-31,23482081,185.244464,바이오/의료기기_올리고뉴클레오타이드,바이오/의료기기
2017-04-30,22617101,188.709606,바이오/의료기기_올리고뉴클레오타이드,바이오/의료기기
2017-05-31,18057220,433.196917,바이오/의료기기_올리고뉴클레오타이드,바이오/의료기기
2017-06-30,20609201,283.944865,바이오/의료기기_올리고뉴클레오타이드,바이오/의료기기
2017-07-31,21166567,238.511499,바이오/의료기기_올리고뉴클레오타이드,바이오/의료기기
2017-08-31,22535379,231.533583,바이오/의료기기_올리고뉴클레오타이드,바이오/의료기기
2017-09-30,15718419,209.784453,바이오/의료기기_올리고뉴클레오타이드,바이오/의료기기
2017-10-31,19064898,251.5241,바이오/의료기기_올리고뉴클레오타이드,바이오/의료기기
2017-11-30,8406248,110.473516,바이오/의료기기_올리고뉴클레오타이드,바이오/의료기기
2017-12-31,27323534,263.994171,바이오/의료기기_올리고뉴클레오타이드,바이오/의료기기
2018-01-31,9041393,150.360444,바이오/의료기기_올리고뉴클레오타이드,바이오/의료기기
2018-02-28,15065165,386.383671,바이오/의료기기_올리고뉴클레오타이드,바이오/의료기기
2018-03-31,12913639,399.75851,바이오/의료기기_올리고뉴클레오타이드,바이오/의료기기
2018-04-30,10566526,293.058336,바이오/의료기기_올리고뉴클레오타이드,바이오/의료기기
2018-05-31,14942133,362.342625,바이오/의료기기_올리고뉴클레오타이드,바이오/의료기기
2018-06-30,17611629,232.809132,바이오/의료기기_올리고뉴클레오타이드,바이오/의료기기
2018-07-31,9549622,132.452106,바이오/의료기기_올리고뉴클레오타이드,바이오/의료기기
2018-08-31,6608809,92.037105,바이오/의료기기_올리고뉴클레오타이드,바이오/의료기기
2018-09-30,6667379,128.943165,바이오/의료기기_올리고뉴클레오타이드,바이오/의료기기
2018-10-31,7973616,120.125754,바이오/의료기기_올리고뉴클레오타이드,바이오/의료기기
2018-11-30,6222005,149.793054,바이오/의료기기_올리고뉴클레오타이드,바이오/의료기기
2018-12-31,8223868,147.64654,바이오/의료기기_올리고뉴클레오타이드,바이오/의료기기
2019-01-31,7028819,150.624995,바이오/의료기기_올리고뉴클레오타이드,바이오/의료기기
2019-02-28,5561086,178.739777,바이오/의료기기_올리고뉴클레오타이드,바이오/의료기기
2019-03-31,7061425,215.703761,바이오/의료기기_올리고뉴클레오타이드,바이오/의료기기
2019-04-30,5987893,214.551149,바이오/의료기기_올리고뉴클레오타이드,바이오/의료기기
2019-05-31,5510356,176.427256,바이오/의료기기_올리고뉴클레오타이드,바이오/의료기기
2019-06-30,8029814,100.719149,바이오/의료기기_올리고뉴클레오타이드,바이오/의료기기
2019-07-31,9083717,213.51377,바이오/의료기기_올리고뉴클레오타이드,바이오/의료기기
2019-08-31,6489992,230.363346,바이오/의료기기_올리고뉴클레오타이드,바이오/의료기기
2019-09-30,9321718,199.294303,바이오/의료기기_올리고뉴클레오타이드,바이오/의료기기
2019-10-31,8235613,224.232975,바이오/의료기기_올리고뉴클레오타이드,바이오/의료기기
2019-11-30,14242638,392.172379,바이오/의료기기_올리고뉴클레오타이드,바이오/의료기기
2019-12-31,11907508,345.69918,바이오/의료기기_올리고뉴클레오타이드,바이오/의료기기
2020-01-31,5310408,224.834848,바이오/의료기기_올리고뉴클레오타이드,바이오/의료기기
2020-02-29,5703799,263.069246,바이오/의료기기_올리고뉴클레오타이드,바이오/의료기기
2020-03-31,10699464,253.890871,바이오/의료기기_올리고뉴클레오타이드,바이오/의료기기
2020-04-30,8041773,277.281195,바이오/의료기기_올리고뉴클레오타이드,바이오/의료기기
2020-05-31,16899227,423.362645,바이오/의료기기_올리고뉴클레오타이드,바이오/의료기기
2020-06-30,10105732,290.23897,바이오/의료기기_올리고뉴클레오타이드,바이오/의료기기
2020-07-31,9617952,364.337203,바이오/의료기기_올리고뉴클레오타이드,바이오/의료기기
2020-08-31,7211456,288.276395,바이오/의료기기_올리고뉴클레오타이드,바이오/의료기기
2020-09-30,6870573,247.881923,바이오/의료기기_올리고뉴클레오타이드,바이오/의료기기
2020-10-31,7331756,218.315272,바이오/의료기기_올리고뉴클레오타이드,바이오/의료기기
2020-11-30,13659748,479.093059,바이오/의료기기_올리고뉴클레오타이드,바이오/의료기기
2020-12-31,30210504,353.036154,바이오/의료기기_올리고뉴클레오타이드,바이오/의료기기
2021-01-31,9759951,348.246928,바이오/의료기기_올리고뉴클레오타이드,바이오/의료기기
2021-02-28,11110099,391.979798,바이오/의료기기_올리고뉴클레오타이드,바이오/의료기기
2021-03-31,19305146,546.069967,바이오/의료기기_올리고뉴클레오타이드,바이오/의료기기
2021-04-30,6456385,200.245112,바이오/의료기기_올리고뉴클레오타이드,바이오/의료기기
2021-05-31,14046855,421.653498,바이오/의료기기_올리고뉴클레오타이드,바이오/의료기기
2021-06-30,35844857,1399.671957,바이오/의료기기_올리고뉴클레오타이드,바이오/의료기기
2021-07-31,16717008,590.361333,바이오/의료기기_올리고뉴클레오타이드,바이오/의료기기
2021-08-31,22482456,904.603559,바이오/의료기기_올리고뉴클레오타이드,바이오/의료기기
2021-09-30,33080719,944.473664,바이오/의료기기_올리고뉴클레오타이드,바이오/의료기기
2021-10-31,15901232,334.700701,바이오/의료기기_올리고뉴클레오타이드,바이오/의료기기
2021-11-30,21679182,574.373193,바이오/의료기기_올리고뉴클레오타이드,바이오/의료기기
2021-12-31,11048714,338.275403,바이오/의료기기_올리고뉴클레오타이드,바이오/의료기기
2022-01-31,19903049,435.220926,바이오/의료기기_올리고뉴클레오타이드,바이오/의료기기
2022-02-28,24555878,652.78481,바이오/의료기기_올리고뉴클레오타이드,바이오/의료기기
2022-03-31,29526699,750.93697,바이오/의료기기_올리고뉴클레오타이드,바이오/의료기기
2022-04-30,18435479,383.574312,바이오/의료기기_올리고뉴클레오타이드,바이오/의료기기
2022-05-31,16113013,308.711765,바이오/의료기기_올리고뉴클레오타이드,바이오/의료기기
2022-06-30,22339368,845.928636,바이오/의료기기_올리고뉴클레오타이드,바이오/의료기기
2022-07-31,17600002,403.260498,바이오/의료기기_올리고뉴클레오타이드,바이오/의료기기
2022-08-31,16545460,898.077424,바이오/의료기기_올리고뉴클레오타이드,바이오/의료기기
2022-09-30,30530245,465.067865,바이오/의료기기_올리고뉴클레오타이드,바이오/의료기기
2022-10-31,14761788,438.492742,바이오/의료기기_올리고뉴클레오타이드,바이오/의료기기
2022-11-30,35566138,1555.358677,바이오/의료기기_올리고뉴클레오타이드,바이오/의료기기
2022-12-31,26710067,1081.644606,바이오/의료기기_올리고뉴클레오타이드,바이오/의료기기
2023-01-31,22284026,837.275709,바이오/의료기기_올리고뉴클레오타이드,바이오/의료기기
2023-02-28,20035489,806.866555,바이오/의료기기_올리고뉴클레오타이드,바이오/의료기기
2023-03-31,20145483,875.836873,바이오/의료기기_올리고뉴클레오타이드,바이오/의료기기
2023-04-30,9745785,524.78854,바이오/의료기기_올리고뉴클레오타이드,바이오/의료기기
2023-05-31,12365141,316.049455,바이오/의료기기_올리고뉴클레오타이드,바이오/의료기기
2023-06-30,36670025,865.490235,바이오/의료기기_올리고뉴클레오타이드,바이오/의료기기
2023-07-31,10773654,371.124332,바이오/의료기기_올리고뉴클레오타이드,바이오/의료기기
2023-08-31,19882018,501.797707,바이오/의료기기_올리고뉴클레오타이드,바이오/의료기기
2023-09-30,14635261,350.037347,바이오/의료기기_올리고뉴클레오타이드,바이오/의료기기
2023-10-31,18903137,341.444214,바이오/의료기기_올리고뉴클레오타이드,바이오/의료기기
2023-11-30,25034974,2894.340452,바이오/의료기기_올리고뉴클레오타이드,바이오/의료기기
2023-12-31,31249137,1318.017352,바이오/의료기기_올리고뉴클레오타이드,바이오/의료기기
2024-01-31,23911193,934.136432,바이오/의료기기_올리고뉴클레오타이드,바이오/의료기기
2024-02-29,10171107,390.26564,바이오/의료기기_올리고뉴클레오타이드,바이오/의료기기
2024-03-31,40858454,1583.184212,바이오/의료기기_올리고뉴클레오타이드,바이오/의료기기
2024-04-30,16962955,570.314102,바이오/의료기기_올리고뉴클레오타이드,바이오/의료기기
2024-05-31,22440560,529.58061,바이오/의료기기_올리고뉴클레오타이드,바이오/의료기기
2024-06-30,12150120,432.907639,바이오/의료기기_올리고뉴클레오타이드,바이오/의료기기
2024-07-31,12800660,368.936779,바이오/의료기기_올리고뉴클레오타이드,바이오/의료기기
2024-08-31,11431321,443.948244,바이오/의료기기_올리고뉴클레오타이드,바이오/의료기기
2024-09-30,13529607,512.26643,바이오/의료기기_올리고뉴클레오타이드,바이오/의료기기
2024-10-31,14244850,744.222484,바이오/의료기기_올리고뉴클레오타이드,바이오/의료기기
2024-11-30,35282674,1177.138749,바이오/의료기기_올리고뉴클레오타이드,바이오/의료기기
2024-12-31,18107253,613.816214,바이오/의료기기_올리고뉴클레오타이드,바이오/의료기기
2025-01-31,15049459,556.268447,바이오/의료기기_올리고뉴클레오타이드,바이오/의료기기
2025-02-28,8170712,230.435087,바이오/의료기기_올리고뉴클레오타이드,바이오/의료기기
2025-03-31,38387804,1079.502619,바이오/의료기기_올리고뉴클레오타이드,바이오/의료기기
2025-04-30,35575999,562.877444,바이오/의료기기_올리고뉴클레오타이드,바이오/의료기기
2025-05-31,31667789,827.566635,바이오/의료기기_올리고뉴클레오타이드,바이오/의료기기
2025-06-30,21718453,332.212922,바이오/의료기기_올리고뉴클레오타이드,바이오/의료기기
2025-07-31,12725352,866.905102,바이오/의료기기_올리고뉴클레오타이드,바이오/의료기기
2025-08-31,12639465,544.415691,바이오/의료기기_올리고뉴클레오타이드,바이오/의료기기
2025-09-30,34981400,544.924654,바이오/의료기기_올리고뉴클레오타이드,바이오/의료기기
2025-10-31,17064571,269.239657,바이오/의료기기_올리고뉴클레오타이드,바이오/의료기기
2025-11-30,7660849,455.807028,바이오/의료기기_올리고뉴클레오타이드,바이오/의료기기
2025-12-31,31096761,106.58808,바이오/의료기기_올리고뉴클레오타이드,바이오/의료기기
2026-01-31,29354748,1207.562106,바이오/의료기기_올리고뉴클레오타이드,바이오/의료기기
2026-02-28,30973772,1547.59677,바이오/의료기기_올리고뉴클레오타이드,바이오/의료기기
2026-03-31,30747467,632.67096,바이오/의료기기_올리고뉴클레오타이드,바이오/의료기기
2026-04-30,27962726,1157.292217,바이오/의료기기_올리고뉴클레오타이드,바이오/의료기기
2026-05-31,19808986,568.565964,바이오/의료기기_올리고뉴클레오타이드,바이오/의료기기
2026-06-30,22941341,432.731142,바이오/의료기기_올리고뉴클레오타이드,바이오/의료기기
2026-07-31,35066665,1243.573285,바이오/의료기기_올리고뉴클레오타이드,바이오/의료기기
2026-08-31,30312099,1258.247948,바이오/의료기기_올리고뉴클레오타이드,바이오/의료기기
2017-01-31,13486225,856.036173,바이오/의료기기_임플란트,바이오/의료기기
2017-02-28,15867450,989.98439,바이오/의료기기_임플란트,바이오/의료기기
2017-03-31,19782182,906.9769,바이오/의료기기_임플란트,바이오/의료기기
2017-04-30,21648161,1042.505626,바이오/의료기기_임플란트,바이오/의료기기
2017-05-31,24532473,898.525658,바이오/의료기기_임플란트,바이오/의료기기
2017-06-30,32027891,1032.355534,바이오/의료기기_임플란트,바이오/의료기기
2017-07-31,19602732,873.483014,바이오/의료기기_임플란트,바이오/의료기기
2017-08-31,20123301,859.696789,바이오/의료기기_임플란트,바이오/의료기기
2017-09-30,29675786,988.701153,바이오/의료기기_임플란트,바이오/의료기기
2017-10-31,19105985,960.757312,바이오/의료기기_임플란트,바이오/의료기기
2017-11-30,22198018,906.784004,바이오/의료기기_임플란트,바이오/의료기기
2017-12-31,27776792,1021.059562,바이오/의료기기_임플란트,바이오/의료기기
2018-01-31,16968576,839.364503,바이오/의료기기_임플란트,바이오/의료기기
2018-02-28,21978532,1103.404768,바이오/의료기기_임플란트,바이오/의료기기
2018-03-31,24233164,1022.393701,바이오/의료기기_임플란트,바이오/의료기기
2018-04-30,26588417,976.432998,바이오/의료기기_임플란트,바이오/의료기기
2018-05-31,26883261,1071.133738,바이오/의료기기_임플란트,바이오/의료기기
2018-06-30,35682038,1087.327989,바이오/의료기기_임플란트,바이오/의료기기
2018-07-31,23290752,951.395512,바이오/의료기기_임플란트,바이오/의료기기
2018-08-31,22930672,811.882812,바이오/의료기기_임플란트,바이오/의료기기
2018-09-30,27189335,940.864087,바이오/의료기기_임플란트,바이오/의료기기
2018-10-31,32806120,884.374508,바이오/의료기기_임플란트,바이오/의료기기
2018-11-30,30682059,864.511047,바이오/의료기기_임플란트,바이오/의료기기
2018-12-31,33527982,967.438163,바이오/의료기기_임플란트,바이오/의료기기
2019-01-31,26158164,839.536605,바이오/의료기기_임플란트,바이오/의료기기
2019-02-28,26904970,797.38441,바이오/의료기기_임플란트,바이오/의료기기
2019-03-31,33295681,918.922348,바이오/의료기기_임플란트,바이오/의료기기
2019-04-30,37105224,859.853507,바이오/의료기기_임플란트,바이오/의료기기
2019-05-31,32088757,795.2941,바이오/의료기기_임플란트,바이오/의료기기
2019-06-30,33652391,796.225497,바이오/의료기기_임플란트,바이오/의료기기
2019-07-31,32076697,850.273544,바이오/의료기기_임플란트,바이오/의료기기
2019-08-31,25841709,802.866921,바이오/의료기기_임플란트,바이오/의료기기
2019-09-30,34665725,919.069613,바이오/의료기기_임플란트,바이오/의료기기
2019-10-31,32788641,829.123257,바이오/의료기기_임플란트,바이오/의료기기
2019-11-30,32686527,847.43306,바이오/의료기기_임플란트,바이오/의료기기
2019-12-31,50726447,1012.045986,바이오/의료기기_임플란트,바이오/의료기기
2020-01-31,26726678,850.497442,바이오/의료기기_임플란트,바이오/의료기기
2020-02-29,27234084,765.529844,바이오/의료기기_임플란트,바이오/의료기기
2020-03-31,28989526,926.320556,바이오/의료기기_임플란트,바이오/의료기기
2020-04-30,9564422,621.528474,바이오/의료기기_임플란트,바이오/의료기기
2020-05-31,24711386,934.895289,바이오/의료기기_임플란트,바이오/의료기기
2020-06-30,37105211,912.599981,바이오/의료기기_임플란트,바이오/의료기기
2020-07-31,24449805,819.469717,바이오/의료기기_임플란트,바이오/의료기기
2020-08-31,22789815,683.367322,바이오/의료기기_임플란트,바이오/의료기기
2020-09-30,39039270,892.377368,바이오/의료기기_임플란트,바이오/의료기기
2020-10-31,37148420,838.348669,바이오/의료기기_임플란트,바이오/의료기기
2020-11-30,42487915,921.889117,바이오/의료기기_임플란트,바이오/의료기기
2020-12-31,52051497,932.245303,바이오/의료기기_임플란트,바이오/의료기기
2021-01-31,32339152,874.950069,바이오/의료기기_임플란트,바이오/의료기기
2021-02-28,39647211,950.43102,바이오/의료기기_임플란트,바이오/의료기기
2021-03-31,48877645,896.545858,바이오/의료기기_임플란트,바이오/의료기기
2021-04-30,38834386,820.357135,바이오/의료기기_임플란트,바이오/의료기기
2021-05-31,40989681,846.167825,바이오/의료기기_임플란트,바이오/의료기기
2021-06-30,59246581,879.217497,바이오/의료기기_임플란트,바이오/의료기기
2021-07-31,46362314,866.287532,바이오/의료기기_임플란트,바이오/의료기기
2021-08-31,42601119,963.05926,바이오/의료기기_임플란트,바이오/의료기기
2021-09-30,51362523,964.031944,바이오/의료기기_임플란트,바이오/의료기기
2021-10-31,46073062,929.396427,바이오/의료기기_임플란트,바이오/의료기기
2021-11-30,57934119,274.126836,바이오/의료기기_임플란트,바이오/의료기기
2021-12-31,62549379,926.866046,바이오/의료기기_임플란트,바이오/의료기기
2022-01-31,40168778,811.278057,바이오/의료기기_임플란트,바이오/의료기기
2022-02-28,49132124,932.172604,바이오/의료기기_임플란트,바이오/의료기기
2022-03-31,56995814,897.58403,바이오/의료기기_임플란트,바이오/의료기기
2022-04-30,55934468,824.544735,바이오/의료기기_임플란트,바이오/의료기기
2022-05-31,63564697,871.059037,바이오/의료기기_임플란트,바이오/의료기기
2022-06-30,71493922,872.858318,바이오/의료기기_임플란트,바이오/의료기기
2022-07-31,59613528,789.116476,바이오/의료기기_임플란트,바이오/의료기기
2022-08-31,57190301,792.135434,바이오/의료기기_임플란트,바이오/의료기기
2022-09-30,58927359,863.340394,바이오/의료기기_임플란트,바이오/의료기기
2022-10-31,52046506,773.493619,바이오/의료기기_임플란트,바이오/의료기기
2022-11-30,63143600,826.498054,바이오/의료기기_임플란트,바이오/의료기기
2022-12-31,71880726,791.210628,바이오/의료기기_임플란트,바이오/의료기기
2023-01-31,42453418,812.566725,바이오/의료기기_임플란트,바이오/의료기기
2023-02-28,46536128,751.112486,바이오/의료기기_임플란트,바이오/의료기기
2023-03-31,64597132,805.355528,바이오/의료기기_임플란트,바이오/의료기기
2023-04-30,63515472,842.111437,바이오/의료기기_임플란트,바이오/의료기기
2023-05-31,73036055,784.334025,바이오/의료기기_임플란트,바이오/의료기기
2023-06-30,81019396,778.057015,바이오/의료기기_임플란트,바이오/의료기기
2023-07-31,61882245,713.230734,바이오/의료기기_임플란트,바이오/의료기기
2023-08-31,60980377,700.892776,바이오/의료기기_임플란트,바이오/의료기기
2023-09-30,58162653,784.336281,바이오/의료기기_임플란트,바이오/의료기기
2023-10-31,61014317,776.359484,바이오/의료기기_임플란트,바이오/의료기기
2023-11-30,73133296,747.142114,바이오/의료기기_임플란트,바이오/의료기기
2023-12-31,95312968,752.89577,바이오/의료기기_임플란트,바이오/의료기기
2024-01-31,70070478,835.505585,바이오/의료기기_임플란트,바이오/의료기기
2024-02-29,72667055,768.642098,바이오/의료기기_임플란트,바이오/의료기기
2024-03-31,87267780,761.851625,바이오/의료기기_임플란트,바이오/의료기기
2024-04-30,80478081,809.290745,바이오/의료기기_임플란트,바이오/의료기기
2024-05-31,92061885,758.253061,바이오/의료기기_임플란트,바이오/의료기기
2024-06-30,77161674,775.933725,바이오/의료기기_임플란트,바이오/의료기기
2024-07-31,61703285,660.705765,바이오/의료기기_임플란트,바이오/의료기기
2024-08-31,50782907,677.36156,바이오/의료기기_임플란트,바이오/의료기기
2024-09-30,54330596,710.889111,바이오/의료기기_임플란트,바이오/의료기기
2024-10-31,63805410,697.030857,바이오/의료기기_임플란트,바이오/의료기기
2024-11-30,73907033,710.100229,바이오/의료기기_임플란트,바이오/의료기기
2024-12-31,84219202,632.619958,바이오/의료기기_임플란트,바이오/의료기기
2025-01-31,48469383,596.576503,바이오/의료기기_임플란트,바이오/의료기기
2025-02-28,59344055,664.869025,바이오/의료기기_임플란트,바이오/의료기기
2025-03-31,63483259,653.14844,바이오/의료기기_임플란트,바이오/의료기기
2025-04-30,59978604,644.119981,바이오/의료기기_임플란트,바이오/의료기기
2025-05-31,61995779,650.645211,바이오/의료기기_임플란트,바이오/의료기기
2025-06-30,80646237,623.852265,바이오/의료기기_임플란트,바이오/의료기기
2025-07-31,71192761,620.173769,바이오/의료기기_임플란트,바이오/의료기기
2025-08-31,46824585,628.149798,바이오/의료기기_임플란트,바이오/의료기기
2025-09-30,77987217,639.034888,바이오/의료기기_임플란트,바이오/의료기기
2025-10-31,56772805,612.603327,바이오/의료기기_임플란트,바이오/의료기기
2025-11-30,63754058,626.344546,바이오/의료기기_임플란트,바이오/의료기기
2025-12-31,104225448,608.631286,바이오/의료기기_임플란트,바이오/의료기기
2026-01-31,47409147,672.490679,바이오/의료기기_임플란트,바이오/의료기기
2026-02-28,49773678,637.595853,바이오/의료기기_임플란트,바이오/의료기기
2026-03-31,76421030,609.433119,바이오/의료기기_임플란트,바이오/의료기기
2026-04-30,65079621,598.033398,바이오/의료기기_임플란트,바이오/의료기기
2026-05-31,61452570,540.840603,바이오/의료기기_임플란트,바이오/의료기기
2026-06-30,88637038,583.839938,바이오/의료기기_임플란트,바이오/의료기기
2026-07-31,67839773,643.328784,바이오/의료기기_임플란트,바이오/의료기기
2017-01-31,8198956,150.150857,바이오/의료기기_체성분 분석,바이오/의료기기
2017-02-28,8323291,155.714016,바이오/의료기기_체성분 분석,바이오/의료기기
2017-03-31,11976895,154.836248,바이오/의료기기_체성분 분석,바이오/의료기기
2017-04-30,7894760,136.302817,바이오/의료기기_체성분 분석,바이오/의료기기
2017-05-31,9345228,138.350526,바이오/의료기기_체성분 분석,바이오/의료기기
2017-06-30,12014791,159.815723,바이오/의료기기_체성분 분석,바이오/의료기기
2017-07-31,7461746,144.080359,바이오/의료기기_체성분 분석,바이오/의료기기
2017-08-31,8331406,156.093349,바이오/의료기기_체성분 분석,바이오/의료기기
2017-09-30,10336999,141.840279,바이오/의료기기_체성분 분석,바이오/의료기기
2017-10-31,6840142,165.804582,바이오/의료기기_체성분 분석,바이오/의료기기
2017-11-30,11119390,131.702463,바이오/의료기기_체성분 분석,바이오/의료기기
2017-12-31,14034495,152.369923,바이오/의료기기_체성분 분석,바이오/의료기기
2018-01-31,8495117,141.439318,바이오/의료기기_체성분 분석,바이오/의료기기
2018-02-28,8160265,133.921008,바이오/의료기기_체성분 분석,바이오/의료기기
2018-03-31,9894400,151.486572,바이오/의료기기_체성분 분석,바이오/의료기기
2018-04-30,7677679,138.487073,바이오/의료기기_체성분 분석,바이오/의료기기
2018-05-31,7411311,149.849176,바이오/의료기기_체성분 분석,바이오/의료기기
2018-06-30,11489347,130.602005,바이오/의료기기_체성분 분석,바이오/의료기기
2018-07-31,6565451,137.725052,바이오/의료기기_체성분 분석,바이오/의료기기
2018-08-31,6747227,121.271407,바이오/의료기기_체성분 분석,바이오/의료기기
2018-09-30,11175424,142.436029,바이오/의료기기_체성분 분석,바이오/의료기기
2018-10-31,9123017,139.044967,바이오/의료기기_체성분 분석,바이오/의료기기
2018-11-30,9980139,125.874745,바이오/의료기기_체성분 분석,바이오/의료기기
2018-12-31,12371811,138.58408,바이오/의료기기_체성분 분석,바이오/의료기기
2019-01-31,7000097,113.812852,바이오/의료기기_체성분 분석,바이오/의료기기
2019-02-28,8247925,119.629045,바이오/의료기기_체성분 분석,바이오/의료기기
2019-03-31,11814179,149.981249,바이오/의료기기_체성분 분석,바이오/의료기기
2019-04-30,9572633,133.116322,바이오/의료기기_체성분 분석,바이오/의료기기
2019-05-31,10954692,142.527313,바이오/의료기기_체성분 분석,바이오/의료기기
2019-06-30,12226183,164.1508,바이오/의료기기_체성분 분석,바이오/의료기기
2019-07-31,8184088,133.798025,바이오/의료기기_체성분 분석,바이오/의료기기
2019-08-31,10248003,145.713545,바이오/의료기기_체성분 분석,바이오/의료기기
2019-09-30,11116036,153.859343,바이오/의료기기_체성분 분석,바이오/의료기기
2019-10-31,9710808,134.626117,바이오/의료기기_체성분 분석,바이오/의료기기
2019-11-30,10553843,145.989308,바이오/의료기기_체성분 분석,바이오/의료기기
2019-12-31,10197592,145.209924,바이오/의료기기_체성분 분석,바이오/의료기기
2020-01-31,12684085,124.699608,바이오/의료기기_체성분 분석,바이오/의료기기
2020-02-29,9315879,143.872157,바이오/의료기기_체성분 분석,바이오/의료기기
2020-03-31,10519856,128.131669,바이오/의료기기_체성분 분석,바이오/의료기기
2020-04-30,10392267,160.821391,바이오/의료기기_체성분 분석,바이오/의료기기
2020-05-31,11243911,178.729936,바이오/의료기기_체성분 분석,바이오/의료기기
2020-06-30,15092196,165.062718,바이오/의료기기_체성분 분석,바이오/의료기기
2020-07-31,9630602,157.973169,바이오/의료기기_체성분 분석,바이오/의료기기
2020-08-31,8324617,176.662144,바이오/의료기기_체성분 분석,바이오/의료기기
2020-09-30,12190067,170.49536,바이오/의료기기_체성분 분석,바이오/의료기기
2020-10-31,10672978,156.522016,바이오/의료기기_체성분 분석,바이오/의료기기
2020-11-30,9668069,141.985367,바이오/의료기기_체성분 분석,바이오/의료기기
2020-12-31,12454113,157.201265,바이오/의료기기_체성분 분석,바이오/의료기기
2021-01-31,8753562,161.629396,바이오/의료기기_체성분 분석,바이오/의료기기
2021-02-28,9938199,151.586062,바이오/의료기기_체성분 분석,바이오/의료기기
2021-03-31,10950501,144.283455,바이오/의료기기_체성분 분석,바이오/의료기기
2021-04-30,7298698,138.199885,바이오/의료기기_체성분 분석,바이오/의료기기
2021-05-31,12093748,146.948317,바이오/의료기기_체성분 분석,바이오/의료기기
2021-06-30,12306275,131.733812,바이오/의료기기_체성분 분석,바이오/의료기기
2021-07-31,9586714,128.935272,바이오/의료기기_체성분 분석,바이오/의료기기
2021-08-31,7941815,133.601827,바이오/의료기기_체성분 분석,바이오/의료기기
2021-09-30,10952496,111.369155,바이오/의료기기_체성분 분석,바이오/의료기기
2021-10-31,11243912,142.800779,바이오/의료기기_체성분 분석,바이오/의료기기
2021-11-30,9627785,149.062809,바이오/의료기기_체성분 분석,바이오/의료기기
2021-12-31,15059547,140.422964,바이오/의료기기_체성분 분석,바이오/의료기기
2022-01-31,9451213,144.655918,바이오/의료기기_체성분 분석,바이오/의료기기
2022-02-28,11093862,113.31239,바이오/의료기기_체성분 분석,바이오/의료기기
2022-03-31,14729991,145.359147,바이오/의료기기_체성분 분석,바이오/의료기기
2022-04-30,8914048,136.621258,바이오/의료기기_체성분 분석,바이오/의료기기
2022-05-31,12643144,128.609205,바이오/의료기기_체성분 분석,바이오/의료기기
2022-06-30,11909994,191.095277,바이오/의료기기_체성분 분석,바이오/의료기기
2022-07-31,8896043,125.876796,바이오/의료기기_체성분 분석,바이오/의료기기
2022-08-31,10064134,157.443806,바이오/의료기기_체성분 분석,바이오/의료기기
2022-09-30,14056407,142.604686,바이오/의료기기_체성분 분석,바이오/의료기기
2022-10-31,8452096,127.981994,바이오/의료기기_체성분 분석,바이오/의료기기
2022-11-30,13033557,156.059497,바이오/의료기기_체성분 분석,바이오/의료기기
2022-12-31,13056541,137.9637,바이오/의료기기_체성분 분석,바이오/의료기기
2023-01-31,7179245,85.794765,바이오/의료기기_체성분 분석,바이오/의료기기
2023-02-28,6867827,148.224701,바이오/의료기기_체성분 분석,바이오/의료기기
2023-03-31,12364188,135.182431,바이오/의료기기_체성분 분석,바이오/의료기기
2023-04-30,11879758,137.588877,바이오/의료기기_체성분 분석,바이오/의료기기
2023-05-31,11096355,150.961451,바이오/의료기기_체성분 분석,바이오/의료기기
2023-06-30,14775232,145.948974,바이오/의료기기_체성분 분석,바이오/의료기기
2023-07-31,7215835,126.376916,바이오/의료기기_체성분 분석,바이오/의료기기
2023-08-31,11983917,145.981723,바이오/의료기기_체성분 분석,바이오/의료기기
2023-09-30,8745296,132.413842,바이오/의료기기_체성분 분석,바이오/의료기기
2023-10-31,6954653,134.025864,바이오/의료기기_체성분 분석,바이오/의료기기
2023-11-30,10499926,141.741202,바이오/의료기기_체성분 분석,바이오/의료기기
2023-12-31,11576102,127.455818,바이오/의료기기_체성분 분석,바이오/의료기기
2024-01-31,8850188,139.553228,바이오/의료기기_체성분 분석,바이오/의료기기
2024-02-29,10080584,145.421298,바이오/의료기기_체성분 분석,바이오/의료기기
2024-03-31,13302522,157.472103,바이오/의료기기_체성분 분석,바이오/의료기기
2024-04-30,10179284,145.385839,바이오/의료기기_체성분 분석,바이오/의료기기
2024-05-31,9759509,143.515881,바이오/의료기기_체성분 분석,바이오/의료기기
2024-06-30,12103869,160.226864,바이오/의료기기_체성분 분석,바이오/의료기기
2024-07-31,8912331,160.241443,바이오/의료기기_체성분 분석,바이오/의료기기
2024-08-31,10125555,145.028149,바이오/의료기기_체성분 분석,바이오/의료기기
2024-09-30,10842356,162.107429,바이오/의료기기_체성분 분석,바이오/의료기기
2024-10-31,9636567,136.233295,바이오/의료기기_체성분 분석,바이오/의료기기
2024-11-30,10431038,133.754269,바이오/의료기기_체성분 분석,바이오/의료기기
2024-12-31,11643096,127.685281,바이오/의료기기_체성분 분석,바이오/의료기기
2025-01-31,6814225,147.324847,바이오/의료기기_체성분 분석,바이오/의료기기
2025-02-28,9542209,145.880621,바이오/의료기기_체성분 분석,바이오/의료기기
2025-03-31,12787846,186.723845,바이오/의료기기_체성분 분석,바이오/의료기기
2025-04-30,10088814,142.400327,바이오/의료기기_체성분 분석,바이오/의료기기
2025-05-31,10698000,161.441377,바이오/의료기기_체성분 분석,바이오/의료기기
2025-06-30,15548066,134.698231,바이오/의료기기_체성분 분석,바이오/의료기기
2025-07-31,13524100,141.276797,바이오/의료기기_체성분 분석,바이오/의료기기
2025-08-31,7501202,139.482484,바이오/의료기기_체성분 분석,바이오/의료기기
2025-09-30,12133237,149.933858,바이오/의료기기_체성분 분석,바이오/의료기기
2025-10-31,8212870,139.412219,바이오/의료기기_체성분 분석,바이오/의료기기
2025-11-30,11025884,143.212437,바이오/의료기기_체성분 분석,바이오/의료기기
2025-12-31,16593418,168.090683,바이오/의료기기_체성분 분석,바이오/의료기기
2026-01-31,8259524,172.174964,바이오/의료기기_체성분 분석,바이오/의료기기
2026-02-28,12252795,142.965163,바이오/의료기기_체성분 분석,바이오/의료기기
2026-03-31,12313996,149.523556,바이오/의료기기_체성분 분석,바이오/의료기기
2026-04-30,14345341,167.250711,바이오/의료기기_체성분 분석,바이오/의료기기
2026-05-31,13602071,168.832935,바이오/의료기기_체성분 분석,바이오/의료기기
2026-06-30,12718520,132.731699,바이오/의료기기_체성분 분석,바이오/의료기기
2026-07-31,15805206,138.969785,바이오/의료기기_체성분 분석,바이오/의료기기
2026-08-31,10636097,145.395862,바이오/의료기기_체성분 분석,바이오/의료기기
2017-01-31,9875554,65.459461,바이오/의료기기_콘택트렌즈,바이오/의료기기
2017-02-28,11459794,66.101292,바이오/의료기기_콘택트렌즈,바이오/의료기기
2017-03-31,15426074,59.018898,바이오/의료기기_콘택트렌즈,바이오/의료기기
2017-04-30,13951381,58.222894,바이오/의료기기_콘택트렌즈,바이오/의료기기
2017-05-31,12166936,49.93779,바이오/의료기기_콘택트렌즈,바이오/의료기기
2017-06-30,16172041,63.478298,바이오/의료기기_콘택트렌즈,바이오/의료기기
2017-07-31,15021828,60.481263,바이오/의료기기_콘택트렌즈,바이오/의료기기
2017-08-31,15026439,58.986564,바이오/의료기기_콘택트렌즈,바이오/의료기기
2017-09-30,19269246,62.284019,바이오/의료기기_콘택트렌즈,바이오/의료기기
2017-10-31,13418952,67.687032,바이오/의료기기_콘택트렌즈,바이오/의료기기
2017-11-30,15944734,62.483376,바이오/의료기기_콘택트렌즈,바이오/의료기기
2017-12-31,18799707,75.611902,바이오/의료기기_콘택트렌즈,바이오/의료기기
2018-01-31,14959325,67.604579,바이오/의료기기_콘택트렌즈,바이오/의료기기
2018-02-28,11450270,60.599785,바이오/의료기기_콘택트렌즈,바이오/의료기기
2018-03-31,16824466,63.663036,바이오/의료기기_콘택트렌즈,바이오/의료기기
2018-04-30,15950041,56.329952,바이오/의료기기_콘택트렌즈,바이오/의료기기
2018-05-31,18633599,62.510702,바이오/의료기기_콘택트렌즈,바이오/의료기기
2018-06-30,17649289,59.556834,바이오/의료기기_콘택트렌즈,바이오/의료기기
2018-07-31,17494302,61.551985,바이오/의료기기_콘택트렌즈,바이오/의료기기
2018-08-31,15921499,60.603381,바이오/의료기기_콘택트렌즈,바이오/의료기기
2018-09-30,16093922,69.751636,바이오/의료기기_콘택트렌즈,바이오/의료기기
2018-10-31,16029543,64.837206,바이오/의료기기_콘택트렌즈,바이오/의료기기
2018-11-30,16528474,67.965315,바이오/의료기기_콘택트렌즈,바이오/의료기기
2018-12-31,17968444,60.255988,바이오/의료기기_콘택트렌즈,바이오/의료기기
2019-01-31,15500753,61.876373,바이오/의료기기_콘택트렌즈,바이오/의료기기
2019-02-28,14821037,60.578477,바이오/의료기기_콘택트렌즈,바이오/의료기기
2019-03-31,19193273,60.433036,바이오/의료기기_콘택트렌즈,바이오/의료기기
2019-04-30,17817675,56.114639,바이오/의료기기_콘택트렌즈,바이오/의료기기
2019-05-31,19544387,57.988474,바이오/의료기기_콘택트렌즈,바이오/의료기기
2019-06-30,17057204,62.155455,바이오/의료기기_콘택트렌즈,바이오/의료기기
2019-07-31,19180726,55.85629,바이오/의료기기_콘택트렌즈,바이오/의료기기
2019-08-31,16098450,60.097331,바이오/의료기기_콘택트렌즈,바이오/의료기기
2019-09-30,18646411,62.811244,바이오/의료기기_콘택트렌즈,바이오/의료기기
2019-10-31,19049330,54.997725,바이오/의료기기_콘택트렌즈,바이오/의료기기
2019-11-30,17511796,57.120339,바이오/의료기기_콘택트렌즈,바이오/의료기기
2019-12-31,19629517,61.369468,바이오/의료기기_콘택트렌즈,바이오/의료기기
2020-01-31,12701151,66.980298,바이오/의료기기_콘택트렌즈,바이오/의료기기
2020-02-29,14164665,56.528488,바이오/의료기기_콘택트렌즈,바이오/의료기기
2020-03-31,18488016,60.273594,바이오/의료기기_콘택트렌즈,바이오/의료기기
2020-04-30,11854405,62.253432,바이오/의료기기_콘택트렌즈,바이오/의료기기
2020-05-31,10388289,63.545335,바이오/의료기기_콘택트렌즈,바이오/의료기기
2020-06-30,15303563,68.203225,바이오/의료기기_콘택트렌즈,바이오/의료기기
2020-07-31,11252907,62.945149,바이오/의료기기_콘택트렌즈,바이오/의료기기
2020-08-31,14435378,83.540658,바이오/의료기기_콘택트렌즈,바이오/의료기기
2020-09-30,18197139,70.475139,바이오/의료기기_콘택트렌즈,바이오/의료기기
2020-10-31,12771201,75.287261,바이오/의료기기_콘택트렌즈,바이오/의료기기
2020-11-30,16300548,61.3607,바이오/의료기기_콘택트렌즈,바이오/의료기기
2020-12-31,22727349,70.101715,바이오/의료기기_콘택트렌즈,바이오/의료기기
2021-01-31,14507433,59.590801,바이오/의료기기_콘택트렌즈,바이오/의료기기
2021-02-28,15971653,56.940993,바이오/의료기기_콘택트렌즈,바이오/의료기기
2021-03-31,23144476,69.83757,바이오/의료기기_콘택트렌즈,바이오/의료기기
2021-04-30,15832519,62.348612,바이오/의료기기_콘택트렌즈,바이오/의료기기
2021-05-31,16436369,70.40737,바이오/의료기기_콘택트렌즈,바이오/의료기기
2021-06-30,22636031,71.243313,바이오/의료기기_콘택트렌즈,바이오/의료기기
2021-07-31,19162794,63.33746,바이오/의료기기_콘택트렌즈,바이오/의료기기
2021-08-31,17953684,73.370811,바이오/의료기기_콘택트렌즈,바이오/의료기기
2021-09-30,23594001,70.964867,바이오/의료기기_콘택트렌즈,바이오/의료기기
2021-10-31,15325751,74.32881,바이오/의료기기_콘택트렌즈,바이오/의료기기
2021-11-30,20176743,66.482786,바이오/의료기기_콘택트렌즈,바이오/의료기기
2021-12-31,25824661,58.431137,바이오/의료기기_콘택트렌즈,바이오/의료기기
2022-01-31,13415094,64.472679,바이오/의료기기_콘택트렌즈,바이오/의료기기
2022-02-28,14555369,69.19326,바이오/의료기기_콘택트렌즈,바이오/의료기기
2022-03-31,26042319,65.387618,바이오/의료기기_콘택트렌즈,바이오/의료기기
2022-04-30,14066520,58.891883,바이오/의료기기_콘택트렌즈,바이오/의료기기
2022-05-31,18924616,62.085435,바이오/의료기기_콘택트렌즈,바이오/의료기기
2022-06-30,21540918,59.580164,바이오/의료기기_콘택트렌즈,바이오/의료기기
2022-07-31,15806408,58.2235,바이오/의료기기_콘택트렌즈,바이오/의료기기
2022-08-31,17300772,59.667688,바이오/의료기기_콘택트렌즈,바이오/의료기기
2022-09-30,28350011,62.277357,바이오/의료기기_콘택트렌즈,바이오/의료기기
2022-10-31,16252822,57.457502,바이오/의료기기_콘택트렌즈,바이오/의료기기
2022-11-30,16769082,61.699105,바이오/의료기기_콘택트렌즈,바이오/의료기기
2022-12-31,30951620,54.5052,바이오/의료기기_콘택트렌즈,바이오/의료기기
2023-01-31,13989688,66.987082,바이오/의료기기_콘택트렌즈,바이오/의료기기
2023-02-28,20427907,58.49437,바이오/의료기기_콘택트렌즈,바이오/의료기기
2023-03-31,26713436,65.987652,바이오/의료기기_콘택트렌즈,바이오/의료기기
2023-04-30,14328734,53.450776,바이오/의료기기_콘택트렌즈,바이오/의료기기
2023-05-31,15404783,59.793732,바이오/의료기기_콘택트렌즈,바이오/의료기기
2023-06-30,26169166,57.632074,바이오/의료기기_콘택트렌즈,바이오/의료기기
2023-07-31,14632187,68.747542,바이오/의료기기_콘택트렌즈,바이오/의료기기
2023-08-31,17821207,62.546793,바이오/의료기기_콘택트렌즈,바이오/의료기기
2023-09-30,24022788,69.236862,바이오/의료기기_콘택트렌즈,바이오/의료기기
2023-10-31,12977356,82.845142,바이오/의료기기_콘택트렌즈,바이오/의료기기
2023-11-30,14863921,59.187331,바이오/의료기기_콘택트렌즈,바이오/의료기기
2023-12-31,26611699,57.593043,바이오/의료기기_콘택트렌즈,바이오/의료기기
2024-01-31,14710406,60.529272,바이오/의료기기_콘택트렌즈,바이오/의료기기
2024-02-29,18204106,67.558758,바이오/의료기기_콘택트렌즈,바이오/의료기기
2024-03-31,20783368,67.481239,바이오/의료기기_콘택트렌즈,바이오/의료기기
2024-04-30,15190090,54.192987,바이오/의료기기_콘택트렌즈,바이오/의료기기
2024-05-31,17429987,62.677824,바이오/의료기기_콘택트렌즈,바이오/의료기기
2024-06-30,18344667,56.852173,바이오/의료기기_콘택트렌즈,바이오/의료기기
2024-07-31,20372928,63.224176,바이오/의료기기_콘택트렌즈,바이오/의료기기
2024-08-31,16808628,67.815643,바이오/의료기기_콘택트렌즈,바이오/의료기기
2024-09-30,20589291,64.565271,바이오/의료기기_콘택트렌즈,바이오/의료기기
2024-10-31,17789823,69.192156,바이오/의료기기_콘택트렌즈,바이오/의료기기
2024-11-30,15229184,64.606496,바이오/의료기기_콘택트렌즈,바이오/의료기기
2024-12-31,17863461,61.974265,바이오/의료기기_콘택트렌즈,바이오/의료기기
2025-01-31,12452485,59.61167,바이오/의료기기_콘택트렌즈,바이오/의료기기
2025-02-28,18541321,59.279303,바이오/의료기기_콘택트렌즈,바이오/의료기기
2025-03-31,19396496,64.030753,바이오/의료기기_콘택트렌즈,바이오/의료기기
2025-04-30,16637360,56.444825,바이오/의료기기_콘택트렌즈,바이오/의료기기
2025-05-31,14943918,64.600642,바이오/의료기기_콘택트렌즈,바이오/의료기기
2025-06-30,20830561,71.308016,바이오/의료기기_콘택트렌즈,바이오/의료기기
2025-07-31,17030935,73.359792,바이오/의료기기_콘택트렌즈,바이오/의료기기
2025-08-31,16877088,68.093358,바이오/의료기기_콘택트렌즈,바이오/의료기기
2025-09-30,30528642,87.31518,바이오/의료기기_콘택트렌즈,바이오/의료기기
2025-10-31,14598717,69.63449,바이오/의료기기_콘택트렌즈,바이오/의료기기
2025-11-30,17538703,62.894743,바이오/의료기기_콘택트렌즈,바이오/의료기기
2025-12-31,25498511,64.956768,바이오/의료기기_콘택트렌즈,바이오/의료기기
2026-01-31,15512136,77.318299,바이오/의료기기_콘택트렌즈,바이오/의료기기
2026-02-28,14774685,65.334841,바이오/의료기기_콘택트렌즈,바이오/의료기기
2026-03-31,23322306,67.238962,바이오/의료기기_콘택트렌즈,바이오/의료기기
2026-04-30,16780161,59.329402,바이오/의료기기_콘택트렌즈,바이오/의료기기
2026-05-31,16350527,63.409928,바이오/의료기기_콘택트렌즈,바이오/의료기기
2026-06-30,23575166,69.506748,바이오/의료기기_콘택트렌즈,바이오/의료기기
2026-07-31,17698356,66.849226,바이오/의료기기_콘택트렌즈,바이오/의료기기
2026-08-31,15502247,72.921823,바이오/의료기기_콘택트렌즈,바이오/의료기기
2022-01-31,15450174,174.828469,바이오/의료기기_혈액제재,바이오/의료기기
2022-02-28,6969274,131.720531,바이오/의료기기_혈액제재,바이오/의료기기
2022-03-31,10818603,155.790047,바이오/의료기기_혈액제재,바이오/의료기기
2022-04-30,13878612,242.942787,바이오/의료기기_혈액제재,바이오/의료기기
2022-05-31,12727833,293.800267,바이오/의료기기_혈액제재,바이오/의료기기
2022-06-30,25865945,358.580633,바이오/의료기기_혈액제재,바이오/의료기기
2022-07-31,11017740,166.044375,바이오/의료기기_혈액제재,바이오/의료기기
2022-08-31,11321124,171.404434,바이오/의료기기_혈액제재,바이오/의료기기
2022-09-30,14977662,225.535339,바이오/의료기기_혈액제재,바이오/의료기기
2022-10-31,12851636,213.956299,바이오/의료기기_혈액제재,바이오/의료기기
2022-11-30,18846865,232.820516,바이오/의료기기_혈액제재,바이오/의료기기
2022-12-31,20050932,228.686465,바이오/의료기기_혈액제재,바이오/의료기기
2023-01-31,8660291,158.701372,바이오/의료기기_혈액제재,바이오/의료기기
2023-02-28,15023027,241.823902,바이오/의료기기_혈액제재,바이오/의료기기
2023-03-31,11582314,223.087785,바이오/의료기기_혈액제재,바이오/의료기기
2023-04-30,11745244,206.247492,바이오/의료기기_혈액제재,바이오/의료기기
2023-05-31,9376031,174.344986,바이오/의료기기_혈액제재,바이오/의료기기
2023-06-30,20319370,305.418904,바이오/의료기기_혈액제재,바이오/의료기기
2023-07-31,12588330,198.497745,바이오/의료기기_혈액제재,바이오/의료기기
2023-08-31,17113430,218.397369,바이오/의료기기_혈액제재,바이오/의료기기
2023-09-30,21751051,235.753901,바이오/의료기기_혈액제재,바이오/의료기기
2023-10-31,16623797,228.578726,바이오/의료기기_혈액제재,바이오/의료기기
2023-11-30,17078140,207.207631,바이오/의료기기_혈액제재,바이오/의료기기
2023-12-31,35593270,380.14903,바이오/의료기기_혈액제재,바이오/의료기기
2024-01-31,9625115,217.865308,바이오/의료기기_혈액제재,바이오/의료기기
2024-02-29,14270158,202.137363,바이오/의료기기_혈액제재,바이오/의료기기
2024-03-31,13008754,175.984702,바이오/의료기기_혈액제재,바이오/의료기기
2024-04-30,9012777,145.749116,바이오/의료기기_혈액제재,바이오/의료기기
2024-05-31,16995283,249.490941,바이오/의료기기_혈액제재,바이오/의료기기
2024-06-30,13246714,201.922689,바이오/의료기기_혈액제재,바이오/의료기기
2024-07-31,22239220,444.880939,바이오/의료기기_혈액제재,바이오/의료기기
2024-08-31,34433482,452.879062,바이오/의료기기_혈액제재,바이오/의료기기
2024-09-30,15633915,215.217312,바이오/의료기기_혈액제재,바이오/의료기기
2024-10-31,25533447,336.854774,바이오/의료기기_혈액제재,바이오/의료기기
2024-11-30,47814943,449.576717,바이오/의료기기_혈액제재,바이오/의료기기
2024-12-31,36652475,647.787685,바이오/의료기기_혈액제재,바이오/의료기기
2025-01-31,9499358,178.114042,바이오/의료기기_혈액제재,바이오/의료기기
2025-02-28,11260074,167.214799,바이오/의료기기_혈액제재,바이오/의료기기
2025-03-31,36649796,547.953871,바이오/의료기기_혈액제재,바이오/의료기기
2025-04-30,15847745,190.459528,바이오/의료기기_혈액제재,바이오/의료기기
2025-05-31,36560887,478.257497,바이오/의료기기_혈액제재,바이오/의료기기
2025-06-30,24305259,357.658076,바이오/의료기기_혈액제재,바이오/의료기기
2025-07-31,13911547,186.322864,바이오/의료기기_혈액제재,바이오/의료기기
2025-08-31,16027352,213.250655,바이오/의료기기_혈액제재,바이오/의료기기
2025-09-30,20834684,325.210477,바이오/의료기기_혈액제재,바이오/의료기기
2025-10-31,30891449,396.984358,바이오/의료기기_혈액제재,바이오/의료기기
2025-11-30,21917037,326.12605,바이오/의료기기_혈액제재,바이오/의료기기
2025-12-31,37139970,403.61105,바이오/의료기기_혈액제재,바이오/의료기기
2026-01-31,7713860,154.203522,바이오/의료기기_혈액제재,바이오/의료기기
2026-02-28,16383584,224.590301,바이오/의료기기_혈액제재,바이오/의료기기
2026-03-31,14123941,191.914775,바이오/의료기기_혈액제재,바이오/의료기기
2026-04-30,18179170,279.661296,바이오/의료기기_혈액제재,바이오/의료기기
2026-05-31,18957198,291.465084,바이오/의료기기_혈액제재,바이오/의료기기
2026-06-30,46031165,515.210583,바이오/의료기기_혈액제재,바이오/의료기기
2026-07-31,42191274,646.807918,바이오/의료기기_혈액제재,바이오/의료기기
2017-01-31,303601622,1833.03906,"반도체_IC칩, 웨이퍼",반도체
2017-02-28,288766965,1797.329335,"반도체_IC칩, 웨이퍼",반도체
2017-03-31,309377803,1753.030402,"반도체_IC칩, 웨이퍼",반도체
2017-04-30,290455762,1660.03824,"반도체_IC칩, 웨이퍼",반도체
2017-05-31,287575267,1810.802169,"반도체_IC칩, 웨이퍼",반도체
2017-06-30,289210240,1723.724106,"반도체_IC칩, 웨이퍼",반도체
2017-07-31,322448595,1888.024992,"반도체_IC칩, 웨이퍼",반도체
2017-08-31,347715796,1846.002969,"반도체_IC칩, 웨이퍼",반도체
2017-09-30,415284501,2081.744589,"반도체_IC칩, 웨이퍼",반도체
2017-10-31,329374566,1851.65567,"반도체_IC칩, 웨이퍼",반도체
2017-11-30,333643433,1464.483494,"반도체_IC칩, 웨이퍼",반도체
2017-12-31,278449489,1481.255495,"반도체_IC칩, 웨이퍼",반도체
2018-01-31,285203127,1565.65955,"반도체_IC칩, 웨이퍼",반도체
2018-02-28,254962583,1511.14388,"반도체_IC칩, 웨이퍼",반도체
2018-03-31,292356266,1572.779284,"반도체_IC칩, 웨이퍼",반도체
2018-04-30,299730608,1603.089427,"반도체_IC칩, 웨이퍼",반도체
2018-05-31,302778290,1507.626133,"반도체_IC칩, 웨이퍼",반도체
2018-06-30,328814559,1752.164992,"반도체_IC칩, 웨이퍼",반도체
2018-07-31,368301509,1850.339121,"반도체_IC칩, 웨이퍼",반도체
2018-08-31,367040962,1814.261519,"반도체_IC칩, 웨이퍼",반도체
2018-09-30,350914391,1821.030273,"반도체_IC칩, 웨이퍼",반도체
2018-10-31,322796992,1669.762456,"반도체_IC칩, 웨이퍼",반도체
2018-11-30,286316721,1507.929789,"반도체_IC칩, 웨이퍼",반도체
2018-12-31,312343942,1659.706367,"반도체_IC칩, 웨이퍼",반도체
2019-01-31,245060218,1393.836797,"반도체_IC칩, 웨이퍼",반도체
2019-02-28,231142746,1539.708172,"반도체_IC칩, 웨이퍼",반도체
2019-03-31,304471357,1660.614935,"반도체_IC칩, 웨이퍼",반도체
2019-04-30,396736254,1852.590658,"반도체_IC칩, 웨이퍼",반도체
2019-05-31,340599167,1750.977342,"반도체_IC칩, 웨이퍼",반도체
2019-06-30,383709147,1800.71437,"반도체_IC칩, 웨이퍼",반도체
2019-07-31,401345234,1762.253036,"반도체_IC칩, 웨이퍼",반도체
2019-08-31,398378238,1901.748501,"반도체_IC칩, 웨이퍼",반도체
2019-09-30,423393334,2011.402055,"반도체_IC칩, 웨이퍼",반도체
2019-10-31,456043947,2194.837907,"반도체_IC칩, 웨이퍼",반도체
2019-11-30,397027242,1893.704104,"반도체_IC칩, 웨이퍼",반도체
2019-12-31,403208705,2003.334372,"반도체_IC칩, 웨이퍼",반도체
2020-01-31,520231660,2580.544011,"반도체_IC칩, 웨이퍼",반도체
2020-02-29,528644700,2484.28001,"반도체_IC칩, 웨이퍼",반도체
2020-03-31,492400170,1978.368175,"반도체_IC칩, 웨이퍼",반도체
2020-04-30,379969113,1834.516772,"반도체_IC칩, 웨이퍼",반도체
2020-05-31,347048410,2034.31433,"반도체_IC칩, 웨이퍼",반도체
2020-06-30,431647150,2243.440848,"반도체_IC칩, 웨이퍼",반도체
2020-07-31,487032391,2143.536589,"반도체_IC칩, 웨이퍼",반도체
2020-08-31,534937603,2207.265362,"반도체_IC칩, 웨이퍼",반도체
2020-09-30,652983267,2362.541744,"반도체_IC칩, 웨이퍼",반도체
2020-10-31,690149359,2567.169721,"반도체_IC칩, 웨이퍼",반도체
2020-11-30,668278320,2388.753912,"반도체_IC칩, 웨이퍼",반도체
2020-12-31,642029759,2303.246764,"반도체_IC칩, 웨이퍼",반도체
2021-01-31,597656973,2206.856833,"반도체_IC칩, 웨이퍼",반도체
2021-02-28,569465195,2352.19251,"반도체_IC칩, 웨이퍼",반도체
2021-03-31,651565654,2170.617077,"반도체_IC칩, 웨이퍼",반도체
2021-04-30,741706507,2460.279072,"반도체_IC칩, 웨이퍼",반도체
2021-05-31,679360564,2363.285163,"반도체_IC칩, 웨이퍼",반도체
2021-06-30,759628613,2435.639271,"반도체_IC칩, 웨이퍼",반도체
2021-07-31,729023862,2488.743624,"반도체_IC칩, 웨이퍼",반도체
2021-08-31,739911967,2585.201222,"반도체_IC칩, 웨이퍼",반도체
2021-09-30,765000642,2558.664156,"반도체_IC칩, 웨이퍼",반도체
2021-10-31,794963411,2788.570764,"반도체_IC칩, 웨이퍼",반도체
2021-11-30,932104296,3179.485173,"반도체_IC칩, 웨이퍼",반도체
2021-12-31,863469292,3190.368314,"반도체_IC칩, 웨이퍼",반도체
2022-01-31,894356203,3167.362482,"반도체_IC칩, 웨이퍼",반도체
2022-02-28,894363665,3267.762531,"반도체_IC칩, 웨이퍼",반도체
2022-03-31,1004209747,3439.226061,"반도체_IC칩, 웨이퍼",반도체
2022-04-30,1116526485,3619.72398,"반도체_IC칩, 웨이퍼",반도체
2022-05-31,970598098,3514.073494,"반도체_IC칩, 웨이퍼",반도체
2022-06-30,860183578,3553.734248,"반도체_IC칩, 웨이퍼",반도체
2022-07-31,879498737,3417.072398,"반도체_IC칩, 웨이퍼",반도체
2022-08-31,831072511,3155.959976,"반도체_IC칩, 웨이퍼",반도체
2022-09-30,879730583,3308.698607,"반도체_IC칩, 웨이퍼",반도체
2022-10-31,864984762,3503.032371,"반도체_IC칩, 웨이퍼",반도체
2022-11-30,874066895,3360.496401,"반도체_IC칩, 웨이퍼",반도체
2022-12-31,1050791875,3894.57176,"반도체_IC칩, 웨이퍼",반도체
2023-01-31,697337345,3178.24185,"반도체_IC칩, 웨이퍼",반도체
2023-02-28,666124667,3029.753511,"반도체_IC칩, 웨이퍼",반도체
2023-03-31,929180076,3499.195345,"반도체_IC칩, 웨이퍼",반도체
2023-04-30,799953884,3167.358724,"반도체_IC칩, 웨이퍼",반도체
2023-05-31,764553761,2929.75782,"반도체_IC칩, 웨이퍼",반도체
2023-06-30,1039611528,3987.869156,"반도체_IC칩, 웨이퍼",반도체
2023-07-31,796665576,3250.682281,"반도체_IC칩, 웨이퍼",반도체
2023-08-31,804040266,3142.756333,"반도체_IC칩, 웨이퍼",반도체
2023-09-30,1152850809,4143.012028,"반도체_IC칩, 웨이퍼",반도체
2023-10-31,905545464,3490.329359,"반도체_IC칩, 웨이퍼",반도체
2023-11-30,934942727,3299.50106,"반도체_IC칩, 웨이퍼",반도체
2023-12-31,1129335730,4195.18104,"반도체_IC칩, 웨이퍼",반도체
2024-01-31,854689879,3432.548751,"반도체_IC칩, 웨이퍼",반도체
2024-02-29,798277621,3347.647816,"반도체_IC칩, 웨이퍼",반도체
2024-03-31,849881730,3329.042045,"반도체_IC칩, 웨이퍼",반도체
2024-04-30,793107953,3235.142724,"반도체_IC칩, 웨이퍼",반도체
2024-05-31,829549168,3646.369488,"반도체_IC칩, 웨이퍼",반도체
2024-06-30,1214170853,4928.463926,"반도체_IC칩, 웨이퍼",반도체
2024-07-31,839740306,3473.905532,"반도체_IC칩, 웨이퍼",반도체
2024-08-31,836779130,3513.40824,"반도체_IC칩, 웨이퍼",반도체
2024-09-30,1252129141,5170.84682,"반도체_IC칩, 웨이퍼",반도체
2024-10-31,914757094,3847.218614,"반도체_IC칩, 웨이퍼",반도체
2024-11-30,832779842,3657.610562,"반도체_IC칩, 웨이퍼",반도체
2024-12-31,1231887476,4947.873989,"반도체_IC칩, 웨이퍼",반도체
2025-01-31,730009862,3405.066521,"반도체_IC칩, 웨이퍼",반도체
2025-02-28,695623332,3417.370507,"반도체_IC칩, 웨이퍼",반도체
2025-03-31,972079672,4242.034638,"반도체_IC칩, 웨이퍼",반도체
2025-04-30,846919454,3840.146277,"반도체_IC칩, 웨이퍼",반도체
2025-05-31,928661014,4081.780811,"반도체_IC칩, 웨이퍼",반도체
2025-06-30,972477712,4246.541149,"반도체_IC칩, 웨이퍼",반도체
2025-07-31,833098077,3577.369114,"반도체_IC칩, 웨이퍼",반도체
2025-08-31,816307836,3640.11759,"반도체_IC칩, 웨이퍼",반도체
2025-09-30,1000422961,3693.305557,"반도체_IC칩, 웨이퍼",반도체
2025-10-31,816330246,3443.436599,"반도체_IC칩, 웨이퍼",반도체
2025-11-30,837178061,3633.110854,"반도체_IC칩, 웨이퍼",반도체
2025-12-31,1185049309,4521.860642,"반도체_IC칩, 웨이퍼",반도체
2026-01-31,808851751,3027.15848,"반도체_IC칩, 웨이퍼",반도체
2026-02-28,660409908,2938.876417,"반도체_IC칩, 웨이퍼",반도체
2026-03-31,887882927,3356.022966,"반도체_IC칩, 웨이퍼",반도체
2026-04-30,770257897,3078.095577,"반도체_IC칩, 웨이퍼",반도체
2026-05-31,864110443,3559.096215,"반도체_IC칩, 웨이퍼",반도체
2026-06-30,988116495,3717.795739,"반도체_IC칩, 웨이퍼",반도체
2026-07-31,868962281,3306.924414,"반도체_IC칩, 웨이퍼",반도체
2017-01-31,1169549686,35262.567157,반도체_MCP,반도체
2017-02-28,1251249752,35546.423624,반도체_MCP,반도체
2017-03-31,1618260349,33929.378471,반도체_MCP,반도체
2017-04-30,1339809786,33952.233221,반도체_MCP,반도체
2017-05-31,1438104697,41973.041639,반도체_MCP,반도체
2017-06-30,1963435530,40434.984958,반도체_MCP,반도체
2017-07-31,1675398179,41718.809317,반도체_MCP,반도체
2017-08-31,1952748731,41044.914148,반도체_MCP,반도체
2017-09-30,2478231083,64966.094767,반도체_MCP,반도체
2017-10-31,2693986906,62035.309316,반도체_MCP,반도체
2017-11-30,2710320247,58784.417832,반도체_MCP,반도체
2017-12-31,2713645297,72223.779714,반도체_MCP,반도체
2018-01-31,2482923408,69355.402458,반도체_MCP,반도체
2018-02-28,2179606309,62308.1836,반도체_MCP,반도체
2018-03-31,2808948638,69024.111406,반도체_MCP,반도체
2018-04-30,1956728731,56494.383443,반도체_MCP,반도체
2018-05-31,1729075290,43748.451286,반도체_MCP,반도체
2018-06-30,1757805851,47297.829253,반도체_MCP,반도체
2018-07-31,1341674378,36674.273314,반도체_MCP,반도체
2018-08-31,1823559499,48362.248046,반도체_MCP,반도체
2018-09-30,2011168305,57530.017801,반도체_MCP,반도체
2018-10-31,1862782893,65439.169539,반도체_MCP,반도체
2018-11-30,1837131648,62171.117308,반도체_MCP,반도체
2018-12-31,1447303633,58198.71286,반도체_MCP,반도체
2019-01-31,1245728975,51479.25443,반도체_MCP,반도체
2019-02-28,1186938435,51963.027505,반도체_MCP,반도체
2019-03-31,1900004592,57018.634605,반도체_MCP,반도체
2019-04-30,1591573857,60178.339563,반도체_MCP,반도체
2019-05-31,1461986178,57045.305326,반도체_MCP,반도체
2019-06-30,1992454785,57540.347312,반도체_MCP,반도체
2019-07-31,1435092192,45775.837588,반도체_MCP,반도체
2019-08-31,1766424595,46941.399937,반도체_MCP,반도체
2019-09-30,1967455691,40025.122123,반도체_MCP,반도체
2019-10-31,1609505323,32658.726527,반도체_MCP,반도체
2019-11-30,1501909044,32100.702368,반도체_MCP,반도체
2019-12-31,1774525746,35330.073988,반도체_MCP,반도체
2020-01-31,1299516735,32605.62468,반도체_MCP,반도체
2020-02-29,1512715753,33120.598118,반도체_MCP,반도체
2020-03-31,2019962094,46163.64024,반도체_MCP,반도체
2020-04-30,1442901645,38209.806661,반도체_MCP,반도체
2020-05-31,2118867440,42702.106863,반도체_MCP,반도체
2020-06-30,1904275458,36021.437562,반도체_MCP,반도체
2020-07-31,1573800930,31468.101226,반도체_MCP,반도체
2020-08-31,1776264041,32123.463823,반도체_MCP,반도체
2020-09-30,2257649470,34657.499425,반도체_MCP,반도체
2020-10-31,1962238672,34392.814073,반도체_MCP,반도체
2020-11-30,1918170533,33083.479255,반도체_MCP,반도체
2020-12-31,2387669212,33497.630247,반도체_MCP,반도체
2021-01-31,2073236577,34691.784976,반도체_MCP,반도체
2021-02-28,2142784514,33757.423308,반도체_MCP,반도체
2021-03-31,2543431438,34003.985104,반도체_MCP,반도체
2021-04-30,2195578967,33200.947149,반도체_MCP,반도체
2021-05-31,2730603865,32899.904057,반도체_MCP,반도체
2021-06-30,3209439778,34242.779493,반도체_MCP,반도체
2021-07-31,2710736092,32851.963705,반도체_MCP,반도체
2021-08-31,2853781127,33018.588982,반도체_MCP,반도체
2021-09-30,3032476456,35002.344927,반도체_MCP,반도체
2021-10-31,2351218727,29680.014913,반도체_MCP,반도체
2021-11-30,3023534268,30632.812614,반도체_MCP,반도체
2021-12-31,3134560295,29010.034114,반도체_MCP,반도체
2022-01-31,2412848672,31446.580951,반도체_MCP,반도체
2022-02-28,2110498381,28452.853579,반도체_MCP,반도체
2022-03-31,3048741578,28731.934789,반도체_MCP,반도체
2022-04-30,1978314809,28088.047967,반도체_MCP,반도체
2022-05-31,2405599871,27518.811893,반도체_MCP,반도체
2022-06-30,2505011542,22879.876743,반도체_MCP,반도체
2022-07-31,1825832115,24016.314114,반도체_MCP,반도체
2022-08-31,2075749720,26153.454367,반도체_MCP,반도체
2022-09-30,2460616117,22222.161064,반도체_MCP,반도체
2022-10-31,1645405495,23214.326962,반도체_MCP,반도체
2022-11-30,1347003024,18944.993034,반도체_MCP,반도체
2022-12-31,1485547274,17738.191361,반도체_MCP,반도체
2023-01-31,1111405984,19115.615726,반도체_MCP,반도체
2023-02-28,1063450871,15176.891683,반도체_MCP,반도체
2023-03-31,1615478463,14440.148411,반도체_MCP,반도체
2023-04-30,982903236,12824.231703,반도체_MCP,반도체
2023-05-31,1272453143,14539.021692,반도체_MCP,반도체
2023-06-30,2142641368,14988.139816,반도체_MCP,반도체
2023-07-31,1426695324,13608.870452,반도체_MCP,반도체
2023-08-31,1669928603,15377.132499,반도체_MCP,반도체
2023-09-30,2074156047,15900.093347,반도체_MCP,반도체
2023-10-31,1845429111,18932.412139,반도체_MCP,반도체
2023-11-30,2015128839,18917.416898,반도체_MCP,반도체
2023-12-31,2523530235,21224.714296,반도체_MCP,반도체
2024-01-31,1960348887,28286.556566,반도체_MCP,반도체
2024-02-29,2309195932,28385.559626,반도체_MCP,반도체
2024-03-31,2729807054,31590.173743,반도체_MCP,반도체
2024-04-30,2158812516,25866.495199,반도체_MCP,반도체
2024-05-31,2698698006,33183.084963,반도체_MCP,반도체
2024-06-30,3742313361,27821.872264,반도체_MCP,반도체
2024-07-31,2980521606,33210.575316,반도체_MCP,반도체
2024-08-31,3347263827,32350.568507,반도체_MCP,반도체
2024-09-30,3802575693,35133.747129,반도체_MCP,반도체
2024-10-31,3482828191,52676.073371,반도체_MCP,반도체
2024-11-30,3587756896,43052.273369,반도체_MCP,반도체
2024-12-31,4331861630,48930.609841,반도체_MCP,반도체
2025-01-31,2236388115,38819.75303,반도체_MCP,반도체
2025-02-28,2286774946,37411.444939,반도체_MCP,반도체
2025-03-31,3664580481,38285.34804,반도체_MCP,반도체
2025-04-30,2845754081,30528.447183,반도체_MCP,반도체
2025-05-31,4006735454,35702.406841,반도체_MCP,반도체
2025-06-30,4687620057,43841.365352,반도체_MCP,반도체
2025-07-31,4194558040,42087.989321,반도체_MCP,반도체
2025-08-31,4603679559,44118.357351,반도체_MCP,반도체
2025-09-30,5225390077,41320.572361,반도체_MCP,반도체
2025-10-31,4749236336,44632.282091,반도체_MCP,반도체
2025-11-30,4674251226,50383.843307,반도체_MCP,반도체
2025-12-31,6160900673,58862.460766,반도체_MCP,반도체
2026-01-31,4883234377,55741.267653,반도체_MCP,반도체
2026-02-28,6748610140,72664.477239,반도체_MCP,반도체
2026-03-31,8577640250,63751.217496,반도체_MCP,반도체
2026-04-30,8156523690,72714.0598,반도체_MCP,반도체
2026-05-31,9620389441,83781.363538,반도체_MCP,반도체
2026-06-30,12681112901,94131.664843,반도체_MCP,반도체
2026-07-31,10085845139,95407.135714,반도체_MCP,반도체
2017-01-31,134891626,61.042913,반도체_SiC/Si/Quartz 식각 소모품,반도체
2017-02-28,158804359,50.916907,반도체_SiC/Si/Quartz 식각 소모품,반도체
2017-03-31,123317117,82.732102,반도체_SiC/Si/Quartz 식각 소모품,반도체
2017-04-30,143826067,86.966745,반도체_SiC/Si/Quartz 식각 소모품,반도체
2017-05-31,124379991,87.128644,반도체_SiC/Si/Quartz 식각 소모품,반도체
2017-06-30,144958718,95.927819,반도체_SiC/Si/Quartz 식각 소모품,반도체
2017-07-31,134834352,94.194963,반도체_SiC/Si/Quartz 식각 소모품,반도체
2017-08-31,139169426,107.684448,반도체_SiC/Si/Quartz 식각 소모품,반도체
2017-09-30,130128126,81.121483,반도체_SiC/Si/Quartz 식각 소모품,반도체
2017-10-31,143186393,76.995771,반도체_SiC/Si/Quartz 식각 소모품,반도체
2017-11-30,172335444,72.04174,반도체_SiC/Si/Quartz 식각 소모품,반도체
2017-12-31,164233326,84.021942,반도체_SiC/Si/Quartz 식각 소모품,반도체
2018-01-31,165937267,91.307802,반도체_SiC/Si/Quartz 식각 소모품,반도체
2018-02-28,153440464,77.078317,반도체_SiC/Si/Quartz 식각 소모품,반도체
2018-03-31,179149764,109.851395,반도체_SiC/Si/Quartz 식각 소모품,반도체
2018-04-30,161370928,111.122398,반도체_SiC/Si/Quartz 식각 소모품,반도체
2018-05-31,175469814,96.44858,반도체_SiC/Si/Quartz 식각 소모품,반도체
2018-06-30,162536924,96.698409,반도체_SiC/Si/Quartz 식각 소모품,반도체
2018-07-31,181027670,98.397883,반도체_SiC/Si/Quartz 식각 소모품,반도체
2018-08-31,163470885,104.243724,반도체_SiC/Si/Quartz 식각 소모품,반도체
2018-09-30,114978267,106.649994,반도체_SiC/Si/Quartz 식각 소모품,반도체
2018-10-31,146579224,110.937575,반도체_SiC/Si/Quartz 식각 소모품,반도체
2018-11-30,165128215,149.590508,반도체_SiC/Si/Quartz 식각 소모품,반도체
2018-12-31,123453443,127.651199,반도체_SiC/Si/Quartz 식각 소모품,반도체
2019-01-31,142244076,124.178217,반도체_SiC/Si/Quartz 식각 소모품,반도체
2019-02-28,110051712,114.489612,반도체_SiC/Si/Quartz 식각 소모품,반도체
2019-03-31,161541999,103.760878,반도체_SiC/Si/Quartz 식각 소모품,반도체
2019-04-30,183276229,114.99457,반도체_SiC/Si/Quartz 식각 소모품,반도체
2019-05-31,166665105,120.016872,반도체_SiC/Si/Quartz 식각 소모품,반도체
2019-06-30,169247261,108.921488,반도체_SiC/Si/Quartz 식각 소모품,반도체
2019-07-31,172766557,98.311228,반도체_SiC/Si/Quartz 식각 소모품,반도체
2019-08-31,154348464,119.997491,반도체_SiC/Si/Quartz 식각 소모품,반도체
2019-09-30,154616968,127.809078,반도체_SiC/Si/Quartz 식각 소모품,반도체
2019-10-31,162651607,89.033664,반도체_SiC/Si/Quartz 식각 소모품,반도체
2019-11-30,167452130,135.922679,반도체_SiC/Si/Quartz 식각 소모품,반도체
2019-12-31,161826305,119.530321,반도체_SiC/Si/Quartz 식각 소모품,반도체
2020-01-31,197821248,112.149903,반도체_SiC/Si/Quartz 식각 소모품,반도체
2020-02-29,157085032,116.908069,반도체_SiC/Si/Quartz 식각 소모품,반도체
2020-03-31,188637242,101.878241,반도체_SiC/Si/Quartz 식각 소모품,반도체
2020-04-30,187749711,122.031346,반도체_SiC/Si/Quartz 식각 소모품,반도체
2020-05-31,175665601,112.816562,반도체_SiC/Si/Quartz 식각 소모품,반도체
2020-06-30,195195693,91.999606,반도체_SiC/Si/Quartz 식각 소모품,반도체
2020-07-31,189350862,142.846059,반도체_SiC/Si/Quartz 식각 소모품,반도체
2020-08-31,172889678,114.385087,반도체_SiC/Si/Quartz 식각 소모품,반도체
2020-09-30,173840957,98.952954,반도체_SiC/Si/Quartz 식각 소모품,반도체
2020-10-31,165442695,132.183373,반도체_SiC/Si/Quartz 식각 소모품,반도체
2020-11-30,202932517,159.126671,반도체_SiC/Si/Quartz 식각 소모품,반도체
2020-12-31,195416572,170.435665,반도체_SiC/Si/Quartz 식각 소모품,반도체
2021-01-31,182056222,165.600723,반도체_SiC/Si/Quartz 식각 소모품,반도체
2021-02-28,187418878,164.784995,반도체_SiC/Si/Quartz 식각 소모품,반도체
2021-03-31,255006843,168.612939,반도체_SiC/Si/Quartz 식각 소모품,반도체
2021-04-30,226790584,157.06306,반도체_SiC/Si/Quartz 식각 소모품,반도체
2021-05-31,260173122,144.111787,반도체_SiC/Si/Quartz 식각 소모품,반도체
2021-06-30,230879224,173.121326,반도체_SiC/Si/Quartz 식각 소모품,반도체
2021-07-31,245257523,145.65633,반도체_SiC/Si/Quartz 식각 소모품,반도체
2021-08-31,260172339,149.953889,반도체_SiC/Si/Quartz 식각 소모품,반도체
2021-09-30,227920443,138.002643,반도체_SiC/Si/Quartz 식각 소모품,반도체
2021-10-31,228342401,154.876672,반도체_SiC/Si/Quartz 식각 소모품,반도체
2021-11-30,218078815,189.713384,반도체_SiC/Si/Quartz 식각 소모품,반도체
2021-12-31,268658200,143.204288,반도체_SiC/Si/Quartz 식각 소모품,반도체
2022-01-31,202248358,143.676766,반도체_SiC/Si/Quartz 식각 소모품,반도체
2022-02-28,225374479,156.549948,반도체_SiC/Si/Quartz 식각 소모품,반도체
2022-03-31,296674509,199.574035,반도체_SiC/Si/Quartz 식각 소모품,반도체
2022-04-30,260881552,175.08113,반도체_SiC/Si/Quartz 식각 소모품,반도체
2022-05-31,283001506,193.948839,반도체_SiC/Si/Quartz 식각 소모품,반도체
2022-06-30,291075815,185.619664,반도체_SiC/Si/Quartz 식각 소모품,반도체
2022-07-31,303188311,175.577502,반도체_SiC/Si/Quartz 식각 소모품,반도체
2022-08-31,279138383,190.290064,반도체_SiC/Si/Quartz 식각 소모품,반도체
2022-09-30,268557233,184.215801,반도체_SiC/Si/Quartz 식각 소모품,반도체
2022-10-31,225303564,182.252674,반도체_SiC/Si/Quartz 식각 소모품,반도체
2022-11-30,220023987,226.897895,반도체_SiC/Si/Quartz 식각 소모품,반도체
2022-12-31,243869936,260.549569,반도체_SiC/Si/Quartz 식각 소모품,반도체
2023-01-31,202522296,199.451774,반도체_SiC/Si/Quartz 식각 소모품,반도체
2023-02-28,235416252,233.912687,반도체_SiC/Si/Quartz 식각 소모품,반도체
2023-03-31,257541849,227.290853,반도체_SiC/Si/Quartz 식각 소모품,반도체
2023-04-30,235616000,186.361687,반도체_SiC/Si/Quartz 식각 소모품,반도체
2023-05-31,223105189,179.008048,반도체_SiC/Si/Quartz 식각 소모품,반도체
2023-06-30,262005470,259.375632,반도체_SiC/Si/Quartz 식각 소모품,반도체
2023-07-31,256504291,241.205422,반도체_SiC/Si/Quartz 식각 소모품,반도체
2023-08-31,312749300,170.960903,반도체_SiC/Si/Quartz 식각 소모품,반도체
2023-09-30,242192025,236.600165,반도체_SiC/Si/Quartz 식각 소모품,반도체
2023-10-31,226394499,205.453829,반도체_SiC/Si/Quartz 식각 소모품,반도체
2023-11-30,267402376,217.473315,반도체_SiC/Si/Quartz 식각 소모품,반도체
2023-12-31,271809452,252.306716,반도체_SiC/Si/Quartz 식각 소모품,반도체
2024-01-31,275236525,249.658919,반도체_SiC/Si/Quartz 식각 소모품,반도체
2024-02-29,276750676,215.974223,반도체_SiC/Si/Quartz 식각 소모품,반도체
2024-03-31,278995926,285.691307,반도체_SiC/Si/Quartz 식각 소모품,반도체
2024-04-30,315571783,329.540373,반도체_SiC/Si/Quartz 식각 소모품,반도체
2024-05-31,316978761,231.329601,반도체_SiC/Si/Quartz 식각 소모품,반도체
2024-06-30,323843133,259.314925,반도체_SiC/Si/Quartz 식각 소모품,반도체
2024-07-31,344434683,290.690111,반도체_SiC/Si/Quartz 식각 소모품,반도체
2024-08-31,300612638,246.057881,반도체_SiC/Si/Quartz 식각 소모품,반도체
2024-09-30,277353347,272.24148,반도체_SiC/Si/Quartz 식각 소모품,반도체
2024-10-31,324844314,207.448898,반도체_SiC/Si/Quartz 식각 소모품,반도체
2024-11-30,330668602,251.093854,반도체_SiC/Si/Quartz 식각 소모품,반도체
2024-12-31,342027007,280.016009,반도체_SiC/Si/Quartz 식각 소모품,반도체
2025-01-31,289778058,237.129878,반도체_SiC/Si/Quartz 식각 소모품,반도체
2025-02-28,302342297,250.465112,반도체_SiC/Si/Quartz 식각 소모품,반도체
2025-03-31,331432406,269.728342,반도체_SiC/Si/Quartz 식각 소모품,반도체
2025-04-30,321077041,200.021806,반도체_SiC/Si/Quartz 식각 소모품,반도체
2025-05-31,325011492,219.737182,반도체_SiC/Si/Quartz 식각 소모품,반도체
2025-06-30,362889679,253.675423,반도체_SiC/Si/Quartz 식각 소모품,반도체
2025-07-31,370553619,289.328807,반도체_SiC/Si/Quartz 식각 소모품,반도체
2025-08-31,363977720,323.952146,반도체_SiC/Si/Quartz 식각 소모품,반도체
2025-09-30,368731006,275.017084,반도체_SiC/Si/Quartz 식각 소모품,반도체
2025-10-31,340037411,277.283854,반도체_SiC/Si/Quartz 식각 소모품,반도체
2025-11-30,368005142,271.385966,반도체_SiC/Si/Quartz 식각 소모품,반도체
2025-12-31,405649387,315.93499,반도체_SiC/Si/Quartz 식각 소모품,반도체
2026-01-31,362725405,264.505887,반도체_SiC/Si/Quartz 식각 소모품,반도체
2026-02-28,388524023,291.066361,반도체_SiC/Si/Quartz 식각 소모품,반도체
2026-03-31,414054569,261.383123,반도체_SiC/Si/Quartz 식각 소모품,반도체
2026-04-30,419610157,252.16753,반도체_SiC/Si/Quartz 식각 소모품,반도체
2026-05-31,360619915,272.888477,반도체_SiC/Si/Quartz 식각 소모품,반도체
2026-06-30,460171055,295.294829,반도체_SiC/Si/Quartz 식각 소모품,반도체
2026-07-31,466043741,262.816473,반도체_SiC/Si/Quartz 식각 소모품,반도체
2026-08-31,422478175,216.439626,반도체_SiC/Si/Quartz 식각 소모품,반도체
2017-01-31,294981354,8308.882193,반도체_낸드,반도체
2017-02-28,296979709,5935.91154,반도체_낸드,반도체
2017-03-31,336017503,7802.765263,반도체_낸드,반도체
2017-04-30,327607667,8654.233858,반도체_낸드,반도체
2017-05-31,304846900,7311.061051,반도체_낸드,반도체
2017-06-30,305980139,4297.971872,반도체_낸드,반도체
2017-07-31,369718172,7922.168403,반도체_낸드,반도체
2017-08-31,506332547,10128.773931,반도체_낸드,반도체
2017-09-30,571712823,10616.56245,반도체_낸드,반도체
2017-10-31,527225233,11189.622186,반도체_낸드,반도체
2017-11-30,496035703,10860.805866,반도체_낸드,반도체
2017-12-31,494807355,11183.315388,반도체_낸드,반도체
2018-01-31,559049493,11725.028854,반도체_낸드,반도체
2018-02-28,631078765,13735.94505,반도체_낸드,반도체
2018-03-31,710800720,13980.652904,반도체_낸드,반도체
2018-04-30,571267389,11202.272448,반도체_낸드,반도체
2018-05-31,704622405,12824.105585,반도체_낸드,반도체
2018-06-30,702933870,12742.829852,반도체_낸드,반도체
2018-07-31,573100209,11748.570615,반도체_낸드,반도체
2018-08-31,595931108,11420.56449,반도체_낸드,반도체
2018-09-30,739130146,11716.916296,반도체_낸드,반도체
2018-10-31,714521320,11740.017873,반도체_낸드,반도체
2018-11-30,655354855,11192.103559,반도체_낸드,반도체
2018-12-31,620022609,10906.173373,반도체_낸드,반도체
2019-01-31,413164266,9951.183106,반도체_낸드,반도체
2019-02-28,370562538,9330.745624,반도체_낸드,반도체
2019-03-31,592383221,10001.042019,반도체_낸드,반도체
2019-04-30,670060391,10459.828683,반도체_낸드,반도체
2019-05-31,472438215,8967.588605,반도체_낸드,반도체
2019-06-30,438676436,8307.760759,반도체_낸드,반도체
2019-07-31,498306722,9303.251707,반도체_낸드,반도체
2019-08-31,482809111,9143.092011,반도체_낸드,반도체
2019-09-30,401511428,8225.235739,반도체_낸드,반도체
2019-10-31,512703412,10269.268812,반도체_낸드,반도체
2019-11-30,446251727,9416.222363,반도체_낸드,반도체
2019-12-31,383428749,9104.07233,반도체_낸드,반도체
2020-01-31,565558830,10726.213942,반도체_낸드,반도체
2020-02-29,496450698,9476.186793,반도체_낸드,반도체
2020-03-31,489483650,9967.489017,반도체_낸드,반도체
2020-04-30,532604631,10890.262664,반도체_낸드,반도체
2020-05-31,477943516,11733.2044,반도체_낸드,반도체
2020-06-30,480546220,10348.612849,반도체_낸드,반도체
2020-07-31,492080353,11825.412194,반도체_낸드,반도체
2020-08-31,503084425,11547.704906,반도체_낸드,반도체
2020-09-30,581809584,10934.837748,반도체_낸드,반도체
2020-10-31,505395551,10784.990571,반도체_낸드,반도체
2020-11-30,500733046,9105.629534,반도체_낸드,반도체
2020-12-31,679302439,10453.510192,반도체_낸드,반도체
2021-01-31,488969557,9613.763303,반도체_낸드,반도체
2021-02-28,459703191,9876.487634,반도체_낸드,반도체
2021-03-31,441887620,8329.837242,반도체_낸드,반도체
2021-04-30,491393546,10078.548613,반도체_낸드,반도체
2021-05-31,587405784,10943.27501,반도체_낸드,반도체
2021-06-30,595764768,11218.390964,반도체_낸드,반도체
2021-07-31,494346575,10574.760449,반도체_낸드,반도체
2021-08-31,566156634,10758.09392,반도체_낸드,반도체
2021-09-30,657444772,11220.065244,반도체_낸드,반도체
2021-10-31,634112959,13092.050845,반도체_낸드,반도체
2021-11-30,621120102,12089.627782,반도체_낸드,반도체
2021-12-31,639834302,11086.102623,반도체_낸드,반도체
2022-01-31,522230345,10911.544629,반도체_낸드,반도체
2022-02-28,638238473,13840.019989,반도체_낸드,반도체
2022-03-31,746119416,14076.221596,반도체_낸드,반도체
2022-04-30,741952837,13883.660942,반도체_낸드,반도체
2022-05-31,803340002,13605.345434,반도체_낸드,반도체
2022-06-30,786481424,16589.512691,반도체_낸드,반도체
2022-07-31,738164966,18335.971732,반도체_낸드,반도체
2022-08-31,618529649,15769.782135,반도체_낸드,반도체
2022-09-30,673134026,11345.552729,반도체_낸드,반도체
2022-10-31,566860182,8055.13776,반도체_낸드,반도체
2022-11-30,516904495,10803.577146,반도체_낸드,반도체
2022-12-31,346621582,8633.109275,반도체_낸드,반도체
2023-01-31,364249620,13320.797691,반도체_낸드,반도체
2023-02-28,492061495,10150.162269,반도체_낸드,반도체
2023-03-31,637444105,6987.242478,반도체_낸드,반도체
2023-04-30,352486276,9581.69648,반도체_낸드,반도체
2023-05-31,370462980,9576.037198,반도체_낸드,반도체
2023-06-30,469241049,6414.394449,반도체_낸드,반도체
2023-07-31,355074367,8282.011949,반도체_낸드,반도체
2023-08-31,563207063,9513.875489,반도체_낸드,반도체
2023-09-30,711058351,8637.985857,반도체_낸드,반도체
2023-10-31,563432529,10309.469874,반도체_낸드,반도체
2023-11-30,576927692,10992.769433,반도체_낸드,반도체
2023-12-31,623483753,9093.028156,반도체_낸드,반도체
2024-01-31,857558588,13527.095216,반도체_낸드,반도체
2024-02-29,889118556,15856.203871,반도체_낸드,반도체
2024-03-31,816995296,14855.575446,반도체_낸드,반도체
2024-04-30,615382745,14448.334603,반도체_낸드,반도체
2024-05-31,685634377,16359.610324,반도체_낸드,반도체
2024-06-30,677868423,14906.354814,반도체_낸드,반도체
2024-07-31,536146405,13980.294862,반도체_낸드,반도체
2024-08-31,388012152,12797.690419,반도체_낸드,반도체
2024-09-30,626839335,15422.420228,반도체_낸드,반도체
2024-10-31,440424775,13510.546775,반도체_낸드,반도체
2024-11-30,478932127,10441.428193,반도체_낸드,반도체
2024-12-31,613005167,14528.643513,반도체_낸드,반도체
2025-01-31,307775499,10871.011049,반도체_낸드,반도체
2025-02-28,294102633,6287.107078,반도체_낸드,반도체
2025-03-31,526650290,8037.383695,반도체_낸드,반도체
2025-04-30,430255719,13033.233744,반도체_낸드,반도체
2025-05-31,561171902,13308.341442,반도체_낸드,반도체
2025-06-30,620739271,11270.625347,반도체_낸드,반도체
2025-07-31,468831249,12077.496111,반도체_낸드,반도체
2025-08-31,645465853,14697.429897,반도체_낸드,반도체
2025-09-30,708584786,13031.681607,반도체_낸드,반도체
2025-10-31,672927526,17749.316419,반도체_낸드,반도체
2025-11-30,1101251822,26984.81923,반도체_낸드,반도체
2025-12-31,1275594726,28353.133694,반도체_낸드,반도체
2026-01-31,1434956679,32928.858644,반도체_낸드,반도체
2026-02-28,1406223535,37502.6245,반도체_낸드,반도체
2026-03-31,2544596946,45864.997589,반도체_낸드,반도체
2026-04-30,1673741564,45933.69334,반도체_낸드,반도체
2026-05-31,1721738700,56749.659434,반도체_낸드,반도체
2026-06-30,2486161310,62115.490088,반도체_낸드,반도체
2026-07-31,1780647499,61750.785354,반도체_낸드,반도체
2017-01-31,1359624403,16276.29561,반도체_디램,반도체
2017-02-28,1405222422,17676.325159,반도체_디램,반도체
2017-03-31,1575893194,20199.045787,반도체_디램,반도체
2017-04-30,1704652258,22013.350922,반도체_디램,반도체
2017-05-31,1835724342,23808.635195,반도체_디램,반도체
2017-06-30,1863251002,23312.30923,반도체_디램,반도체
2017-07-31,1967693742,26225.269101,반도체_디램,반도체
2017-08-31,2011639596,25341.141231,반도체_디램,반도체
2017-09-30,2140059404,26991.105089,반도체_디램,반도체
2017-10-31,2483178757,30448.922599,반도체_디램,반도체
2017-11-30,2361183591,29362.327333,반도체_디램,반도체
2017-12-31,2584284843,32951.825928,반도체_디램,반도체
2018-01-31,2491371371,34652.573443,반도체_디램,반도체
2018-02-28,2416307356,33498.559246,반도체_디램,반도체
2018-03-31,2999031598,34518.199359,반도체_디램,반도체
2018-04-30,2998743167,35555.577297,반도체_디램,반도체
2018-05-31,3157384461,33909.992134,반도체_디램,반도체
2018-06-30,3155601679,33861.900468,반도체_디램,반도체
2018-07-31,3056760524,33767.71783,반도체_디램,반도체
2018-08-31,3236846367,39056.390077,반도체_디램,반도체
2018-09-30,3544917427,40038.571506,반도체_디램,반도체
2018-10-31,3202555667,37669.950476,반도체_디램,반도체
2018-11-30,2758640227,36644.788867,반도체_디램,반도체
2018-12-31,1800078893,26769.830489,반도체_디램,반도체
2019-01-31,1668089538,25480.923374,반도체_디램,반도체
2019-02-28,1398907040,21184.699239,반도체_디램,반도체
2019-03-31,1821335937,23020.753369,반도체_디램,반도체
2019-04-30,1920969134,24162.638351,반도체_디램,반도체
2019-05-31,1473729225,18883.997062,반도체_디램,반도체
2019-06-30,1609526360,18450.795475,반도체_디램,반도체
2019-07-31,1542510072,17897.646228,반도체_디램,반도체
2019-08-31,1488749530,17151.73533,반도체_디램,반도체
2019-09-30,1449764530,16321.034543,반도체_디램,반도체
2019-10-31,1424454514,13872.801234,반도체_디램,반도체
2019-11-30,1400432155,14919.090031,반도체_디램,반도체
2019-12-31,1322210845,15777.421159,반도체_디램,반도체
2020-01-31,1316193331,15464.434511,반도체_디램,반도체
2020-02-29,1379235356,17218.74633,반도체_디램,반도체
2020-03-31,1547464915,17339.916058,반도체_디램,반도체
2020-04-30,1606693608,19492.210643,반도체_디램,반도체
2020-05-31,1729492217,16836.491446,반도체_디램,반도체
2020-06-30,1742617251,13702.313856,반도체_디램,반도체
2020-07-31,1710991189,12984.855672,반도체_디램,반도체
2020-08-31,1656460521,11554.944958,반도체_디램,반도체
2020-09-30,1722449148,10174.52347,반도체_디램,반도체
2020-10-31,1708850579,10203.816388,반도체_디램,반도체
2020-11-30,1545290464,8450.79303,반도체_디램,반도체
2020-12-31,1361938134,11822.746017,반도체_디램,반도체
2021-01-31,1497226281,13295.24808,반도체_디램,반도체
2021-02-28,1526631381,9886.869243,반도체_디램,반도체
2021-03-31,1785261687,10489.172601,반도체_디램,반도체
2021-04-30,1858230153,11986.452684,반도체_디램,반도체
2021-05-31,1946726364,12077.305396,반도체_디램,반도체
2021-06-30,2176813167,17145.28054,반도체_디램,반도체
2021-07-31,2281692195,18183.623709,반도체_디램,반도체
2021-08-31,2571150649,17917.464832,반도체_디램,반도체
2021-09-30,2568831954,19241.374027,반도체_디램,반도체
2021-10-31,2466587814,17223.649446,반도체_디램,반도체
2021-11-30,2453171225,19377.623014,반도체_디램,반도체
2021-12-31,2556653940,17503.931147,반도체_디램,반도체
2022-01-31,2258480961,15338.65024,반도체_디램,반도체
2022-02-28,2164781662,15887.746061,반도체_디램,반도체
2022-03-31,2462222443,15187.039329,반도체_디램,반도체
2022-04-30,2183890438,16152.614048,반도체_디램,반도체
2022-05-31,2470027934,21394.9018,반도체_디램,반도체
2022-06-30,2489692944,16954.052488,반도체_디램,반도체
2022-07-31,2368371059,12518.914496,반도체_디램,반도체
2022-08-31,2003245387,15154.649551,반도체_디램,반도체
2022-09-30,1823272881,13845.380956,반도체_디램,반도체
2022-10-31,1565415183,8934.414891,반도체_디램,반도체
2022-11-30,1402702132,8595.108106,반도체_디램,반도체
2022-12-31,1419716100,7376.275896,반도체_디램,반도체
2023-01-31,889144043,7561.477164,반도체_디램,반도체
2023-02-28,947429033,8346.884194,반도체_디램,반도체
2023-03-31,1134771349,8549.72849,반도체_디램,반도체
2023-04-30,1163518356,7959.556078,반도체_디램,반도체
2023-05-31,1193004804,7567.627735,반도체_디램,반도체
2023-06-30,1164243281,7708.709803,반도체_디램,반도체
2023-07-31,1142171397,10863.607023,반도체_디램,반도체
2023-08-31,1285823573,9972.005322,반도체_디램,반도체
2023-09-30,1181502470,8914.213157,반도체_디램,반도체
2023-10-31,1140724308,10150.540222,반도체_디램,반도체
2023-11-30,1341588637,10382.541681,반도체_디램,반도체
2023-12-31,1452659619,9082.54901,반도체_디램,반도체
2024-01-31,1407209178,10919.486446,반도체_디램,반도체
2024-02-29,1491461901,12842.641215,반도체_디램,반도체
2024-03-31,1628992789,14434.354136,반도체_디램,반도체
2024-04-30,1594785570,14997.629868,반도체_디램,반도체
2024-05-31,1767125266,15457.554622,반도체_디램,반도체
2024-06-30,1899280662,16238.761402,반도체_디램,반도체
2024-07-31,1986235775,18838.410991,반도체_디램,반도체
2024-08-31,1839895463,18781.868087,반도체_디램,반도체
2024-09-30,1888282735,15556.205844,반도체_디램,반도체
2024-10-31,1912033811,20008.654333,반도체_디램,반도체
2024-11-30,1825067835,17065.908379,반도체_디램,반도체
2024-12-31,2096464352,15464.044302,반도체_디램,반도체
2025-01-31,1836333612,14689.779283,반도체_디램,반도체
2025-02-28,1681458369,13397.088286,반도체_디램,반도체
2025-03-31,2106605116,14202.588969,반도체_디램,반도체
2025-04-30,2103365092,15666.143475,반도체_디램,반도체
2025-05-31,2244898642,14020.780059,반도체_디램,반도체
2025-06-30,2291729988,12159.695929,반도체_디램,반도체
2025-07-31,2387705705,14894.108766,반도체_디램,반도체
2025-08-31,2615929305,17675.86324,반도체_디램,반도체
2025-09-30,2653983105,16604.587419,반도체_디램,반도체
2025-10-31,2855276588,20706.266857,반도체_디램,반도체
2025-11-30,3604226456,24266.32283,반도체_디램,반도체
2025-12-31,4156196557,23723.68261,반도체_디램,반도체
2026-01-31,5059378865,35524.369058,반도체_디램,반도체
2026-02-28,6490982506,48156.64749,반도체_디램,반도체
2026-03-31,8012466074,55142.955398,반도체_디램,반도체
2026-04-30,9247673806,66476.157781,반도체_디램,반도체
2026-05-31,11428031617,77556.936237,반도체_디램,반도체
2026-06-30,11175623231,74686.803942,반도체_디램,반도체
2026-07-31,13551552131,86970.266577,반도체_디램,반도체
2017-01-31,399241453,5822.655727,반도체_디램 모듈,반도체
2017-02-28,360987171,5440.471083,반도체_디램 모듈,반도체
2017-03-31,427916666,6103.847028,반도체_디램 모듈,반도체
2017-04-30,478197565,7341.902487,반도체_디램 모듈,반도체
2017-05-31,511532309,7455.892531,반도체_디램 모듈,반도체
2017-06-30,559785415,7688.383207,반도체_디램 모듈,반도체
2017-07-31,571423573,9685.995703,반도체_디램 모듈,반도체
2017-08-31,711723530,9875.268397,반도체_디램 모듈,반도체
2017-09-30,768541304,10194.94586,반도체_디램 모듈,반도체
2017-10-31,624821474,10565.955456,반도체_디램 모듈,반도체
2017-11-30,626054789,9955.488691,반도체_디램 모듈,반도체
2017-12-31,621286146,9446.826712,반도체_디램 모듈,반도체
2018-01-31,631690930,10849.935186,반도체_디램 모듈,반도체
2018-02-28,573683920,13983.051686,반도체_디램 모듈,반도체
2018-03-31,620687508,16321.769319,반도체_디램 모듈,반도체
2018-04-30,712074434,11747.404318,반도체_디램 모듈,반도체
2018-05-31,914369998,9167.70194,반도체_디램 모듈,반도체
2018-06-30,987105832,8987.180774,반도체_디램 모듈,반도체
2018-07-31,812359065,8927.465141,반도체_디램 모듈,반도체
2018-08-31,893111885,8919.507435,반도체_디램 모듈,반도체
2018-09-30,943820544,9798.330334,반도체_디램 모듈,반도체
2018-10-31,1055256810,10305.309712,반도체_디램 모듈,반도체
2018-11-30,1445721372,10530.581151,반도체_디램 모듈,반도체
2018-12-31,1439575634,10927.540692,반도체_디램 모듈,반도체
2019-01-31,765082446,7565.889781,반도체_디램 모듈,반도체
2019-02-28,696183490,7060.385884,반도체_디램 모듈,반도체
2019-03-31,1077121854,5625.658656,반도체_디램 모듈,반도체
2019-04-30,873296061,5673.640568,반도체_디램 모듈,반도체
2019-05-31,884756040,6254.888041,반도체_디램 모듈,반도체
2019-06-30,890096809,4578.99656,반도체_디램 모듈,반도체
2019-07-31,620196564,4998.168301,반도체_디램 모듈,반도체
2019-08-31,756904197,4366.272174,반도체_디램 모듈,반도체
2019-09-30,903579566,3840.173621,반도체_디램 모듈,반도체
2019-10-31,785344250,3901.557957,반도체_디램 모듈,반도체
2019-11-30,790904368,4114.131206,반도체_디램 모듈,반도체
2019-12-31,789467683,3971.781353,반도체_디램 모듈,반도체
2020-01-31,671991431,4366.982998,반도체_디램 모듈,반도체
2020-02-29,772722669,4516.223967,반도체_디램 모듈,반도체
2020-03-31,1109035482,5095.40429,반도체_디램 모듈,반도체
2020-04-30,1119535711,6010.712477,반도체_디램 모듈,반도체
2020-05-31,1106465787,6160.397132,반도체_디램 모듈,반도체
2020-06-30,1210698403,6502.013591,반도체_디램 모듈,반도체
2020-07-31,805243232,6373.570195,반도체_디램 모듈,반도체
2020-08-31,770069890,6656.515883,반도체_디램 모듈,반도체
2020-09-30,1210533586,6469.555751,반도체_디램 모듈,반도체
2020-10-31,814903094,5463.849448,반도체_디램 모듈,반도체
2020-11-30,828785467,5207.202067,반도체_디램 모듈,반도체
2020-12-31,1150337646,5395.543257,반도체_디램 모듈,반도체
2021-01-31,884996536,5278.481147,반도체_디램 모듈,반도체
2021-02-28,745036364,5050.587565,반도체_디램 모듈,반도체
2021-03-31,906409347,5425.06377,반도체_디램 모듈,반도체
2021-04-30,1007602147,6361.398157,반도체_디램 모듈,반도체
2021-05-31,952576960,6379.080289,반도체_디램 모듈,반도체
2021-06-30,1197708939,6611.761754,반도체_디램 모듈,반도체
2021-07-31,1236205018,7071.542694,반도체_디램 모듈,반도체
2021-08-31,1193530028,7375.097527,반도체_디램 모듈,반도체
2021-09-30,1206487771,7603.27128,반도체_디램 모듈,반도체
2021-10-31,1093171037,7874.248386,반도체_디램 모듈,반도체
2021-11-30,1252301751,6758.352776,반도체_디램 모듈,반도체
2021-12-31,1577269695,7104.726277,반도체_디램 모듈,반도체
2022-01-31,941337205,6802.34941,반도체_디램 모듈,반도체
2022-02-28,1017615212,6750.46027,반도체_디램 모듈,반도체
2022-03-31,1422930724,7025.32243,반도체_디램 모듈,반도체
2022-04-30,1051217267,6653.710123,반도체_디램 모듈,반도체
2022-05-31,1238367184,6924.538281,반도체_디램 모듈,반도체
2022-06-30,1386152126,6612.68329,반도체_디램 모듈,반도체
2022-07-31,904628547,6889.568163,반도체_디램 모듈,반도체
2022-08-31,782538238,6254.446238,반도체_디램 모듈,반도체
2022-09-30,1285936672,4954.527152,반도체_디램 모듈,반도체
2022-10-31,503710265,3987.944611,반도체_디램 모듈,반도체
2022-11-30,412314741,3104.660446,반도체_디램 모듈,반도체
2022-12-31,1029499236,3697.878591,반도체_디램 모듈,반도체
2023-01-31,277157396,5021.973533,반도체_디램 모듈,반도체
2023-02-28,310170812,2800.300569,반도체_디램 모듈,반도체
2023-03-31,826025867,3708.148689,반도체_디램 모듈,반도체
2023-04-30,308858808,3156.348571,반도체_디램 모듈,반도체
2023-05-31,388351218,4111.989533,반도체_디램 모듈,반도체
2023-06-30,734085377,3783.26094,반도체_디램 모듈,반도체
2023-07-31,548370766,3940.602427,반도체_디램 모듈,반도체
2023-08-31,520306355,4686.199208,반도체_디램 모듈,반도체
2023-09-30,1163327153,3868.648573,반도체_디램 모듈,반도체
2023-10-31,760516116,4850.886191,반도체_디램 모듈,반도체
2023-11-30,978719590,5565.948372,반도체_디램 모듈,반도체
2023-12-31,1673821633,6426.415093,반도체_디램 모듈,반도체
2024-01-31,735739093,6065.897132,반도체_디램 모듈,반도체
2024-02-29,902751537,5822.674167,반도체_디램 모듈,반도체
2024-03-31,1680986516,6867.209795,반도체_디램 모듈,반도체
2024-04-30,925062426,6320.243405,반도체_디램 모듈,반도체
2024-05-31,1146640785,6940.802166,반도체_디램 모듈,반도체
2024-06-30,1774002033,7652.547286,반도체_디램 모듈,반도체
2024-07-31,998011074,7422.139416,반도체_디램 모듈,반도체
2024-08-31,1258012385,6682.992478,반도체_디램 모듈,반도체
2024-09-30,1795495865,7367.671776,반도체_디램 모듈,반도체
2024-10-31,1174267274,7118.075475,반도체_디램 모듈,반도체
2024-11-30,1520935549,7425.335111,반도체_디램 모듈,반도체
2024-12-31,2359424590,8276.145915,반도체_디램 모듈,반도체
2025-01-31,1414646859,9715.079727,반도체_디램 모듈,반도체
2025-02-28,1087374066,7995.413417,반도체_디램 모듈,반도체
2025-03-31,2122185260,8420.152499,반도체_디램 모듈,반도체
2025-04-30,1373420281,7186.513545,반도체_디램 모듈,반도체
2025-05-31,1716995186,7886.31252,반도체_디램 모듈,반도체
2025-06-30,2211855912,8354.826108,반도체_디램 모듈,반도체
2025-07-31,1904668513,8117.606154,반도체_디램 모듈,반도체
2025-08-31,1987285265,8480.889073,반도체_디램 모듈,반도체
2025-09-30,2445330395,9015.392579,반도체_디램 모듈,반도체
2025-10-31,2001817924,9887.671974,반도체_디램 모듈,반도체
2025-11-30,2617606145,11815.752981,반도체_디램 모듈,반도체
2025-12-31,3489828491,13548.594289,반도체_디램 모듈,반도체
2026-01-31,3607946301,21670.021332,반도체_디램 모듈,반도체
2026-02-28,5206252416,27057.719675,반도체_디램 모듈,반도체
2026-03-31,7410309418,34591.601659,반도체_디램 모듈,반도체
2026-04-30,6144235824,42369.598663,반도체_디램 모듈,반도체
2026-05-31,7185979898,45573.14509,반도체_디램 모듈,반도체
2026-06-30,10670485218,49356.346274,반도체_디램 모듈,반도체
2026-07-31,7674208820,49047.378197,반도체_디램 모듈,반도체
2017-01-31,3687690588,20869.392864,반도체_메모리,반도체
2017-02-28,3828263936,19996.115631,반도체_메모리,반도체
2017-03-31,4502932316,21245.238402,반도체_메모리,반도체
2017-04-30,4267231193,23501.165594,반도체_메모리,반도체
2017-05-31,4383061887,24947.427224,반도체_메모리,반도체
2017-06-30,4956572051,22398.704112,반도체_메모리,반도체
2017-07-31,4613695938,25365.736494,반도체_메모리,반도체
2017-08-31,5321652759,27341.037784,반도체_메모리,반도체
2017-09-30,5889957873,30753.526698,반도체_메모리,반도체
2017-10-31,6306582436,33696.174576,반도체_메모리,반도체
2017-11-30,6257527821,31510.738283,반도체_메모리,반도체
2017-12-31,6491739085,35961.532051,반도체_메모리,반도체
2018-01-31,6220288563,34446.953311,반도체_메모리,반도체
2018-02-28,5967565938,34886.674589,반도체_메모리,반도체
2018-03-31,7416596813,37344.289528,반도체_메모리,반도체
2018-04-30,6276033892,33170.186991,반도체_메모리,반도체
2018-05-31,7291705540,33064.085974,반도체_메모리,반도체
2018-06-30,7516683931,33979.012641,반도체_메모리,반도체
2018-07-31,6720334021,32559.167877,반도체_메모리,반도체
2018-08-31,7704600058,36021.329746,반도체_메모리,반도체
2018-09-30,8677952419,38883.444953,반도체_메모리,반도체
2018-10-31,7711390847,37155.352174,반도체_메모리,반도체
2018-11-30,6600994294,33676.748514,반도체_메모리,반도체
2018-12-31,4944099660,27284.185888,반도체_메모리,반도체
2019-01-31,3999219559,26108.061588,반도체_메모리,반도체
2019-02-28,3811011373,25344.959923,반도체_메모리,반도체
2019-03-31,5464475965,27463.935816,반도체_메모리,반도체
2019-04-30,4984560463,25668.748995,반도체_메모리,반도체
2019-05-31,4380814806,23983.435489,반도체_메모리,반도체
2019-06-30,5003658815,24756.521097,반도체_메모리,반도체
2019-07-31,4107756283,21374.391892,반도체_메모리,반도체
2019-08-31,4434514395,21962.696448,반도체_메모리,반도체
2019-09-30,4732246780,22343.246034,반도체_메모리,반도체
2019-10-31,4196110869,18785.784806,반도체_메모리,반도체
2019-11-30,4048579600,19128.989221,반도체_메모리,반도체
2019-12-31,4000214384,20753.835319,반도체_메모리,반도체
2020-01-31,3586632780,18693.746065,반도체_메모리,반도체
2020-02-29,3864308663,19958.212283,반도체_메모리,반도체
2020-03-31,4548333867,22683.021249,반도체_메모리,반도체
2020-04-30,3867059638,21403.936182,반도체_메모리,반도체
2020-05-31,4676079156,22960.878713,반도체_메모리,반도체
2020-06-30,4562649730,18551.332342,반도체_메모리,반도체
2020-07-31,4160143317,17011.000737,반도체_메모리,반도체
2020-08-31,4301412949,16636.985651,반도체_메모리,반도체
2020-09-30,4976168790,16147.238054,반도체_메모리,반도체
2020-10-31,4613198085,15940.79968,반도체_메모리,반도체
2020-11-30,4362092239,13854.56558,반도체_메모리,반도체
2020-12-31,4842711395,17767.526712,반도체_메모리,반도체
2021-01-31,4432808695,18328.905945,반도체_메모리,반도체
2021-02-28,4475773206,15848.738175,반도체_메모리,반도체
2021-03-31,5213671672,16321.934116,반도체_메모리,반도체
2021-04-30,4918901605,16854.107479,반도체_메모리,반도체
2021-05-31,5616592342,17805.830091,반도체_메모리,반도체
2021-06-30,6347070981,21792.88653,반도체_메모리,반도체
2021-07-31,5902214806,21635.200201,반도체_메모리,반도체
2021-08-31,6475586879,21467.858265,반도체_메모리,반도체
2021-09-30,6746841150,22740.977371,반도체_메모리,반도체
2021-10-31,5858843629,20367.389076,반도체_메모리,반도체
2021-11-30,6391586175,21845.107527,반도체_메모리,반도체
2021-12-31,6828534550,20604.512705,반도체_메모리,반도체
2022-01-31,5540282252,19377.68026,반도체_메모리,반도체
2022-02-28,5322324892,19699.591397,반도체_메모리,반도체
2022-03-31,6778522508,20091.576821,반도체_메모리,반도체
2022-04-30,5328793542,19395.640394,반도체_메모리,반도체
2022-05-31,6038513539,21749.783499,반도체_메모리,반도체
2022-06-30,6402494449,19397.802755,반도체_메모리,반도체
2022-07-31,5270134450,16253.511455,반도체_메모리,반도체
2022-08-31,4967317435,18565.635381,반도체_메모리,반도체
2022-09-30,5328961748,16545.783614,반도체_메모리,반도체
2022-10-31,3963440850,11975.530123,반도체_메모리,반도체
2022-11-30,3430375722,11659.937349,반도체_메모리,반도체
2022-12-31,3407359557,10428.583181,반도체_메모리,반도체
2023-01-31,2490475348,11707.379408,반도체_메모리,반도체
2023-02-28,2611222804,10767.049521,반도체_메모리,반도체
2023-03-31,3742664196,10437.920499,반도체_메모리,반도체
2023-04-30,2620416854,9486.717555,반도체_메모리,반도체
2023-05-31,3024480517,10067.984104,반도체_메모리,반도체
2023-06-30,4033807713,10520.863138,반도체_메모리,반도체
2023-07-31,3052041701,11432.177142,반도체_메모리,반도체
2023-08-31,3727057648,11835.465027,반도체_메모리,반도체
2023-09-30,4265429548,11634.673531,반도체_메모리,반도체
2023-10-31,3750566203,13524.055276,반도체_메모리,반도체
2023-11-30,4260883659,14040.215686,반도체_메모리,반도체
2023-12-31,5314815425,14326.686055,반도체_메모리,반도체
2024-01-31,4537021212,16413.064405,반도체_메모리,반도체
2024-02-29,5177594929,19146.276717,반도체_메모리,반도체
2024-03-31,5765592551,21133.652236,반도체_메모리,반도체
2024-04-30,4896713494,19313.689648,반도체_메모리,반도체
2024-05-31,5714487623,22107.837747,반도체_메모리,반도체
2024-06-30,7055053371,21732.339846,반도체_메모리,반도체
2024-07-31,5805148532,22936.902264,반도체_메모리,반도체
2024-08-31,6034933835,24076.630491,반도체_메모리,반도체
2024-09-30,6926348863,23805.664765,반도체_메모리,반도체
2024-10-31,6220656370,29273.539277,반도체_메모리,반도체
2024-11-30,6443697229,24990.826683,반도체_메모리,반도체
2024-12-31,7444916856,26049.277512,반도체_메모리,반도체
2025-01-31,4766192111,20786.675986,반도체_메모리,반도체
2025-02-28,4725936972,18627.368407,반도체_메모리,반도체
2025-03-31,6694280757,20065.32424,반도체_메모리,반도체
2025-04-30,5761140961,20351.6642,반도체_메모리,반도체
2025-05-31,7337389011,21494.100321,반도체_메모리,반도체
2025-06-30,8230269560,21754.12245,반도체_메모리,반도체
2025-07-31,7568266285,22820.264372,반도체_메모리,반도체
2025-08-31,8504642187,26164.924804,반도체_메모리,반도체
2025-09-30,9339170333,25275.024499,반도체_메모리,반도체
2025-10-31,8917604074,28734.698083,반도체_메모리,반도체
2025-11-30,10162743858,33190.182245,반도체_메모리,반도체
2025-12-31,12636167626,35160.594151,반도체_메모리,반도체
2026-01-31,12111788842,40017.683294,반도체_메모리,반도체
2026-02-28,15814254453,54913.925363,반도체_메모리,반도체
2026-03-31,20759223444,55297.731336,반도체_메모리,반도체
2026-04-30,20828686174,65222.265618,반도체_메모리,반도체
2026-05-31,24950563218,76312.095595,반도체_메모리,반도체
2026-06-30,29038792065,79802.935889,반도체_메모리,반도체
2026-07-31,28006095742,86065.840918,반도체_메모리,반도체
2026-08-31,33107223602,92216.0395,반도체_메모리,반도체
2017-01-31,9113387,111.496689,반도체_장비_검사장비,반도체
2017-02-28,7518268,187.247593,반도체_장비_검사장비,반도체
2017-03-31,15547610,230.202809,반도체_장비_검사장비,반도체
2017-04-30,6055599,135.273673,반도체_장비_검사장비,반도체
2017-05-31,9879275,178.932535,반도체_장비_검사장비,반도체
2017-06-30,7726171,201.161404,반도체_장비_검사장비,반도체
2017-07-31,11133603,194.312941,반도체_장비_검사장비,반도체
2017-08-31,10806992,186.797921,반도체_장비_검사장비,반도체
2017-09-30,10942843,159.947751,반도체_장비_검사장비,반도체
2017-10-31,6403111,132.012618,반도체_장비_검사장비,반도체
2017-11-30,9763010,180.438278,반도체_장비_검사장비,반도체
2017-12-31,9130401,258.490048,반도체_장비_검사장비,반도체
2018-01-31,5515998,138.708691,반도체_장비_검사장비,반도체
2018-02-28,6841307,238.778824,반도체_장비_검사장비,반도체
2018-03-31,16965231,297.470666,반도체_장비_검사장비,반도체
2018-04-30,8351133,134.211299,반도체_장비_검사장비,반도체
2018-05-31,12858522,105.377518,반도체_장비_검사장비,반도체
2018-06-30,9293080,176.914132,반도체_장비_검사장비,반도체
2018-07-31,9967852,184.391597,반도체_장비_검사장비,반도체
2018-08-31,11098908,190.82466,반도체_장비_검사장비,반도체
2018-09-30,9504033,249.214011,반도체_장비_검사장비,반도체
2018-10-31,13685297,192.498029,반도체_장비_검사장비,반도체
2018-11-30,22848939,265.946119,반도체_장비_검사장비,반도체
2018-12-31,8816792,180.252916,반도체_장비_검사장비,반도체
2019-01-31,12512932,175.738046,반도체_장비_검사장비,반도체
2019-02-28,9382865,244.558349,반도체_장비_검사장비,반도체
2019-03-31,15599595,209.016636,반도체_장비_검사장비,반도체
2019-04-30,25374686,307.003084,반도체_장비_검사장비,반도체
2019-05-31,11441392,158.555085,반도체_장비_검사장비,반도체
2019-06-30,11132065,116.998456,반도체_장비_검사장비,반도체
2019-07-31,11123730,215.669285,반도체_장비_검사장비,반도체
2019-08-31,8995785,144.061201,반도체_장비_검사장비,반도체
2019-09-30,16202349,253.688344,반도체_장비_검사장비,반도체
2019-10-31,13227005,232.696063,반도체_장비_검사장비,반도체
2019-11-30,13603474,192.040785,반도체_장비_검사장비,반도체
2019-12-31,22194421,224.796564,반도체_장비_검사장비,반도체
2020-01-31,8044634,284.453058,반도체_장비_검사장비,반도체
2020-02-29,14747858,130.221325,반도체_장비_검사장비,반도체
2020-03-31,15499603,242.085635,반도체_장비_검사장비,반도체
2020-04-30,12862766,177.056584,반도체_장비_검사장비,반도체
2020-05-31,11806282,215.904736,반도체_장비_검사장비,반도체
2020-06-30,20280668,190.38862,반도체_장비_검사장비,반도체
2020-07-31,13063810,181.234845,반도체_장비_검사장비,반도체
2020-08-31,8038528,150.2621,반도체_장비_검사장비,반도체
2020-09-30,11038897,192.39351,반도체_장비_검사장비,반도체
2020-10-31,18552693,223.895418,반도체_장비_검사장비,반도체
2020-11-30,27600190,298.732711,반도체_장비_검사장비,반도체
2020-12-31,16583423,145.715726,반도체_장비_검사장비,반도체
2021-01-31,9672234,171.934932,반도체_장비_검사장비,반도체
2021-02-28,10474395,163.190063,반도체_장비_검사장비,반도체
2021-03-31,28153988,163.030669,반도체_장비_검사장비,반도체
2021-04-30,18102621,221.917126,반도체_장비_검사장비,반도체
2021-05-31,13856477,160.478047,반도체_장비_검사장비,반도체
2021-06-30,32172017,173.074926,반도체_장비_검사장비,반도체
2021-07-31,20970101,275.727413,반도체_장비_검사장비,반도체
2021-08-31,22740430,262.094529,반도체_장비_검사장비,반도체
2021-09-30,37308571,243.076001,반도체_장비_검사장비,반도체
2021-10-31,34592372,238.701327,반도체_장비_검사장비,반도체
2021-11-30,16268170,176.64574,반도체_장비_검사장비,반도체
2021-12-31,48903573,364.981454,반도체_장비_검사장비,반도체
2022-01-31,17126825,121.82254,반도체_장비_검사장비,반도체
2022-02-28,24652019,174.841763,반도체_장비_검사장비,반도체
2022-03-31,27911624,185.581237,반도체_장비_검사장비,반도체
2022-04-30,20440383,209.975919,반도체_장비_검사장비,반도체
2022-05-31,37670714,199.709226,반도체_장비_검사장비,반도체
2022-06-30,29161815,223.345941,반도체_장비_검사장비,반도체
2022-07-31,17217747,200.48982,반도체_장비_검사장비,반도체
2022-08-31,31156328,194.334749,반도체_장비_검사장비,반도체
2022-09-30,31839947,278.902595,반도체_장비_검사장비,반도체
2022-10-31,25615485,240.619131,반도체_장비_검사장비,반도체
2022-11-30,16599903,186.356398,반도체_장비_검사장비,반도체
2022-12-31,21582585,248.905633,반도체_장비_검사장비,반도체
2023-01-31,17822151,205.092575,반도체_장비_검사장비,반도체
2023-02-28,24764661,367.420464,반도체_장비_검사장비,반도체
2023-03-31,27928640,288.103609,반도체_장비_검사장비,반도체
2023-04-30,21128726,343.198088,반도체_장비_검사장비,반도체
2023-05-31,28987364,258.222346,반도체_장비_검사장비,반도체
2023-06-30,25931417,391.405976,반도체_장비_검사장비,반도체
2023-07-31,18552481,314.044352,반도체_장비_검사장비,반도체
2023-08-31,16315013,325.090274,반도체_장비_검사장비,반도체
2023-09-30,30983170,317.898599,반도체_장비_검사장비,반도체
2023-10-31,15801400,158.929098,반도체_장비_검사장비,반도체
2023-11-30,22861143,192.119858,반도체_장비_검사장비,반도체
2023-12-31,23884149,378.974639,반도체_장비_검사장비,반도체
2024-01-31,19427130,387.686665,반도체_장비_검사장비,반도체
2024-02-29,42673235,490.236284,반도체_장비_검사장비,반도체
2024-03-31,30936414,456.810379,반도체_장비_검사장비,반도체
2024-04-30,20421041,270.855629,반도체_장비_검사장비,반도체
2024-05-31,24928845,203.506723,반도체_장비_검사장비,반도체
2024-06-30,21987110,341.252604,반도체_장비_검사장비,반도체
2024-07-31,32347244,230.25883,반도체_장비_검사장비,반도체
2024-08-31,33005168,289.517138,반도체_장비_검사장비,반도체
2024-09-30,33044415,226.416345,반도체_장비_검사장비,반도체
2024-10-31,25433986,793.78436,반도체_장비_검사장비,반도체
2024-11-30,28478578,482.355265,반도체_장비_검사장비,반도체
2024-12-31,21803836,218.976829,반도체_장비_검사장비,반도체
2025-01-31,15915890,335.377303,반도체_장비_검사장비,반도체
2025-02-28,15603982,139.705545,반도체_장비_검사장비,반도체
2025-03-31,22448233,193.174633,반도체_장비_검사장비,반도체
2025-04-30,16958928,256.692328,반도체_장비_검사장비,반도체
2025-05-31,13245321,342.789585,반도체_장비_검사장비,반도체
2025-06-30,18006571,123.552941,반도체_장비_검사장비,반도체
2025-07-31,17501551,312.524125,반도체_장비_검사장비,반도체
2025-08-31,34765052,413.25495,반도체_장비_검사장비,반도체
2025-09-30,23118467,315.920483,반도체_장비_검사장비,반도체
2025-10-31,18208380,227.934628,반도체_장비_검사장비,반도체
2025-11-30,18668015,266.315788,반도체_장비_검사장비,반도체
2025-12-31,23832998,240.225189,반도체_장비_검사장비,반도체
2026-01-31,22547915,314.492996,반도체_장비_검사장비,반도체
2026-02-28,14168051,260.792602,반도체_장비_검사장비,반도체
2026-03-31,15255967,221.371012,반도체_장비_검사장비,반도체
2026-04-30,24195543,258.772789,반도체_장비_검사장비,반도체
2026-05-31,14877547,208.587643,반도체_장비_검사장비,반도체
2026-06-30,22394195,105.283157,반도체_장비_검사장비,반도체
2026-07-31,77771439,474.745722,반도체_장비_검사장비,반도체
2017-01-31,2714486,64.158261,반도체_장비_고압수소어닐링(HPA),반도체
2017-02-28,3599485,60.807966,반도체_장비_고압수소어닐링(HPA),반도체
2017-03-31,9419851,43.302194,반도체_장비_고압수소어닐링(HPA),반도체
2017-04-30,7052926,11.165615,반도체_장비_고압수소어닐링(HPA),반도체
2017-05-31,5438054,175.482233,반도체_장비_고압수소어닐링(HPA),반도체
2017-06-30,3392159,104.150312,반도체_장비_고압수소어닐링(HPA),반도체
2017-07-31,7567722,31.657089,반도체_장비_고압수소어닐링(HPA),반도체
2017-08-31,10652671,108.490386,반도체_장비_고압수소어닐링(HPA),반도체
2017-09-30,3874501,97.459268,반도체_장비_고압수소어닐링(HPA),반도체
2017-10-31,3805523,162.811481,반도체_장비_고압수소어닐링(HPA),반도체
2017-11-30,5572731,74.813729,반도체_장비_고압수소어닐링(HPA),반도체
2017-12-31,8075001,67.599133,반도체_장비_고압수소어닐링(HPA),반도체
2018-01-31,19382690,20.541648,반도체_장비_고압수소어닐링(HPA),반도체
2018-02-28,3883036,119.404918,반도체_장비_고압수소어닐링(HPA),반도체
2018-03-31,6055384,87.325787,반도체_장비_고압수소어닐링(HPA),반도체
2018-04-30,2056579,172.153404,반도체_장비_고압수소어닐링(HPA),반도체
2018-05-31,11587500,51.71075,반도체_장비_고압수소어닐링(HPA),반도체
2018-06-30,8049248,86.1274,반도체_장비_고압수소어닐링(HPA),반도체
2018-07-31,13239972,76.696994,반도체_장비_고압수소어닐링(HPA),반도체
2018-08-31,3832898,68.198265,반도체_장비_고압수소어닐링(HPA),반도체
2018-09-30,4828681,55.55767,반도체_장비_고압수소어닐링(HPA),반도체
2018-10-31,6403372,52.281899,반도체_장비_고압수소어닐링(HPA),반도체
2018-11-30,14140369,246.155342,반도체_장비_고압수소어닐링(HPA),반도체
2018-12-31,10516827,66.602474,반도체_장비_고압수소어닐링(HPA),반도체
2019-01-31,1972004,65.972904,반도체_장비_고압수소어닐링(HPA),반도체
2019-02-28,8263706,58.008831,반도체_장비_고압수소어닐링(HPA),반도체
2019-03-31,2249398,119.004433,반도체_장비_고압수소어닐링(HPA),반도체
2019-04-30,19677333,27.251187,반도체_장비_고압수소어닐링(HPA),반도체
2019-05-31,11594947,66.185171,반도체_장비_고압수소어닐링(HPA),반도체
2019-06-30,14371117,64.191046,반도체_장비_고압수소어닐링(HPA),반도체
2019-07-31,10073071,202.786835,반도체_장비_고압수소어닐링(HPA),반도체
2019-08-31,5591139,87.781995,반도체_장비_고압수소어닐링(HPA),반도체
2019-09-30,7135900,118.695186,반도체_장비_고압수소어닐링(HPA),반도체
2019-10-31,7772010,197.881358,반도체_장비_고압수소어닐링(HPA),반도체
2019-11-30,6045479,153.736076,반도체_장비_고압수소어닐링(HPA),반도체
2019-12-31,19651786,69.984883,반도체_장비_고압수소어닐링(HPA),반도체
2020-01-31,18719663,167.742824,반도체_장비_고압수소어닐링(HPA),반도체
2020-02-29,4409175,226.995073,반도체_장비_고압수소어닐링(HPA),반도체
2020-03-31,17130169,33.874326,반도체_장비_고압수소어닐링(HPA),반도체
2020-04-30,8348534,120.775326,반도체_장비_고압수소어닐링(HPA),반도체
2020-05-31,20309183,58.315616,반도체_장비_고압수소어닐링(HPA),반도체
2020-06-30,10804220,161.590567,반도체_장비_고압수소어닐링(HPA),반도체
2020-07-31,10889154,61.354827,반도체_장비_고압수소어닐링(HPA),반도체
2020-08-31,6597886,98.070455,반도체_장비_고압수소어닐링(HPA),반도체
2020-09-30,17698084,61.249875,반도체_장비_고압수소어닐링(HPA),반도체
2020-10-31,2700379,491.711097,반도체_장비_고압수소어닐링(HPA),반도체
2020-11-30,7562339,176.592378,반도체_장비_고압수소어닐링(HPA),반도체
2020-12-31,7027168,163.854631,반도체_장비_고압수소어닐링(HPA),반도체
2021-01-31,7045154,207.95354,반도체_장비_고압수소어닐링(HPA),반도체
2021-02-28,10557502,298.128575,반도체_장비_고압수소어닐링(HPA),반도체
2021-03-31,12988197,58.647374,반도체_장비_고압수소어닐링(HPA),반도체
2021-04-30,11393660,208.779711,반도체_장비_고압수소어닐링(HPA),반도체
2021-05-31,10856483,169.344291,반도체_장비_고압수소어닐링(HPA),반도체
2021-06-30,11854253,150.710667,반도체_장비_고압수소어닐링(HPA),반도체
2021-07-31,21051457,94.954169,반도체_장비_고압수소어닐링(HPA),반도체
2021-08-31,25867663,115.670203,반도체_장비_고압수소어닐링(HPA),반도체
2021-09-30,8925423,112.846907,반도체_장비_고압수소어닐링(HPA),반도체
2021-10-31,10804268,126.557097,반도체_장비_고압수소어닐링(HPA),반도체
2021-11-30,20111787,102.240848,반도체_장비_고압수소어닐링(HPA),반도체
2021-12-31,25971250,77.428121,반도체_장비_고압수소어닐링(HPA),반도체
2022-01-31,9438329,77.665292,반도체_장비_고압수소어닐링(HPA),반도체
2022-02-28,14582578,55.594506,반도체_장비_고압수소어닐링(HPA),반도체
2022-03-31,23284828,80.961231,반도체_장비_고압수소어닐링(HPA),반도체
2022-04-30,13928828,83.877042,반도체_장비_고압수소어닐링(HPA),반도체
2022-05-31,19599796,144.694393,반도체_장비_고압수소어닐링(HPA),반도체
2022-06-30,20905422,85.279452,반도체_장비_고압수소어닐링(HPA),반도체
2022-07-31,22112294,94.745138,반도체_장비_고압수소어닐링(HPA),반도체
2022-08-31,19190682,82.529468,반도체_장비_고압수소어닐링(HPA),반도체
2022-09-30,36831875,103.355139,반도체_장비_고압수소어닐링(HPA),반도체
2022-10-31,13706639,28.362197,반도체_장비_고압수소어닐링(HPA),반도체
2022-11-30,12047856,10.230156,반도체_장비_고압수소어닐링(HPA),반도체
2022-12-31,10353269,50.2132,반도체_장비_고압수소어닐링(HPA),반도체
2023-01-31,12822963,28.909554,반도체_장비_고압수소어닐링(HPA),반도체
2023-02-28,7202519,328.81218,반도체_장비_고압수소어닐링(HPA),반도체
2023-03-31,22210420,52.512088,반도체_장비_고압수소어닐링(HPA),반도체
2023-04-30,14898754,43.999746,반도체_장비_고압수소어닐링(HPA),반도체
2023-05-31,17374412,111.038189,반도체_장비_고압수소어닐링(HPA),반도체
2023-06-30,15864990,50.718421,반도체_장비_고압수소어닐링(HPA),반도체
2023-07-31,15637396,93.11072,반도체_장비_고압수소어닐링(HPA),반도체
2023-08-31,15429520,79.191355,반도체_장비_고압수소어닐링(HPA),반도체
2023-09-30,3026965,88.01635,반도체_장비_고압수소어닐링(HPA),반도체
2023-10-31,6122172,187.160914,반도체_장비_고압수소어닐링(HPA),반도체
2023-11-30,8484091,170.681811,반도체_장비_고압수소어닐링(HPA),반도체
2023-12-31,17390193,133.139419,반도체_장비_고압수소어닐링(HPA),반도체
2024-01-31,16875742,109.201683,반도체_장비_고압수소어닐링(HPA),반도체
2024-02-29,16771344,97.897606,반도체_장비_고압수소어닐링(HPA),반도체
2024-03-31,5178684,45.838806,반도체_장비_고압수소어닐링(HPA),반도체
2024-04-30,11980551,172.635741,반도체_장비_고압수소어닐링(HPA),반도체
2024-05-31,30869104,21.209524,반도체_장비_고압수소어닐링(HPA),반도체
2024-06-30,60310330,43.92979,반도체_장비_고압수소어닐링(HPA),반도체
2024-07-31,37680686,48.899647,반도체_장비_고압수소어닐링(HPA),반도체
2024-08-31,17215276,42.576985,반도체_장비_고압수소어닐링(HPA),반도체
2024-09-30,27206743,376.917567,반도체_장비_고압수소어닐링(HPA),반도체
2024-10-31,19297006,55.548984,반도체_장비_고압수소어닐링(HPA),반도체
2024-11-30,12157630,356.43571,반도체_장비_고압수소어닐링(HPA),반도체
2024-12-31,41072408,63.688599,반도체_장비_고압수소어닐링(HPA),반도체
2025-01-31,19019042,132.093376,반도체_장비_고압수소어닐링(HPA),반도체
2025-02-28,14418794,85.267611,반도체_장비_고압수소어닐링(HPA),반도체
2025-03-31,22534026,116.829021,반도체_장비_고압수소어닐링(HPA),반도체
2025-04-30,11980560,41.949022,반도체_장비_고압수소어닐링(HPA),반도체
2025-05-31,16165326,62.25042,반도체_장비_고압수소어닐링(HPA),반도체
2025-06-30,26475976,57.453338,반도체_장비_고압수소어닐링(HPA),반도체
2025-07-31,6481536,439.265354,반도체_장비_고압수소어닐링(HPA),반도체
2025-08-31,3817867,125.18471,반도체_장비_고압수소어닐링(HPA),반도체
2025-09-30,31173386,128.673216,반도체_장비_고압수소어닐링(HPA),반도체
2025-10-31,13976491,98.962684,반도체_장비_고압수소어닐링(HPA),반도체
2025-11-30,10106653,196.09521,반도체_장비_고압수소어닐링(HPA),반도체
2025-12-31,28239997,77.751418,반도체_장비_고압수소어닐링(HPA),반도체
2026-01-31,5457908,38.514079,반도체_장비_고압수소어닐링(HPA),반도체
2026-02-28,5811905,211.776257,반도체_장비_고압수소어닐링(HPA),반도체
2026-03-31,12754905,254.663135,반도체_장비_고압수소어닐링(HPA),반도체
2026-04-30,9435184,220.348295,반도체_장비_고압수소어닐링(HPA),반도체
2026-05-31,12559654,146.321247,반도체_장비_고압수소어닐링(HPA),반도체
2026-06-30,19461493,281.208709,반도체_장비_고압수소어닐링(HPA),반도체
2026-07-31,22286262,489.491992,반도체_장비_고압수소어닐링(HPA),반도체
2026-08-31,39245012,231.064613,반도체_장비_고압수소어닐링(HPA),반도체
2017-01-31,96966886,205.450915,반도체_장비_레이저가공/다이싱,반도체
2017-02-28,78278260,143.024158,반도체_장비_레이저가공/다이싱,반도체
2017-03-31,92060756,132.860982,반도체_장비_레이저가공/다이싱,반도체
2017-04-30,79297106,116.537642,반도체_장비_레이저가공/다이싱,반도체
2017-05-31,80447363,127.47617,반도체_장비_레이저가공/다이싱,반도체
2017-06-30,42268012,85.048398,반도체_장비_레이저가공/다이싱,반도체
2017-07-31,40939928,83.598861,반도체_장비_레이저가공/다이싱,반도체
2017-08-31,47557414,110.067875,반도체_장비_레이저가공/다이싱,반도체
2017-09-30,43221740,88.877095,반도체_장비_레이저가공/다이싱,반도체
2017-10-31,29863270,73.29881,반도체_장비_레이저가공/다이싱,반도체
2017-11-30,57259795,104.734248,반도체_장비_레이저가공/다이싱,반도체
2017-12-31,63118037,109.765876,반도체_장비_레이저가공/다이싱,반도체
2018-01-31,53307979,99.91486,반도체_장비_레이저가공/다이싱,반도체
2018-02-28,60331288,134.423682,반도체_장비_레이저가공/다이싱,반도체
2018-03-31,139380056,184.152299,반도체_장비_레이저가공/다이싱,반도체
2018-04-30,98090620,125.510859,반도체_장비_레이저가공/다이싱,반도체
2018-05-31,110272257,103.079211,반도체_장비_레이저가공/다이싱,반도체
2018-06-30,74740075,112.949909,반도체_장비_레이저가공/다이싱,반도체
2018-07-31,77357774,93.031769,반도체_장비_레이저가공/다이싱,반도체
2018-08-31,134263118,187.437773,반도체_장비_레이저가공/다이싱,반도체
2018-09-30,68279085,111.266779,반도체_장비_레이저가공/다이싱,반도체
2018-10-31,57834470,81.106336,반도체_장비_레이저가공/다이싱,반도체
2018-11-30,97071584,132.459608,반도체_장비_레이저가공/다이싱,반도체
2018-12-31,123552450,126.543774,반도체_장비_레이저가공/다이싱,반도체
2019-01-31,102279206,120.321462,반도체_장비_레이저가공/다이싱,반도체
2019-02-28,142460818,149.963345,반도체_장비_레이저가공/다이싱,반도체
2019-03-31,115528366,110.93856,반도체_장비_레이저가공/다이싱,반도체
2019-04-30,123161709,105.836999,반도체_장비_레이저가공/다이싱,반도체
2019-05-31,153987860,128.673337,반도체_장비_레이저가공/다이싱,반도체
2019-06-30,103908810,123.591534,반도체_장비_레이저가공/다이싱,반도체
2019-07-31,274014677,219.976544,반도체_장비_레이저가공/다이싱,반도체
2019-08-31,168167700,173.244047,반도체_장비_레이저가공/다이싱,반도체
2019-09-30,111647522,145.135088,반도체_장비_레이저가공/다이싱,반도체
2019-10-31,160075019,158.149639,반도체_장비_레이저가공/다이싱,반도체
2019-11-30,260123837,246.053208,반도체_장비_레이저가공/다이싱,반도체
2019-12-31,305879055,225.494073,반도체_장비_레이저가공/다이싱,반도체
2020-01-31,210699476,198.234694,반도체_장비_레이저가공/다이싱,반도체
2020-02-29,131648749,110.192189,반도체_장비_레이저가공/다이싱,반도체
2020-03-31,215104085,192.307309,반도체_장비_레이저가공/다이싱,반도체
2020-04-30,233102364,270.572163,반도체_장비_레이저가공/다이싱,반도체
2020-05-31,201396208,222.504321,반도체_장비_레이저가공/다이싱,반도체
2020-06-30,132989825,158.644093,반도체_장비_레이저가공/다이싱,반도체
2020-07-31,119266601,125.575606,반도체_장비_레이저가공/다이싱,반도체
2020-08-31,93063370,153.341843,반도체_장비_레이저가공/다이싱,반도체
2020-09-30,93939433,159.808992,반도체_장비_레이저가공/다이싱,반도체
2020-10-31,125066379,189.604208,반도체_장비_레이저가공/다이싱,반도체
2020-11-30,163902636,166.386473,반도체_장비_레이저가공/다이싱,반도체
2020-12-31,154812161,156.665051,반도체_장비_레이저가공/다이싱,반도체
2021-01-31,215636699,178.082036,반도체_장비_레이저가공/다이싱,반도체
2021-02-28,296794170,211.444315,반도체_장비_레이저가공/다이싱,반도체
2021-03-31,344116379,182.922064,반도체_장비_레이저가공/다이싱,반도체
2021-04-30,413902217,233.024889,반도체_장비_레이저가공/다이싱,반도체
2021-05-31,249733483,188.80287,반도체_장비_레이저가공/다이싱,반도체
2021-06-30,206572172,144.59039,반도체_장비_레이저가공/다이싱,반도체
2021-07-31,185725064,149.617466,반도체_장비_레이저가공/다이싱,반도체
2021-08-31,228936291,188.377953,반도체_장비_레이저가공/다이싱,반도체
2021-09-30,183367761,138.9077,반도체_장비_레이저가공/다이싱,반도체
2021-10-31,141976591,109.156297,반도체_장비_레이저가공/다이싱,반도체
2021-11-30,176616657,138.973122,반도체_장비_레이저가공/다이싱,반도체
2021-12-31,290419928,172.765873,반도체_장비_레이저가공/다이싱,반도체
2022-01-31,161814199,115.098863,반도체_장비_레이저가공/다이싱,반도체
2022-02-28,263069917,161.049518,반도체_장비_레이저가공/다이싱,반도체
2022-03-31,187492008,122.745359,반도체_장비_레이저가공/다이싱,반도체
2022-04-30,189126121,118.775432,반도체_장비_레이저가공/다이싱,반도체
2022-05-31,146539991,95.211465,반도체_장비_레이저가공/다이싱,반도체
2022-06-30,194145647,187.447988,반도체_장비_레이저가공/다이싱,반도체
2022-07-31,235475638,185.540422,반도체_장비_레이저가공/다이싱,반도체
2022-08-31,185033337,151.100581,반도체_장비_레이저가공/다이싱,반도체
2022-09-30,303166128,263.063917,반도체_장비_레이저가공/다이싱,반도체
2022-10-31,198191802,138.306499,반도체_장비_레이저가공/다이싱,반도체
2022-11-30,159981154,144.53005,반도체_장비_레이저가공/다이싱,반도체
2022-12-31,216383084,215.158265,반도체_장비_레이저가공/다이싱,반도체
2023-01-31,73786470,126.92622,반도체_장비_레이저가공/다이싱,반도체
2023-02-28,129147309,152.470983,반도체_장비_레이저가공/다이싱,반도체
2023-03-31,190858597,195.677729,반도체_장비_레이저가공/다이싱,반도체
2023-04-30,74849127,154.075264,반도체_장비_레이저가공/다이싱,반도체
2023-05-31,131950946,209.557916,반도체_장비_레이저가공/다이싱,반도체
2023-06-30,131491889,187.46618,반도체_장비_레이저가공/다이싱,반도체
2023-07-31,85739283,136.9217,반도체_장비_레이저가공/다이싱,반도체
2023-08-31,150022409,188.126541,반도체_장비_레이저가공/다이싱,반도체
2023-09-30,139762502,171.942162,반도체_장비_레이저가공/다이싱,반도체
2023-10-31,137195650,186.906746,반도체_장비_레이저가공/다이싱,반도체
2023-11-30,159064935,184.94112,반도체_장비_레이저가공/다이싱,반도체
2023-12-31,217606895,200.817767,반도체_장비_레이저가공/다이싱,반도체
2024-01-31,102229662,195.68412,반도체_장비_레이저가공/다이싱,반도체
2024-02-29,124498590,187.312753,반도체_장비_레이저가공/다이싱,반도체
2024-03-31,227880261,225.293918,반도체_장비_레이저가공/다이싱,반도체
2024-04-30,204895506,173.807766,반도체_장비_레이저가공/다이싱,반도체
2024-05-31,217511685,190.449177,반도체_장비_레이저가공/다이싱,반도체
2024-06-30,261904603,208.785678,반도체_장비_레이저가공/다이싱,반도체
2024-07-31,189231361,146.436096,반도체_장비_레이저가공/다이싱,반도체
2024-08-31,138665297,104.649201,반도체_장비_레이저가공/다이싱,반도체
2024-09-30,226622944,288.115967,반도체_장비_레이저가공/다이싱,반도체
2024-10-31,159663964,261.918963,반도체_장비_레이저가공/다이싱,반도체
2024-11-30,207027181,266.10956,반도체_장비_레이저가공/다이싱,반도체
2024-12-31,225505852,161.584564,반도체_장비_레이저가공/다이싱,반도체
2025-01-31,133840329,243.053408,반도체_장비_레이저가공/다이싱,반도체
2025-02-28,162622589,198.118275,반도체_장비_레이저가공/다이싱,반도체
2025-03-31,240875872,240.438606,반도체_장비_레이저가공/다이싱,반도체
2025-04-30,174931381,165.209051,반도체_장비_레이저가공/다이싱,반도체
2025-05-31,157833046,201.070762,반도체_장비_레이저가공/다이싱,반도체
2025-06-30,238413205,224.310438,반도체_장비_레이저가공/다이싱,반도체
2025-07-31,214728287,156.729691,반도체_장비_레이저가공/다이싱,반도체
2025-08-31,152916550,152.503569,반도체_장비_레이저가공/다이싱,반도체
2025-09-30,182142231,219.006821,반도체_장비_레이저가공/다이싱,반도체
2025-10-31,132270955,165.043034,반도체_장비_레이저가공/다이싱,반도체
2025-11-30,107720657,143.608807,반도체_장비_레이저가공/다이싱,반도체
2025-12-31,163841648,131.071249,반도체_장비_레이저가공/다이싱,반도체
2026-01-31,111422361,159.748275,반도체_장비_레이저가공/다이싱,반도체
2026-02-28,147665239,197.846483,반도체_장비_레이저가공/다이싱,반도체
2026-03-31,303588954,191.436255,반도체_장비_레이저가공/다이싱,반도체
2026-04-30,275015146,207.544369,반도체_장비_레이저가공/다이싱,반도체
2026-05-31,262520761,218.80147,반도체_장비_레이저가공/다이싱,반도체
2026-06-30,427851135,170.65847,반도체_장비_레이저가공/다이싱,반도체
2026-07-31,376295597,208.492189,반도체_장비_레이저가공/다이싱,반도체
2026-08-31,349940647,207.552756,반도체_장비_레이저가공/다이싱,반도체
2017-01-31,69609812,50.551382,반도체_장비_범핑/리플로우,반도체
2017-02-28,98096294,40.230337,반도체_장비_범핑/리플로우,반도체
2017-03-31,90794862,45.471258,반도체_장비_범핑/리플로우,반도체
2017-04-30,123161901,37.381651,반도체_장비_범핑/리플로우,반도체
2017-05-31,110862663,44.881359,반도체_장비_범핑/리플로우,반도체
2017-06-30,96402592,62.921292,반도체_장비_범핑/리플로우,반도체
2017-07-31,75054968,59.16385,반도체_장비_범핑/리플로우,반도체
2017-08-31,76758498,51.252522,반도체_장비_범핑/리플로우,반도체
2017-09-30,129677014,48.633483,반도체_장비_범핑/리플로우,반도체
2017-10-31,106422195,46.79903,반도체_장비_범핑/리플로우,반도체
2017-11-30,124893193,44.330673,반도체_장비_범핑/리플로우,반도체
2017-12-31,85835982,53.404899,반도체_장비_범핑/리플로우,반도체
2018-01-31,144771046,65.649691,반도체_장비_범핑/리플로우,반도체
2018-02-28,99392074,56.815827,반도체_장비_범핑/리플로우,반도체
2018-03-31,107084446,53.619818,반도체_장비_범핑/리플로우,반도체
2018-04-30,143185088,52.857369,반도체_장비_범핑/리플로우,반도체
2018-05-31,185919423,49.848435,반도체_장비_범핑/리플로우,반도체
2018-06-30,187163771,56.482868,반도체_장비_범핑/리플로우,반도체
2018-07-31,144606703,49.848997,반도체_장비_범핑/리플로우,반도체
2018-08-31,99668581,41.408023,반도체_장비_범핑/리플로우,반도체
2018-09-30,171084836,40.031069,반도체_장비_범핑/리플로우,반도체
2018-10-31,162450029,49.116015,반도체_장비_범핑/리플로우,반도체
2018-11-30,147356528,45.775415,반도체_장비_범핑/리플로우,반도체
2018-12-31,131530508,45.089414,반도체_장비_범핑/리플로우,반도체
2019-01-31,104642188,41.657194,반도체_장비_범핑/리플로우,반도체
2019-02-28,55666743,41.832246,반도체_장비_범핑/리플로우,반도체
2019-03-31,112216030,49.963614,반도체_장비_범핑/리플로우,반도체
2019-04-30,202470634,40.46215,반도체_장비_범핑/리플로우,반도체
2019-05-31,97640010,47.010396,반도체_장비_범핑/리플로우,반도체
2019-06-30,77858964,52.663402,반도체_장비_범핑/리플로우,반도체
2019-07-31,88474953,50.122328,반도체_장비_범핑/리플로우,반도체
2019-08-31,63795172,44.183421,반도체_장비_범핑/리플로우,반도체
2019-09-30,87908980,56.572195,반도체_장비_범핑/리플로우,반도체
2019-10-31,146702964,52.760938,반도체_장비_범핑/리플로우,반도체
2019-11-30,117729730,58.235996,반도체_장비_범핑/리플로우,반도체
2019-12-31,146605296,53.991435,반도체_장비_범핑/리플로우,반도체
2020-01-31,142699853,57.12293,반도체_장비_범핑/리플로우,반도체
2020-02-29,109220249,61.102461,반도체_장비_범핑/리플로우,반도체
2020-03-31,102321415,58.94397,반도체_장비_범핑/리플로우,반도체
2020-04-30,94877665,64.804402,반도체_장비_범핑/리플로우,반도체
2020-05-31,119336248,52.995943,반도체_장비_범핑/리플로우,반도체
2020-06-30,147652208,48.858158,반도체_장비_범핑/리플로우,반도체
2020-07-31,124293183,65.999966,반도체_장비_범핑/리플로우,반도체
2020-08-31,131609046,65.535307,반도체_장비_범핑/리플로우,반도체
2020-09-30,129574180,100.759746,반도체_장비_범핑/리플로우,반도체
2020-10-31,145718308,59.491007,반도체_장비_범핑/리플로우,반도체
2020-11-30,127160315,65.276539,반도체_장비_범핑/리플로우,반도체
2020-12-31,146597508,69.006187,반도체_장비_범핑/리플로우,반도체
2021-01-31,100037022,73.200678,반도체_장비_범핑/리플로우,반도체
2021-02-28,137891378,49.481577,반도체_장비_범핑/리플로우,반도체
2021-03-31,153628455,64.460866,반도체_장비_범핑/리플로우,반도체
2021-04-30,121260031,65.573069,반도체_장비_범핑/리플로우,반도체
2021-05-31,112804226,63.770244,반도체_장비_범핑/리플로우,반도체
2021-06-30,112260899,78.128431,반도체_장비_범핑/리플로우,반도체
2021-07-31,122326665,77.912289,반도체_장비_범핑/리플로우,반도체
2021-08-31,160886893,67.125814,반도체_장비_범핑/리플로우,반도체
2021-09-30,145042093,65.865949,반도체_장비_범핑/리플로우,반도체
2021-10-31,114452242,74.204063,반도체_장비_범핑/리플로우,반도체
2021-11-30,142458845,77.999508,반도체_장비_범핑/리플로우,반도체
2021-12-31,135090257,82.332703,반도체_장비_범핑/리플로우,반도체
2022-01-31,84342437,86.716433,반도체_장비_범핑/리플로우,반도체
2022-02-28,92638079,83.630064,반도체_장비_범핑/리플로우,반도체
2022-03-31,110506315,75.672752,반도체_장비_범핑/리플로우,반도체
2022-04-30,123214067,82.760824,반도체_장비_범핑/리플로우,반도체
2022-05-31,139432154,61.396813,반도체_장비_범핑/리플로우,반도체
2022-06-30,134061877,77.60227,반도체_장비_범핑/리플로우,반도체
2022-07-31,121970742,62.973478,반도체_장비_범핑/리플로우,반도체
2022-08-31,138786929,77.928308,반도체_장비_범핑/리플로우,반도체
2022-09-30,78873091,106.307428,반도체_장비_범핑/리플로우,반도체
2022-10-31,74569700,84.265027,반도체_장비_범핑/리플로우,반도체
2022-11-30,67515130,110.406732,반도체_장비_범핑/리플로우,반도체
2022-12-31,76956586,80.010393,반도체_장비_범핑/리플로우,반도체
2023-01-31,66242755,77.010239,반도체_장비_범핑/리플로우,반도체
2023-02-28,80214242,62.421254,반도체_장비_범핑/리플로우,반도체
2023-03-31,86009848,54.026334,반도체_장비_범핑/리플로우,반도체
2023-04-30,63751018,58.834962,반도체_장비_범핑/리플로우,반도체
2023-05-31,69130181,94.065615,반도체_장비_범핑/리플로우,반도체
2023-06-30,102191340,75.871202,반도체_장비_범핑/리플로우,반도체
2023-07-31,83019046,81.929016,반도체_장비_범핑/리플로우,반도체
2023-08-31,70343592,76.361606,반도체_장비_범핑/리플로우,반도체
2023-09-30,75590769,74.532958,반도체_장비_범핑/리플로우,반도체
2023-10-31,93839532,58.603892,반도체_장비_범핑/리플로우,반도체
2023-11-30,162908489,60.163326,반도체_장비_범핑/리플로우,반도체
2023-12-31,117638189,83.252512,반도체_장비_범핑/리플로우,반도체
2024-01-31,82443685,68.761492,반도체_장비_범핑/리플로우,반도체
2024-02-29,58576896,80.083061,반도체_장비_범핑/리플로우,반도체
2024-03-31,70894306,97.330476,반도체_장비_범핑/리플로우,반도체
2024-04-30,69699577,67.731849,반도체_장비_범핑/리플로우,반도체
2024-05-31,74744246,83.972831,반도체_장비_범핑/리플로우,반도체
2024-06-30,123661308,75.978615,반도체_장비_범핑/리플로우,반도체
2024-07-31,154351316,74.738664,반도체_장비_범핑/리플로우,반도체
2024-08-31,128789131,99.262126,반도체_장비_범핑/리플로우,반도체
2024-09-30,108264085,125.157829,반도체_장비_범핑/리플로우,반도체
2024-10-31,107281971,109.887423,반도체_장비_범핑/리플로우,반도체
2024-11-30,94044645,112.387312,반도체_장비_범핑/리플로우,반도체
2024-12-31,117186625,102.286231,반도체_장비_범핑/리플로우,반도체
2025-01-31,120567913,92.069552,반도체_장비_범핑/리플로우,반도체
2025-02-28,143401696,65.89683,반도체_장비_범핑/리플로우,반도체
2025-03-31,175923369,71.265926,반도체_장비_범핑/리플로우,반도체
2025-04-30,190587972,64.958883,반도체_장비_범핑/리플로우,반도체
2025-05-31,145112754,85.095384,반도체_장비_범핑/리플로우,반도체
2025-06-30,162558376,102.794447,반도체_장비_범핑/리플로우,반도체
2025-07-31,311201345,298.069434,반도체_장비_범핑/리플로우,반도체
2025-08-31,143861748,120.661789,반도체_장비_범핑/리플로우,반도체
2025-09-30,127324575,98.881397,반도체_장비_범핑/리플로우,반도체
2025-10-31,94201239,94.022038,반도체_장비_범핑/리플로우,반도체
2025-11-30,106236290,103.816269,반도체_장비_범핑/리플로우,반도체
2025-12-31,140146729,106.888616,반도체_장비_범핑/리플로우,반도체
2026-01-31,93096623,92.583776,반도체_장비_범핑/리플로우,반도체
2026-02-28,113884389,86.62117,반도체_장비_범핑/리플로우,반도체
2026-03-31,144961486,92.48448,반도체_장비_범핑/리플로우,반도체
2026-04-30,174166608,103.209363,반도체_장비_범핑/리플로우,반도체
2026-05-31,161857044,96.580957,반도체_장비_범핑/리플로우,반도체
2026-06-30,203438265,98.3867,반도체_장비_범핑/리플로우,반도체
2026-07-31,141193884,100.36066,반도체_장비_범핑/리플로우,반도체
2026-08-31,200629451,93.030442,반도체_장비_범핑/리플로우,반도체
2017-01-31,6902618,61.806888,반도체_장비_본딩,반도체
2017-02-28,10798051,41.715879,반도체_장비_본딩,반도체
2017-03-31,8146833,24.371758,반도체_장비_본딩,반도체
2017-04-30,7340048,32.634474,반도체_장비_본딩,반도체
2017-05-31,5903856,29.044424,반도체_장비_본딩,반도체
2017-06-30,6240737,50.076607,반도체_장비_본딩,반도체
2017-07-31,4633207,55.938771,반도체_장비_본딩,반도체
2017-08-31,1516682,12.146098,반도체_장비_본딩,반도체
2017-09-30,8500967,90.261058,반도체_장비_본딩,반도체
2017-10-31,5504900,65.01057,반도체_장비_본딩,반도체
2017-11-30,3900924,26.532205,반도체_장비_본딩,반도체
2017-12-31,3666303,81.2996,반도체_장비_본딩,반도체
2018-01-31,10971143,56.005565,반도체_장비_본딩,반도체
2018-02-28,4801917,43.053793,반도체_장비_본딩,반도체
2018-03-31,9723543,47.096703,반도체_장비_본딩,반도체
2018-04-30,4255658,23.431505,반도체_장비_본딩,반도체
2018-05-31,3995869,43.575952,반도체_장비_본딩,반도체
2018-06-30,9091165,62.050168,반도체_장비_본딩,반도체
2018-07-31,5414470,53.178145,반도체_장비_본딩,반도체
2018-08-31,3949156,31.985777,반도체_장비_본딩,반도체
2018-09-30,1221126,10.531092,반도체_장비_본딩,반도체
2018-10-31,1987185,65.177968,반도체_장비_본딩,반도체
2018-11-30,1451645,118.472619,반도체_장비_본딩,반도체
2018-12-31,7123442,45.998834,반도체_장비_본딩,반도체
2019-01-31,2353988,72.095434,반도체_장비_본딩,반도체
2019-02-28,2335724,55.586139,반도체_장비_본딩,반도체
2019-03-31,6462475,59.486869,반도체_장비_본딩,반도체
2019-04-30,9329334,67.921724,반도체_장비_본딩,반도체
2019-05-31,3968535,58.154446,반도체_장비_본딩,반도체
2019-06-30,7348297,71.642754,반도체_장비_본딩,반도체
2019-07-31,4736979,53.823802,반도체_장비_본딩,반도체
2019-08-31,1975410,22.162623,반도체_장비_본딩,반도체
2019-09-30,1832856,27.684137,반도체_장비_본딩,반도체
2019-10-31,2726968,25.044584,반도체_장비_본딩,반도체
2019-11-30,1715245,24.619581,반도체_장비_본딩,반도체
2019-12-31,2320832,38.316552,반도체_장비_본딩,반도체
2020-01-31,900711,25.302079,반도체_장비_본딩,반도체
2020-02-29,2513929,45.547737,반도체_장비_본딩,반도체
2020-03-31,2788898,18.401535,반도체_장비_본딩,반도체
2020-04-30,3545332,43.583092,반도체_장비_본딩,반도체
2020-05-31,1665404,52.665992,반도체_장비_본딩,반도체
2020-06-30,5585327,38.001161,반도체_장비_본딩,반도체
2020-07-31,6838146,48.446775,반도체_장비_본딩,반도체
2020-08-31,2858142,55.396039,반도체_장비_본딩,반도체
2020-09-30,4764249,48.488458,반도체_장비_본딩,반도체
2020-10-31,6436567,92.720003,반도체_장비_본딩,반도체
2020-11-30,3871741,50.616154,반도체_장비_본딩,반도체
2020-12-31,4710702,85.758743,반도체_장비_본딩,반도체
2021-01-31,6576680,46.034873,반도체_장비_본딩,반도체
2021-02-28,5686634,67.958166,반도체_장비_본딩,반도체
2021-03-31,7198699,70.342248,반도체_장비_본딩,반도체
2021-04-30,10153691,68.773866,반도체_장비_본딩,반도체
2021-05-31,5081574,64.697081,반도체_장비_본딩,반도체
2021-06-30,4594045,60.733167,반도체_장비_본딩,반도체
2021-07-31,5041367,49.432678,반도체_장비_본딩,반도체
2021-08-31,5818062,55.522349,반도체_장비_본딩,반도체
2021-09-30,6538695,94.97705,반도체_장비_본딩,반도체
2021-10-31,965487,22.877592,반도체_장비_본딩,반도체
2021-11-30,2424852,60.856663,반도체_장비_본딩,반도체
2021-12-31,5834696,116.517047,반도체_장비_본딩,반도체
2022-01-31,6132439,83.122073,반도체_장비_본딩,반도체
2022-02-28,3573094,89.138332,반도체_장비_본딩,반도체
2022-03-31,5870146,42.183059,반도체_장비_본딩,반도체
2022-04-30,7853362,88.006489,반도체_장비_본딩,반도체
2022-05-31,6267336,74.166322,반도체_장비_본딩,반도체
2022-06-30,9251461,93.089924,반도체_장비_본딩,반도체
2022-07-31,2893082,47.790855,반도체_장비_본딩,반도체
2022-08-31,5684476,79.740453,반도체_장비_본딩,반도체
2022-09-30,6812806,81.932458,반도체_장비_본딩,반도체
2022-10-31,3243609,146.005915,반도체_장비_본딩,반도체
2022-11-30,2219481,98.455615,반도체_장비_본딩,반도체
2022-12-31,3005935,142.763343,반도체_장비_본딩,반도체
2023-01-31,1429795,53.851864,반도체_장비_본딩,반도체
2023-02-28,2045296,68.015563,반도체_장비_본딩,반도체
2023-03-31,2582856,49.186015,반도체_장비_본딩,반도체
2023-04-30,2113888,49.534691,반도체_장비_본딩,반도체
2023-05-31,1423889,120.477633,반도체_장비_본딩,반도체
2023-06-30,673780,13.134318,반도체_장비_본딩,반도체
2023-07-31,1072820,63.824901,반도체_장비_본딩,반도체
2023-08-31,534828,50.676824,반도체_장비_본딩,반도체
2023-09-30,191050,29.183087,반도체_장비_본딩,반도체
2023-10-31,2265345,116.163794,반도체_장비_본딩,반도체
2023-11-30,2869396,111.200952,반도체_장비_본딩,반도체
2023-12-31,2851571,68.546062,반도체_장비_본딩,반도체
2024-01-31,515425,32.260437,반도체_장비_본딩,반도체
2024-02-29,878114,12.091154,반도체_장비_본딩,반도체
2024-03-31,1368553,46.817267,반도체_장비_본딩,반도체
2024-04-30,984736,52.712448,반도체_장비_본딩,반도체
2024-05-31,3235016,108.336185,반도체_장비_본딩,반도체
2024-06-30,3571867,198.086003,반도체_장비_본딩,반도체
2024-07-31,18388613,198.100558,반도체_장비_본딩,반도체
2024-08-31,23615510,166.322806,반도체_장비_본딩,반도체
2024-09-30,17982617,189.520524,반도체_장비_본딩,반도체
2024-10-31,12706106,112.807094,반도체_장비_본딩,반도체
2024-11-30,15718374,207.721566,반도체_장비_본딩,반도체
2024-12-31,28132038,144.13925,반도체_장비_본딩,반도체
2025-01-31,38533255,170.845215,반도체_장비_본딩,반도체
2025-02-28,23704739,64.359279,반도체_장비_본딩,반도체
2025-03-31,20861625,130.939316,반도체_장비_본딩,반도체
2025-04-30,23263445,137.898392,반도체_장비_본딩,반도체
2025-05-31,33005102,164.163071,반도체_장비_본딩,반도체
2025-06-30,38584652,169.793849,반도체_장비_본딩,반도체
2025-07-31,27808806,141.465862,반도체_장비_본딩,반도체
2025-08-31,10445942,186.715726,반도체_장비_본딩,반도체
2025-09-30,12125025,153.919122,반도체_장비_본딩,반도체
2025-10-31,5580160,108.084299,반도체_장비_본딩,반도체
2025-11-30,10309501,82.326891,반도체_장비_본딩,반도체
2025-12-31,4612886,73.620511,반도체_장비_본딩,반도체
2026-01-31,3410830,48.770029,반도체_장비_본딩,반도체
2026-02-28,1530545,69.909287,반도체_장비_본딩,반도체
2026-03-31,1693922,19.748987,반도체_장비_본딩,반도체
2026-04-30,7608339,123.612151,반도체_장비_본딩,반도체
2026-05-31,31505785,142.000375,반도체_장비_본딩,반도체
2026-06-30,68779447,110.280667,반도체_장비_본딩,반도체
2026-07-31,15224350,91.472127,반도체_장비_본딩,반도체
2017-01-31,7966427,68.850655,반도체_장비_스크러버,반도체
2017-02-28,7133783,60.114724,반도체_장비_스크러버,반도체
2017-03-31,14926557,54.356277,반도체_장비_스크러버,반도체
2017-04-30,7374821,60.482906,반도체_장비_스크러버,반도체
2017-05-31,6372635,73.745938,반도체_장비_스크러버,반도체
2017-06-30,10037154,88.544446,반도체_장비_스크러버,반도체
2017-07-31,8266792,47.954721,반도체_장비_스크러버,반도체
2017-08-31,9312506,82.099601,반도체_장비_스크러버,반도체
2017-09-30,7067622,74.29102,반도체_장비_스크러버,반도체
2017-10-31,5087472,59.42458,반도체_장비_스크러버,반도체
2017-11-30,6497961,57.8706,반도체_장비_스크러버,반도체
2017-12-31,10846606,54.004803,반도체_장비_스크러버,반도체
2018-01-31,9579166,60.70077,반도체_장비_스크러버,반도체
2018-02-28,11351036,86.973721,반도체_장비_스크러버,반도체
2018-03-31,12843144,85.713851,반도체_장비_스크러버,반도체
2018-04-30,9169443,80.090488,반도체_장비_스크러버,반도체
2018-05-31,9613208,84.757534,반도체_장비_스크러버,반도체
2018-06-30,16071598,61.40069,반도체_장비_스크러버,반도체
2018-07-31,11171791,66.934235,반도체_장비_스크러버,반도체
2018-08-31,12922200,63.432108,반도체_장비_스크러버,반도체
2018-09-30,15081199,53.909304,반도체_장비_스크러버,반도체
2018-10-31,17038221,28.023643,반도체_장비_스크러버,반도체
2018-11-30,9964150,50.336978,반도체_장비_스크러버,반도체
2018-12-31,17916157,62.556292,반도체_장비_스크러버,반도체
2019-01-31,18255310,53.904976,반도체_장비_스크러버,반도체
2019-02-28,8289020,53.83852,반도체_장비_스크러버,반도체
2019-03-31,16433369,43.574386,반도체_장비_스크러버,반도체
2019-04-30,21341375,47.988057,반도체_장비_스크러버,반도체
2019-05-31,11885757,48.512678,반도체_장비_스크러버,반도체
2019-06-30,11934050,66.484869,반도체_장비_스크러버,반도체
2019-07-31,23731110,78.983306,반도체_장비_스크러버,반도체
2019-08-31,22091272,78.957873,반도체_장비_스크러버,반도체
2019-09-30,18761398,78.755149,반도체_장비_스크러버,반도체
2019-10-31,22436556,82.187806,반도체_장비_스크러버,반도체
2019-11-30,20276205,67.667735,반도체_장비_스크러버,반도체
2019-12-31,19433590,67.361537,반도체_장비_스크러버,반도체
2020-01-31,17183546,98.487954,반도체_장비_스크러버,반도체
2020-02-29,14863505,90.435908,반도체_장비_스크러버,반도체
2020-03-31,17671763,69.794983,반도체_장비_스크러버,반도체
2020-04-30,17571025,80.744008,반도체_장비_스크러버,반도체
2020-05-31,12999564,55.979941,반도체_장비_스크러버,반도체
2020-06-30,17939566,42.569196,반도체_장비_스크러버,반도체
2020-07-31,17134224,77.03944,반도체_장비_스크러버,반도체
2020-08-31,14650461,70.981387,반도체_장비_스크러버,반도체
2020-09-30,20132083,82.292633,반도체_장비_스크러버,반도체
2020-10-31,19642677,68.772565,반도체_장비_스크러버,반도체
2020-11-30,13376467,72.853658,반도체_장비_스크러버,반도체
2020-12-31,17730278,80.437404,반도체_장비_스크러버,반도체
2021-01-31,22683510,78.320309,반도체_장비_스크러버,반도체
2021-02-28,26395171,69.969706,반도체_장비_스크러버,반도체
2021-03-31,29507579,65.059746,반도체_장비_스크러버,반도체
2021-04-30,28685067,61.159693,반도체_장비_스크러버,반도체
2021-05-31,29777250,69.529496,반도체_장비_스크러버,반도체
2021-06-30,31661113,66.887553,반도체_장비_스크러버,반도체
2021-07-31,25857687,76.903791,반도체_장비_스크러버,반도체
2021-08-31,22115800,84.012988,반도체_장비_스크러버,반도체
2021-09-30,25627389,86.398537,반도체_장비_스크러버,반도체
2021-10-31,22684855,84.472248,반도체_장비_스크러버,반도체
2021-11-30,30168590,88.169268,반도체_장비_스크러버,반도체
2021-12-31,29968872,81.267749,반도체_장비_스크러버,반도체
2022-01-31,20856731,87.574968,반도체_장비_스크러버,반도체
2022-02-28,19608811,77.638502,반도체_장비_스크러버,반도체
2022-03-31,19121347,92.561754,반도체_장비_스크러버,반도체
2022-04-30,16796119,93.357896,반도체_장비_스크러버,반도체
2022-05-31,21087998,58.505507,반도체_장비_스크러버,반도체
2022-06-30,26813106,72.505641,반도체_장비_스크러버,반도체
2022-07-31,22297074,71.610421,반도체_장비_스크러버,반도체
2022-08-31,25840905,92.481589,반도체_장비_스크러버,반도체
2022-09-30,27367069,75.931739,반도체_장비_스크러버,반도체
2022-10-31,19264148,61.21846,반도체_장비_스크러버,반도체
2022-11-30,16918404,72.873492,반도체_장비_스크러버,반도체
2022-12-31,22795152,74.231806,반도체_장비_스크러버,반도체
2023-01-31,10463522,82.135917,반도체_장비_스크러버,반도체
2023-02-28,19512058,66.75675,반도체_장비_스크러버,반도체
2023-03-31,23559851,81.362778,반도체_장비_스크러버,반도체
2023-04-30,13566796,52.729782,반도체_장비_스크러버,반도체
2023-05-31,16724883,66.723002,반도체_장비_스크러버,반도체
2023-06-30,27989024,70.342504,반도체_장비_스크러버,반도체
2023-07-31,18286953,79.601157,반도체_장비_스크러버,반도체
2023-08-31,20345705,67.563312,반도체_장비_스크러버,반도체
2023-09-30,26188014,72.946891,반도체_장비_스크러버,반도체
2023-10-31,22646744,64.392217,반도체_장비_스크러버,반도체
2023-11-30,21808453,73.247454,반도체_장비_스크러버,반도체
2023-12-31,22140432,55.791544,반도체_장비_스크러버,반도체
2024-01-31,14576690,74.858759,반도체_장비_스크러버,반도체
2024-02-29,22100853,75.529102,반도체_장비_스크러버,반도체
2024-03-31,29733019,83.543108,반도체_장비_스크러버,반도체
2024-04-30,22981084,84.61631,반도체_장비_스크러버,반도체
2024-05-31,21703104,80.605637,반도체_장비_스크러버,반도체
2024-06-30,25898600,84.357999,반도체_장비_스크러버,반도체
2024-07-31,18931922,70.214538,반도체_장비_스크러버,반도체
2024-08-31,23195450,73.586341,반도체_장비_스크러버,반도체
2024-09-30,20982060,73.703819,반도체_장비_스크러버,반도체
2024-10-31,18641085,61.259322,반도체_장비_스크러버,반도체
2024-11-30,18492062,88.829361,반도체_장비_스크러버,반도체
2024-12-31,22638477,75.39937,반도체_장비_스크러버,반도체
2025-01-31,14114753,81.593356,반도체_장비_스크러버,반도체
2025-02-28,18576676,86.830536,반도체_장비_스크러버,반도체
2025-03-31,18784527,68.701774,반도체_장비_스크러버,반도체
2025-04-30,27220489,65.721856,반도체_장비_스크러버,반도체
2025-05-31,20202776,73.397925,반도체_장비_스크러버,반도체
2025-06-30,25081431,77.764744,반도체_장비_스크러버,반도체
2025-07-31,21649341,97.797471,반도체_장비_스크러버,반도체
2025-08-31,18557217,83.51148,반도체_장비_스크러버,반도체
2025-09-30,23996874,89.370088,반도체_장비_스크러버,반도체
2025-10-31,17014262,96.362745,반도체_장비_스크러버,반도체
2025-11-30,33369522,88.607214,반도체_장비_스크러버,반도체
2025-12-31,31056701,82.000727,반도체_장비_스크러버,반도체
2026-01-31,33184187,86.714741,반도체_장비_스크러버,반도체
2026-02-28,38438597,97.599178,반도체_장비_스크러버,반도체
2026-03-31,33452883,82.826999,반도체_장비_스크러버,반도체
2026-04-30,27988647,85.705271,반도체_장비_스크러버,반도체
2026-05-31,27865556,81.648758,반도체_장비_스크러버,반도체
2026-06-30,38218761,73.306968,반도체_장비_스크러버,반도체
2026-07-31,40874324,77.5006,반도체_장비_스크러버,반도체
2017-01-31,96966886,205.450915,반도체_장비_스트립/건식 세정,반도체
2017-02-28,78278260,143.024158,반도체_장비_스트립/건식 세정,반도체
2017-03-31,92060756,132.860982,반도체_장비_스트립/건식 세정,반도체
2017-04-30,79297106,116.537642,반도체_장비_스트립/건식 세정,반도체
2017-05-31,80447363,127.47617,반도체_장비_스트립/건식 세정,반도체
2017-06-30,42268012,85.048398,반도체_장비_스트립/건식 세정,반도체
2017-07-31,40939928,83.598861,반도체_장비_스트립/건식 세정,반도체
2017-08-31,47557414,110.067875,반도체_장비_스트립/건식 세정,반도체
2017-09-30,43221740,88.877095,반도체_장비_스트립/건식 세정,반도체
2017-10-31,29863270,73.29881,반도체_장비_스트립/건식 세정,반도체
2017-11-30,57259795,104.734248,반도체_장비_스트립/건식 세정,반도체
2017-12-31,63118037,109.765876,반도체_장비_스트립/건식 세정,반도체
2018-01-31,53307979,99.91486,반도체_장비_스트립/건식 세정,반도체
2018-02-28,60331288,134.423682,반도체_장비_스트립/건식 세정,반도체
2018-03-31,139380056,184.152299,반도체_장비_스트립/건식 세정,반도체
2018-04-30,98090620,125.510859,반도체_장비_스트립/건식 세정,반도체
2018-05-31,110272257,103.079211,반도체_장비_스트립/건식 세정,반도체
2018-06-30,74740075,112.949909,반도체_장비_스트립/건식 세정,반도체
2018-07-31,77357774,93.031769,반도체_장비_스트립/건식 세정,반도체
2018-08-31,134263118,187.437773,반도체_장비_스트립/건식 세정,반도체
2018-09-30,68279085,111.266779,반도체_장비_스트립/건식 세정,반도체
2018-10-31,57834470,81.106336,반도체_장비_스트립/건식 세정,반도체
2018-11-30,97071584,132.459608,반도체_장비_스트립/건식 세정,반도체
2018-12-31,123552450,126.543774,반도체_장비_스트립/건식 세정,반도체
2019-01-31,102279206,120.321462,반도체_장비_스트립/건식 세정,반도체
2019-02-28,142460818,149.963345,반도체_장비_스트립/건식 세정,반도체
2019-03-31,115528366,110.93856,반도체_장비_스트립/건식 세정,반도체
2019-04-30,123161709,105.836999,반도체_장비_스트립/건식 세정,반도체
2019-05-31,153987860,128.673337,반도체_장비_스트립/건식 세정,반도체
2019-06-30,103908810,123.591534,반도체_장비_스트립/건식 세정,반도체
2019-07-31,274014677,219.976544,반도체_장비_스트립/건식 세정,반도체
2019-08-31,168167700,173.244047,반도체_장비_스트립/건식 세정,반도체
2019-09-30,111647522,145.135088,반도체_장비_스트립/건식 세정,반도체
2019-10-31,160075019,158.149639,반도체_장비_스트립/건식 세정,반도체
2019-11-30,260123837,246.053208,반도체_장비_스트립/건식 세정,반도체
2019-12-31,305879055,225.494073,반도체_장비_스트립/건식 세정,반도체
2020-01-31,210699476,198.234694,반도체_장비_스트립/건식 세정,반도체
2020-02-29,131648749,110.192189,반도체_장비_스트립/건식 세정,반도체
2020-03-31,215104085,192.307309,반도체_장비_스트립/건식 세정,반도체
2020-04-30,233102364,270.572163,반도체_장비_스트립/건식 세정,반도체
2020-05-31,201396208,222.504321,반도체_장비_스트립/건식 세정,반도체
2020-06-30,132989825,158.644093,반도체_장비_스트립/건식 세정,반도체
2020-07-31,119266601,125.575606,반도체_장비_스트립/건식 세정,반도체
2020-08-31,93063370,153.341843,반도체_장비_스트립/건식 세정,반도체
2020-09-30,93939433,159.808992,반도체_장비_스트립/건식 세정,반도체
2020-10-31,125066379,189.604208,반도체_장비_스트립/건식 세정,반도체
2020-11-30,163902636,166.386473,반도체_장비_스트립/건식 세정,반도체
2020-12-31,154812161,156.665051,반도체_장비_스트립/건식 세정,반도체
2021-01-31,215636699,178.082036,반도체_장비_스트립/건식 세정,반도체
2021-02-28,296794170,211.444315,반도체_장비_스트립/건식 세정,반도체
2021-03-31,344116379,182.922064,반도체_장비_스트립/건식 세정,반도체
2021-04-30,413902217,233.024889,반도체_장비_스트립/건식 세정,반도체
2021-05-31,249733483,188.80287,반도체_장비_스트립/건식 세정,반도체
2021-06-30,206572172,144.59039,반도체_장비_스트립/건식 세정,반도체
2021-07-31,185725064,149.617466,반도체_장비_스트립/건식 세정,반도체
2021-08-31,228936291,188.377953,반도체_장비_스트립/건식 세정,반도체
2021-09-30,183367761,138.9077,반도체_장비_스트립/건식 세정,반도체
2021-10-31,141976591,109.156297,반도체_장비_스트립/건식 세정,반도체
2021-11-30,176616657,138.973122,반도체_장비_스트립/건식 세정,반도체
2021-12-31,290419928,172.765873,반도체_장비_스트립/건식 세정,반도체
2022-01-31,161814199,115.098863,반도체_장비_스트립/건식 세정,반도체
2022-02-28,263069917,161.049518,반도체_장비_스트립/건식 세정,반도체
2022-03-31,187492008,122.745359,반도체_장비_스트립/건식 세정,반도체
2022-04-30,189126121,118.775432,반도체_장비_스트립/건식 세정,반도체
2022-05-31,146539991,95.211465,반도체_장비_스트립/건식 세정,반도체
2022-06-30,194145647,187.447988,반도체_장비_스트립/건식 세정,반도체
2022-07-31,235475638,185.540422,반도체_장비_스트립/건식 세정,반도체
2022-08-31,185033337,151.100581,반도체_장비_스트립/건식 세정,반도체
2022-09-30,303166128,263.063917,반도체_장비_스트립/건식 세정,반도체
2022-10-31,198191802,138.306499,반도체_장비_스트립/건식 세정,반도체
2022-11-30,159981154,144.53005,반도체_장비_스트립/건식 세정,반도체
2022-12-31,216383084,215.158265,반도체_장비_스트립/건식 세정,반도체
2023-01-31,73786470,126.92622,반도체_장비_스트립/건식 세정,반도체
2023-02-28,129147309,152.470983,반도체_장비_스트립/건식 세정,반도체
2023-03-31,190858597,195.677729,반도체_장비_스트립/건식 세정,반도체
2023-04-30,74849127,154.075264,반도체_장비_스트립/건식 세정,반도체
2023-05-31,131950946,209.557916,반도체_장비_스트립/건식 세정,반도체
2023-06-30,131491889,187.46618,반도체_장비_스트립/건식 세정,반도체
2023-07-31,85739283,136.9217,반도체_장비_스트립/건식 세정,반도체
2023-08-31,150022409,188.126541,반도체_장비_스트립/건식 세정,반도체
2023-09-30,139762502,171.942162,반도체_장비_스트립/건식 세정,반도체
2023-10-31,137195650,186.906746,반도체_장비_스트립/건식 세정,반도체
2023-11-30,159064935,184.94112,반도체_장비_스트립/건식 세정,반도체
2023-12-31,217606895,200.817767,반도체_장비_스트립/건식 세정,반도체
2024-01-31,102229662,195.68412,반도체_장비_스트립/건식 세정,반도체
2024-02-29,124498590,187.312753,반도체_장비_스트립/건식 세정,반도체
2024-03-31,227880261,225.293918,반도체_장비_스트립/건식 세정,반도체
2024-04-30,204895506,173.807766,반도체_장비_스트립/건식 세정,반도체
2024-05-31,217511685,190.449177,반도체_장비_스트립/건식 세정,반도체
2024-06-30,261904603,208.785678,반도체_장비_스트립/건식 세정,반도체
2024-07-31,189231361,146.436096,반도체_장비_스트립/건식 세정,반도체
2024-08-31,138665297,104.649201,반도체_장비_스트립/건식 세정,반도체
2024-09-30,226622944,288.115967,반도체_장비_스트립/건식 세정,반도체
2024-10-31,159663964,261.918963,반도체_장비_스트립/건식 세정,반도체
2024-11-30,207027181,266.10956,반도체_장비_스트립/건식 세정,반도체
2024-12-31,225505852,161.584564,반도체_장비_스트립/건식 세정,반도체
2025-01-31,133840329,243.053408,반도체_장비_스트립/건식 세정,반도체
2025-02-28,162622589,198.118275,반도체_장비_스트립/건식 세정,반도체
2025-03-31,240875872,240.438606,반도체_장비_스트립/건식 세정,반도체
2025-04-30,174931381,165.209051,반도체_장비_스트립/건식 세정,반도체
2025-05-31,157833046,201.070762,반도체_장비_스트립/건식 세정,반도체
2025-06-30,238413205,224.310438,반도체_장비_스트립/건식 세정,반도체
2025-07-31,214728287,156.729691,반도체_장비_스트립/건식 세정,반도체
2025-08-31,152916550,152.503569,반도체_장비_스트립/건식 세정,반도체
2025-09-30,182142231,219.006821,반도체_장비_스트립/건식 세정,반도체
2025-10-31,132270955,165.043034,반도체_장비_스트립/건식 세정,반도체
2025-11-30,107720657,143.608807,반도체_장비_스트립/건식 세정,반도체
2025-12-31,163841648,131.071249,반도체_장비_스트립/건식 세정,반도체
2026-01-31,111422361,159.748275,반도체_장비_스트립/건식 세정,반도체
2026-02-28,147665239,197.846483,반도체_장비_스트립/건식 세정,반도체
2026-03-31,303588954,191.436255,반도체_장비_스트립/건식 세정,반도체
2026-04-30,275015146,207.544369,반도체_장비_스트립/건식 세정,반도체
2026-05-31,262520761,218.80147,반도체_장비_스트립/건식 세정,반도체
2026-06-30,427851135,170.65847,반도체_장비_스트립/건식 세정,반도체
2026-07-31,376295597,208.492189,반도체_장비_스트립/건식 세정,반도체
2026-08-31,349940647,207.552756,반도체_장비_스트립/건식 세정,반도체
2017-01-31,96966886,205.450915,반도체_장비_습식 식각 및 세정,반도체
2017-02-28,78278260,143.024158,반도체_장비_습식 식각 및 세정,반도체
2017-03-31,92060756,132.860982,반도체_장비_습식 식각 및 세정,반도체
2017-04-30,79297106,116.537642,반도체_장비_습식 식각 및 세정,반도체
2017-05-31,80447363,127.47617,반도체_장비_습식 식각 및 세정,반도체
2017-06-30,42268012,85.048398,반도체_장비_습식 식각 및 세정,반도체
2017-07-31,40939928,83.598861,반도체_장비_습식 식각 및 세정,반도체
2017-08-31,47557414,110.067875,반도체_장비_습식 식각 및 세정,반도체
2017-09-30,43221740,88.877095,반도체_장비_습식 식각 및 세정,반도체
2017-10-31,29863270,73.29881,반도체_장비_습식 식각 및 세정,반도체
2017-11-30,57259795,104.734248,반도체_장비_습식 식각 및 세정,반도체
2017-12-31,63118037,109.765876,반도체_장비_습식 식각 및 세정,반도체
2018-01-31,53307979,99.91486,반도체_장비_습식 식각 및 세정,반도체
2018-02-28,60331288,134.423682,반도체_장비_습식 식각 및 세정,반도체
2018-03-31,139380056,184.152299,반도체_장비_습식 식각 및 세정,반도체
2018-04-30,98090620,125.510859,반도체_장비_습식 식각 및 세정,반도체
2018-05-31,110272257,103.079211,반도체_장비_습식 식각 및 세정,반도체
2018-06-30,74740075,112.949909,반도체_장비_습식 식각 및 세정,반도체
2018-07-31,77357774,93.031769,반도체_장비_습식 식각 및 세정,반도체
2018-08-31,134263118,187.437773,반도체_장비_습식 식각 및 세정,반도체
2018-09-30,68279085,111.266779,반도체_장비_습식 식각 및 세정,반도체
2018-10-31,57834470,81.106336,반도체_장비_습식 식각 및 세정,반도체
2018-11-30,97071584,132.459608,반도체_장비_습식 식각 및 세정,반도체
2018-12-31,123552450,126.543774,반도체_장비_습식 식각 및 세정,반도체
2019-01-31,102279206,120.321462,반도체_장비_습식 식각 및 세정,반도체
2019-02-28,142460818,149.963345,반도체_장비_습식 식각 및 세정,반도체
2019-03-31,115528366,110.93856,반도체_장비_습식 식각 및 세정,반도체
2019-04-30,123161709,105.836999,반도체_장비_습식 식각 및 세정,반도체
2019-05-31,153987860,128.673337,반도체_장비_습식 식각 및 세정,반도체
2019-06-30,103908810,123.591534,반도체_장비_습식 식각 및 세정,반도체
2019-07-31,274014677,219.976544,반도체_장비_습식 식각 및 세정,반도체
2019-08-31,168167700,173.244047,반도체_장비_습식 식각 및 세정,반도체
2019-09-30,111647522,145.135088,반도체_장비_습식 식각 및 세정,반도체
2019-10-31,160075019,158.149639,반도체_장비_습식 식각 및 세정,반도체
2019-11-30,260123837,246.053208,반도체_장비_습식 식각 및 세정,반도체
2019-12-31,305879055,225.494073,반도체_장비_습식 식각 및 세정,반도체
2020-01-31,210699476,198.234694,반도체_장비_습식 식각 및 세정,반도체
2020-02-29,131648749,110.192189,반도체_장비_습식 식각 및 세정,반도체
2020-03-31,215104085,192.307309,반도체_장비_습식 식각 및 세정,반도체
2020-04-30,233102364,270.572163,반도체_장비_습식 식각 및 세정,반도체
2020-05-31,201396208,222.504321,반도체_장비_습식 식각 및 세정,반도체
2020-06-30,132989825,158.644093,반도체_장비_습식 식각 및 세정,반도체
2020-07-31,119266601,125.575606,반도체_장비_습식 식각 및 세정,반도체
2020-08-31,93063370,153.341843,반도체_장비_습식 식각 및 세정,반도체
2020-09-30,93939433,159.808992,반도체_장비_습식 식각 및 세정,반도체
2020-10-31,125066379,189.604208,반도체_장비_습식 식각 및 세정,반도체
2020-11-30,163902636,166.386473,반도체_장비_습식 식각 및 세정,반도체
2020-12-31,154812161,156.665051,반도체_장비_습식 식각 및 세정,반도체
2021-01-31,215636699,178.082036,반도체_장비_습식 식각 및 세정,반도체
2021-02-28,296794170,211.444315,반도체_장비_습식 식각 및 세정,반도체
2021-03-31,344116379,182.922064,반도체_장비_습식 식각 및 세정,반도체
2021-04-30,413902217,233.024889,반도체_장비_습식 식각 및 세정,반도체
2021-05-31,249733483,188.80287,반도체_장비_습식 식각 및 세정,반도체
2021-06-30,206572172,144.59039,반도체_장비_습식 식각 및 세정,반도체
2021-07-31,185725064,149.617466,반도체_장비_습식 식각 및 세정,반도체
2021-08-31,228936291,188.377953,반도체_장비_습식 식각 및 세정,반도체
2021-09-30,183367761,138.9077,반도체_장비_습식 식각 및 세정,반도체
2021-10-31,141976591,109.156297,반도체_장비_습식 식각 및 세정,반도체
2021-11-30,176616657,138.973122,반도체_장비_습식 식각 및 세정,반도체
2021-12-31,290419928,172.765873,반도체_장비_습식 식각 및 세정,반도체
2022-01-31,161814199,115.098863,반도체_장비_습식 식각 및 세정,반도체
2022-02-28,263069917,161.049518,반도체_장비_습식 식각 및 세정,반도체
2022-03-31,187492008,122.745359,반도체_장비_습식 식각 및 세정,반도체
2022-04-30,189126121,118.775432,반도체_장비_습식 식각 및 세정,반도체
2022-05-31,146539991,95.211465,반도체_장비_습식 식각 및 세정,반도체
2022-06-30,194145647,187.447988,반도체_장비_습식 식각 및 세정,반도체
2022-07-31,235475638,185.540422,반도체_장비_습식 식각 및 세정,반도체
2022-08-31,185033337,151.100581,반도체_장비_습식 식각 및 세정,반도체
2022-09-30,303166128,263.063917,반도체_장비_습식 식각 및 세정,반도체
2022-10-31,198191802,138.306499,반도체_장비_습식 식각 및 세정,반도체
2022-11-30,159981154,144.53005,반도체_장비_습식 식각 및 세정,반도체
2022-12-31,216383084,215.158265,반도체_장비_습식 식각 및 세정,반도체
2023-01-31,73786470,126.92622,반도체_장비_습식 식각 및 세정,반도체
2023-02-28,129147309,152.470983,반도체_장비_습식 식각 및 세정,반도체
2023-03-31,190858597,195.677729,반도체_장비_습식 식각 및 세정,반도체
2023-04-30,74849127,154.075264,반도체_장비_습식 식각 및 세정,반도체
2023-05-31,131950946,209.557916,반도체_장비_습식 식각 및 세정,반도체
2023-06-30,131491889,187.46618,반도체_장비_습식 식각 및 세정,반도체
2023-07-31,85739283,136.9217,반도체_장비_습식 식각 및 세정,반도체
2023-08-31,150022409,188.126541,반도체_장비_습식 식각 및 세정,반도체
2023-09-30,139762502,171.942162,반도체_장비_습식 식각 및 세정,반도체
2023-10-31,137195650,186.906746,반도체_장비_습식 식각 및 세정,반도체
2023-11-30,159064935,184.94112,반도체_장비_습식 식각 및 세정,반도체
2023-12-31,217606895,200.817767,반도체_장비_습식 식각 및 세정,반도체
2024-01-31,102229662,195.68412,반도체_장비_습식 식각 및 세정,반도체
2024-02-29,124498590,187.312753,반도체_장비_습식 식각 및 세정,반도체
2024-03-31,227880261,225.293918,반도체_장비_습식 식각 및 세정,반도체
2024-04-30,204895506,173.807766,반도체_장비_습식 식각 및 세정,반도체
2024-05-31,217511685,190.449177,반도체_장비_습식 식각 및 세정,반도체
2024-06-30,261904603,208.785678,반도체_장비_습식 식각 및 세정,반도체
2024-07-31,189231361,146.436096,반도체_장비_습식 식각 및 세정,반도체
2024-08-31,138665297,104.649201,반도체_장비_습식 식각 및 세정,반도체
2024-09-30,226622944,288.115967,반도체_장비_습식 식각 및 세정,반도체
2024-10-31,159663964,261.918963,반도체_장비_습식 식각 및 세정,반도체
2024-11-30,207027181,266.10956,반도체_장비_습식 식각 및 세정,반도체
2024-12-31,225505852,161.584564,반도체_장비_습식 식각 및 세정,반도체
2025-01-31,133840329,243.053408,반도체_장비_습식 식각 및 세정,반도체
2025-02-28,162622589,198.118275,반도체_장비_습식 식각 및 세정,반도체
2025-03-31,240875872,240.438606,반도체_장비_습식 식각 및 세정,반도체
2025-04-30,174931381,165.209051,반도체_장비_습식 식각 및 세정,반도체
2025-05-31,157833046,201.070762,반도체_장비_습식 식각 및 세정,반도체
2025-06-30,238413205,224.310438,반도체_장비_습식 식각 및 세정,반도체
2025-07-31,214728287,156.729691,반도체_장비_습식 식각 및 세정,반도체
2025-08-31,152916550,152.503569,반도체_장비_습식 식각 및 세정,반도체
2025-09-30,182142231,219.006821,반도체_장비_습식 식각 및 세정,반도체
2025-10-31,132270955,165.043034,반도체_장비_습식 식각 및 세정,반도체
2025-11-30,107720657,143.608807,반도체_장비_습식 식각 및 세정,반도체
2025-12-31,163841648,131.071249,반도체_장비_습식 식각 및 세정,반도체
2026-01-31,111422361,159.748275,반도체_장비_습식 식각 및 세정,반도체
2026-02-28,147665239,197.846483,반도체_장비_습식 식각 및 세정,반도체
2026-03-31,303588954,191.436255,반도체_장비_습식 식각 및 세정,반도체
2026-04-30,275015146,207.544369,반도체_장비_습식 식각 및 세정,반도체
2026-05-31,262520761,218.80147,반도체_장비_습식 식각 및 세정,반도체
2026-06-30,427851135,170.65847,반도체_장비_습식 식각 및 세정,반도체
2026-07-31,376295597,208.492189,반도체_장비_습식 식각 및 세정,반도체
2026-08-31,349940647,207.552756,반도체_장비_습식 식각 및 세정,반도체
2017-01-31,16092083,185.607457,반도체_장비_증착,반도체
2017-02-28,19574148,212.324282,반도체_장비_증착,반도체
2017-03-31,33088712,201.524262,반도체_장비_증착,반도체
2017-04-30,19077996,188.887683,반도체_장비_증착,반도체
2017-05-31,28751212,113.387712,반도체_장비_증착,반도체
2017-06-30,15239317,107.301036,반도체_장비_증착,반도체
2017-07-31,7916906,68.512816,반도체_장비_증착,반도체
2017-08-31,12901018,222.511909,반도체_장비_증착,반도체
2017-09-30,8085278,130.942886,반도체_장비_증착,반도체
2017-10-31,8086955,161.077073,반도체_장비_증착,반도체
2017-11-30,13416350,84.995386,반도체_장비_증착,반도체
2017-12-31,19364346,150.664522,반도체_장비_증착,반도체
2018-01-31,9253262,95.304337,반도체_장비_증착,반도체
2018-02-28,19840469,196.683903,반도체_장비_증착,반도체
2018-03-31,33258878,170.773786,반도체_장비_증착,반도체
2018-04-30,24618238,156.326868,반도체_장비_증착,반도체
2018-05-31,44924582,107.080518,반도체_장비_증착,반도체
2018-06-30,15081951,179.934666,반도체_장비_증착,반도체
2018-07-31,16002280,54.165788,반도체_장비_증착,반도체
2018-08-31,21746622,223.3519,반도체_장비_증착,반도체
2018-09-30,22775424,270.599697,반도체_장비_증착,반도체
2018-10-31,21964330,93.746129,반도체_장비_증착,반도체
2018-11-30,18343499,197.150642,반도체_장비_증착,반도체
2018-12-31,53876730,278.948313,반도체_장비_증착,반도체
2019-01-31,37486358,228.168268,반도체_장비_증착,반도체
2019-02-28,27384639,194.542639,반도체_장비_증착,반도체
2019-03-31,46306443,114.719723,반도체_장비_증착,반도체
2019-04-30,52020123,186.910252,반도체_장비_증착,반도체
2019-05-31,49734606,192.5102,반도체_장비_증착,반도체
2019-06-30,33010874,127.711936,반도체_장비_증착,반도체
2019-07-31,74069605,278.547637,반도체_장비_증착,반도체
2019-08-31,42875234,191.464708,반도체_장비_증착,반도체
2019-09-30,39160361,151.609941,반도체_장비_증착,반도체
2019-10-31,53716211,186.960399,반도체_장비_증착,반도체
2019-11-30,78017640,273.769294,반도체_장비_증착,반도체
2019-12-31,85525858,232.775603,반도체_장비_증착,반도체
2020-01-31,73201034,253.702563,반도체_장비_증착,반도체
2020-02-29,56784074,178.509866,반도체_장비_증착,반도체
2020-03-31,114373417,266.523477,반도체_장비_증착,반도체
2020-04-30,69153232,214.605521,반도체_장비_증착,반도체
2020-05-31,49199397,185.000547,반도체_장비_증착,반도체
2020-06-30,37278589,228.179028,반도체_장비_증착,반도체
2020-07-31,32338459,132.580109,반도체_장비_증착,반도체
2020-08-31,33056403,207.117439,반도체_장비_증착,반도체
2020-09-30,48298177,218.457195,반도체_장비_증착,반도체
2020-10-31,45761077,264.588002,반도체_장비_증착,반도체
2020-11-30,48324910,231.16956,반도체_장비_증착,반도체
2020-12-31,40517273,235.315996,반도체_장비_증착,반도체
2021-01-31,91494210,236.297335,반도체_장비_증착,반도체
2021-02-28,86883928,263.641441,반도체_장비_증착,반도체
2021-03-31,133885254,220.876293,반도체_장비_증착,반도체
2021-04-30,139601612,237.861643,반도체_장비_증착,반도체
2021-05-31,71783904,243.952119,반도체_장비_증착,반도체
2021-06-30,35038360,171.772539,반도체_장비_증착,반도체
2021-07-31,58420554,252.515357,반도체_장비_증착,반도체
2021-08-31,64481771,220.192103,반도체_장비_증착,반도체
2021-09-30,61625858,171.003063,반도체_장비_증착,반도체
2021-10-31,35844158,98.421707,반도체_장비_증착,반도체
2021-11-30,79099984,193.233447,반도체_장비_증착,반도체
2021-12-31,98469450,192.22977,반도체_장비_증착,반도체
2022-01-31,68617699,151.994084,반도체_장비_증착,반도체
2022-02-28,113124684,179.841571,반도체_장비_증착,반도체
2022-03-31,78700229,165.631474,반도체_장비_증착,반도체
2022-04-30,60121412,154.918358,반도체_장비_증착,반도체
2022-05-31,58822748,124.539149,반도체_장비_증착,반도체
2022-06-30,70867713,292.80358,반도체_장비_증착,반도체
2022-07-31,94508976,251.262443,반도체_장비_증착,반도체
2022-08-31,53360609,150.321144,반도체_장비_증착,반도체
2022-09-30,107328488,279.236469,반도체_장비_증착,반도체
2022-10-31,95831974,112.413179,반도체_장비_증착,반도체
2022-11-30,61507086,221.943161,반도체_장비_증착,반도체
2022-12-31,95968118,303.837533,반도체_장비_증착,반도체
2023-01-31,24687230,217.976852,반도체_장비_증착,반도체
2023-02-28,35330694,278.409935,반도체_장비_증착,반도체
2023-03-31,66675574,263.773336,반도체_장비_증착,반도체
2023-04-30,32456964,198.632891,반도체_장비_증착,반도체
2023-05-31,50266515,275.170951,반도체_장비_증착,반도체
2023-06-30,30815671,285.803371,반도체_장비_증착,반도체
2023-07-31,17929850,155.365205,반도체_장비_증착,반도체
2023-08-31,70953353,272.115441,반도체_장비_증착,반도체
2023-09-30,53150291,187.984995,반도체_장비_증착,반도체
2023-10-31,69874521,282.594643,반도체_장비_증착,반도체
2023-11-30,59577858,246.596502,반도체_장비_증착,반도체
2023-12-31,112689556,353.335843,반도체_장비_증착,반도체
2024-01-31,52081205,306.131889,반도체_장비_증착,반도체
2024-02-29,67223921,287.370295,반도체_장비_증착,반도체
2024-03-31,94482990,360.176415,반도체_장비_증착,반도체
2024-04-30,95986780,212.87887,반도체_장비_증착,반도체
2024-05-31,56812979,213.819517,반도체_장비_증착,반도체
2024-06-30,85658100,212.149911,반도체_장비_증착,반도체
2024-07-31,97621073,172.97056,반도체_장비_증착,반도체
2024-08-31,50826822,108.431268,반도체_장비_증착,반도체
2024-09-30,86468658,329.25555,반도체_장비_증착,반도체
2024-10-31,83467534,374.636575,반도체_장비_증착,반도체
2024-11-30,77784891,326.856443,반도체_장비_증착,반도체
2024-12-31,81651759,249.655516,반도체_장비_증착,반도체
2025-01-31,64128152,322.924466,반도체_장비_증착,반도체
2025-02-28,72485600,336.190017,반도체_장비_증착,반도체
2025-03-31,104901893,337.253103,반도체_장비_증착,반도체
2025-04-30,93208739,173.543313,반도체_장비_증착,반도체
2025-05-31,67204158,302.272395,반도체_장비_증착,반도체
2025-06-30,83586442,390.60903,반도체_장비_증착,반도체
2025-07-31,90772726,200.912723,반도체_장비_증착,반도체
2025-08-31,68663995,184.154794,반도체_장비_증착,반도체
2025-09-30,60571196,294.090038,반도체_장비_증착,반도체
2025-10-31,51451469,327.231768,반도체_장비_증착,반도체
2025-11-30,38338358,220.621451,반도체_장비_증착,반도체
2025-12-31,36916441,95.365939,반도체_장비_증착,반도체
2026-01-31,40309069,318.129022,반도체_장비_증착,반도체
2026-02-28,68010705,344.35066,반도체_장비_증착,반도체
2026-03-31,83098976,216.614659,반도체_장비_증착,반도체
2026-04-30,105341265,307.715579,반도체_장비_증착,반도체
2026-05-31,95266492,331.928264,반도체_장비_증착,반도체
2026-06-30,144843743,201.332428,반도체_장비_증착,반도체
2026-07-31,95926608,244.751181,반도체_장비_증착,반도체
2017-01-31,8542938,6.336118,반도체_장비_칠러,반도체
2017-02-28,12189045,7.955531,반도체_장비_칠러,반도체
2017-03-31,13262514,9.292245,반도체_장비_칠러,반도체
2017-04-30,13834997,10.715049,반도체_장비_칠러,반도체
2017-05-31,14896920,10.671989,반도체_장비_칠러,반도체
2017-06-30,17985951,10.874587,반도체_장비_칠러,반도체
2017-07-31,15977125,12.51873,반도체_장비_칠러,반도체
2017-08-31,14767443,9.931639,반도체_장비_칠러,반도체
2017-09-30,19552730,10.953164,반도체_장비_칠러,반도체
2017-10-31,10366585,11.95497,반도체_장비_칠러,반도체
2017-11-30,16538851,12.630903,반도체_장비_칠러,반도체
2017-12-31,16546938,12.330854,반도체_장비_칠러,반도체
2018-01-31,16039004,12.922647,반도체_장비_칠러,반도체
2018-02-28,14237638,12.367576,반도체_장비_칠러,반도체
2018-03-31,15575991,12.716516,반도체_장비_칠러,반도체
2018-04-30,19668036,11.467668,반도체_장비_칠러,반도체
2018-05-31,22665161,13.342599,반도체_장비_칠러,반도체
2018-06-30,19726678,10.355258,반도체_장비_칠러,반도체
2018-07-31,23060929,11.400021,반도체_장비_칠러,반도체
2018-08-31,20634926,10.353658,반도체_장비_칠러,반도체
2018-09-30,16305120,9.100246,반도체_장비_칠러,반도체
2018-10-31,22465679,10.58519,반도체_장비_칠러,반도체
2018-11-30,17878402,10.206137,반도체_장비_칠러,반도체
2018-12-31,16781734,11.299144,반도체_장비_칠러,반도체
2019-01-31,14049978,12.568595,반도체_장비_칠러,반도체
2019-02-28,12028177,13.364856,반도체_장비_칠러,반도체
2019-03-31,17054053,11.211454,반도체_장비_칠러,반도체
2019-04-30,18738292,10.927438,반도체_장비_칠러,반도체
2019-05-31,14754165,11.037869,반도체_장비_칠러,반도체
2019-06-30,14653099,11.090839,반도체_장비_칠러,반도체
2019-07-31,16561830,11.675123,반도체_장비_칠러,반도체
2019-08-31,14503006,12.12938,반도체_장비_칠러,반도체
2019-09-30,13381186,10.908166,반도체_장비_칠러,반도체
2019-10-31,16533327,10.732153,반도체_장비_칠러,반도체
2019-11-30,15860158,12.777532,반도체_장비_칠러,반도체
2019-12-31,13976191,11.663422,반도체_장비_칠러,반도체
2020-01-31,12792507,11.719738,반도체_장비_칠러,반도체
2020-02-29,12856510,11.469092,반도체_장비_칠러,반도체
2020-03-31,13930297,12.662287,반도체_장비_칠러,반도체
2020-04-30,13190769,12.146598,반도체_장비_칠러,반도체
2020-05-31,9929765,12.425132,반도체_장비_칠러,반도체
2020-06-30,12947985,11.718963,반도체_장비_칠러,반도체
2020-07-31,13555587,13.266243,반도체_장비_칠러,반도체
2020-08-31,10718963,12.479603,반도체_장비_칠러,반도체
2020-09-30,15553194,12.528683,반도체_장비_칠러,반도체
2020-10-31,14529561,12.658141,반도체_장비_칠러,반도체
2020-11-30,16171609,11.321299,반도체_장비_칠러,반도체
2020-12-31,21365872,11.889297,반도체_장비_칠러,반도체
2021-01-31,15191944,12.338866,반도체_장비_칠러,반도체
2021-02-28,17499760,12.800249,반도체_장비_칠러,반도체
2021-03-31,17125220,12.222661,반도체_장비_칠러,반도체
2021-04-30,17946572,13.2531,반도체_장비_칠러,반도체
2021-05-31,17378276,12.786603,반도체_장비_칠러,반도체
2021-06-30,13665753,13.580598,반도체_장비_칠러,반도체
2021-07-31,17031926,13.665945,반도체_장비_칠러,반도체
2021-08-31,15143600,12.864704,반도체_장비_칠러,반도체
2021-09-30,15692590,12.622254,반도체_장비_칠러,반도체
2021-10-31,17885998,12.651617,반도체_장비_칠러,반도체
2021-11-30,17172610,13.256832,반도체_장비_칠러,반도체
2021-12-31,20577866,13.411824,반도체_장비_칠러,반도체
2022-01-31,17834100,13.546906,반도체_장비_칠러,반도체
2022-02-28,15865948,14.145625,반도체_장비_칠러,반도체
2022-03-31,20316843,14.237615,반도체_장비_칠러,반도체
2022-04-30,20375358,14.387456,반도체_장비_칠러,반도체
2022-05-31,20981391,14.34642,반도체_장비_칠러,반도체
2022-06-30,15050159,14.725021,반도체_장비_칠러,반도체
2022-07-31,18035977,14.695949,반도체_장비_칠러,반도체
2022-08-31,14014707,14.352636,반도체_장비_칠러,반도체
2022-09-30,13157105,14.39675,반도체_장비_칠러,반도체
2022-10-31,11624193,14.303083,반도체_장비_칠러,반도체
2022-11-30,15744851,17.747475,반도체_장비_칠러,반도체
2022-12-31,19489215,15.860635,반도체_장비_칠러,반도체
2023-01-31,11675960,13.820608,반도체_장비_칠러,반도체
2023-02-28,14372227,14.978928,반도체_장비_칠러,반도체
2023-03-31,18563528,14.296775,반도체_장비_칠러,반도체
2023-04-30,12951195,13.035297,반도체_장비_칠러,반도체
2023-05-31,14568437,14.623223,반도체_장비_칠러,반도체
2023-06-30,16313227,13.615451,반도체_장비_칠러,반도체
2023-07-31,15225606,14.207137,반도체_장비_칠러,반도체
2023-08-31,16048787,15.206595,반도체_장비_칠러,반도체
2023-09-30,15009304,15.207901,반도체_장비_칠러,반도체
2023-10-31,13299548,14.318232,반도체_장비_칠러,반도체
2023-11-30,17990030,13.054988,반도체_장비_칠러,반도체
2023-12-31,16997172,13.732093,반도체_장비_칠러,반도체
2024-01-31,14015542,14.298792,반도체_장비_칠러,반도체
2024-02-29,17878864,15.55895,반도체_장비_칠러,반도체
2024-03-31,18451194,15.751837,반도체_장비_칠러,반도체
2024-04-30,16273111,14.925447,반도체_장비_칠러,반도체
2024-05-31,15710577,17.59669,반도체_장비_칠러,반도체
2024-06-30,17894574,16.871013,반도체_장비_칠러,반도체
2024-07-31,19241412,16.588961,반도체_장비_칠러,반도체
2024-08-31,16561320,13.746916,반도체_장비_칠러,반도체
2024-09-30,15197751,14.998596,반도체_장비_칠러,반도체
2024-10-31,17614436,15.772168,반도체_장비_칠러,반도체
2024-11-30,22631419,17.205596,반도체_장비_칠러,반도체
2024-12-31,17799570,15.701006,반도체_장비_칠러,반도체
2025-01-31,13026745,14.239617,반도체_장비_칠러,반도체
2025-02-28,16391122,14.0042,반도체_장비_칠러,반도체
2025-03-31,18733293,15.178848,반도체_장비_칠러,반도체
2025-04-30,17892659,14.160924,반도체_장비_칠러,반도체
2025-05-31,14904294,15.025451,반도체_장비_칠러,반도체
2025-06-30,14808769,15.786181,반도체_장비_칠러,반도체
2025-07-31,20152651,15.033398,반도체_장비_칠러,반도체
2025-08-31,13458331,15.305713,반도체_장비_칠러,반도체
2025-09-30,17367676,13.351362,반도체_장비_칠러,반도체
2025-10-31,14753431,15.942244,반도체_장비_칠러,반도체
2025-11-30,18710150,15.351492,반도체_장비_칠러,반도체
2025-12-31,18178775,14.418785,반도체_장비_칠러,반도체
2026-01-31,13676504,14.431325,반도체_장비_칠러,반도체
2026-02-28,11877215,14.65543,반도체_장비_칠러,반도체
2026-03-31,13920088,14.561374,반도체_장비_칠러,반도체
2026-04-30,17380128,16.547544,반도체_장비_칠러,반도체
2026-05-31,12085217,15.346628,반도체_장비_칠러,반도체
2026-06-30,13552941,13.507035,반도체_장비_칠러,반도체
2026-07-31,14981150,14.28768,반도체_장비_칠러,반도체
2017-03-31,236889,50.708323,반도체_장비_핸들러,반도체
2017-04-30,261469,132.510136,반도체_장비_핸들러,반도체
2017-05-31,2866,111.953125,반도체_장비_핸들러,반도체
2017-07-31,141664,114.245161,반도체_장비_핸들러,반도체
2017-08-31,61358,240.714005,반도체_장비_핸들러,반도체
2017-10-31,355746,36.486769,반도체_장비_핸들러,반도체
2018-03-31,170568,83.082319,반도체_장비_핸들러,반도체
2018-08-31,5900,163.888889,반도체_장비_핸들러,반도체
2018-10-31,14150,345.121951,반도체_장비_핸들러,반도체
2018-11-30,294342,124.142556,반도체_장비_핸들러,반도체
2019-02-28,198607,138.233513,반도체_장비_핸들러,반도체
2019-03-31,108272,240.604444,반도체_장비_핸들러,반도체
2019-05-31,143956,261.738182,반도체_장비_핸들러,반도체
2019-07-31,6466,86.213333,반도체_장비_핸들러,반도체
2019-11-30,4090,818.0,반도체_장비_핸들러,반도체
2019-12-31,715,3575.0,반도체_장비_핸들러,반도체
2020-02-29,12033,185.123077,반도체_장비_핸들러,반도체
2020-04-30,719,35950.0,반도체_장비_핸들러,반도체
2020-05-31,71730,446.08209,반도체_장비_핸들러,반도체
2020-06-30,91200,471.561531,반도체_장비_핸들러,반도체
2020-08-31,1036315,91.024594,반도체_장비_핸들러,반도체
2020-10-31,505,73.188406,반도체_장비_핸들러,반도체
2020-11-30,5620,66.117647,반도체_장비_핸들러,반도체
2021-02-28,9350,66.785714,반도체_장비_핸들러,반도체
2021-03-31,3930,196.5,반도체_장비_핸들러,반도체
2021-04-30,5974,292.843137,반도체_장비_핸들러,반도체
2021-06-30,17464,416.801909,반도체_장비_핸들러,반도체
2021-07-31,3435,10.502018,반도체_장비_핸들러,반도체
2021-09-30,833516,137.249465,반도체_장비_핸들러,반도체
2021-10-31,10888,5.285437,반도체_장비_핸들러,반도체
2021-11-30,2237,573.589744,반도체_장비_핸들러,반도체
2021-12-31,2900,9.0625,반도체_장비_핸들러,반도체
2022-06-30,28000,280.0,반도체_장비_핸들러,반도체
2022-09-30,10738,168.070121,반도체_장비_핸들러,반도체
2022-11-30,1341,167.625,반도체_장비_핸들러,반도체
2022-12-31,171735,8.583531,반도체_장비_핸들러,반도체
2023-03-31,15064,63.96603,반도체_장비_핸들러,반도체
2023-04-30,200,200.0,반도체_장비_핸들러,반도체
2023-05-31,40920,47.581395,반도체_장비_핸들러,반도체
2023-06-30,4497,145.064516,반도체_장비_핸들러,반도체
2023-08-31,651,217.0,반도체_장비_핸들러,반도체
2023-09-30,15316,24.21502,반도체_장비_핸들러,반도체
2023-10-31,621217,58.747258,반도체_장비_핸들러,반도체
2023-11-30,1550493,58.690779,반도체_장비_핸들러,반도체
2023-12-31,976160,61.190512,반도체_장비_핸들러,반도체
2024-01-31,286936,60.637363,반도체_장비_핸들러,반도체
2024-02-29,79635,61.456243,반도체_장비_핸들러,반도체
2024-03-31,58435,223.957535,반도체_장비_핸들러,반도체
2024-04-30,10857,542.85,반도체_장비_핸들러,반도체
2024-05-31,7895,183.818393,반도체_장비_핸들러,반도체
2024-06-30,6244,65.657203,반도체_장비_핸들러,반도체
2024-07-31,35321,295.573222,반도체_장비_핸들러,반도체
2024-08-31,33081,256.044892,반도체_장비_핸들러,반도체
2024-09-30,297186,89.600217,반도체_장비_핸들러,반도체
2024-10-31,62641,53.365991,반도체_장비_핸들러,반도체
2024-11-30,930,332.142857,반도체_장비_핸들러,반도체
2024-12-31,891,28.107256,반도체_장비_핸들러,반도체
2025-01-31,624,111.428571,반도체_장비_핸들러,반도체
2025-02-28,73521,81.499834,반도체_장비_핸들러,반도체
2025-03-31,3711,863.023256,반도체_장비_핸들러,반도체
2025-05-31,1181,138.941176,반도체_장비_핸들러,반도체
2025-06-30,1226,172.676056,반도체_장비_핸들러,반도체
2025-08-31,253,253.0,반도체_장비_핸들러,반도체
2025-10-31,125409,58.819474,반도체_장비_핸들러,반도체
2025-12-31,24677,878.185053,반도체_장비_핸들러,반도체
2026-01-31,34168,372.200436,반도체_장비_핸들러,반도체
2026-02-28,24520,1433.918129,반도체_장비_핸들러,반도체
2026-03-31,1996,767.692308,반도체_장비_핸들러,반도체
2026-04-30,89443,120.559375,반도체_장비_핸들러,반도체
2026-05-31,135124,164.745184,반도체_장비_핸들러,반도체
2026-06-30,66093,27538.75,반도체_장비_핸들러,반도체
2026-07-31,8470,1694.0,반도체_장비_핸들러,반도체
2017-01-31,49990134,40.110862,반도체_테스트 핀/포고핀,반도체
2017-02-28,52185273,39.692638,반도체_테스트 핀/포고핀,반도체
2017-03-31,61939619,39.369063,반도체_테스트 핀/포고핀,반도체
2017-04-30,62676295,41.189837,반도체_테스트 핀/포고핀,반도체
2017-05-31,54741628,42.867409,반도체_테스트 핀/포고핀,반도체
2017-06-30,58958672,44.536793,반도체_테스트 핀/포고핀,반도체
2017-07-31,61094295,42.930426,반도체_테스트 핀/포고핀,반도체
2017-08-31,63796697,49.137109,반도체_테스트 핀/포고핀,반도체
2017-09-30,74267940,45.739493,반도체_테스트 핀/포고핀,반도체
2017-10-31,52795101,45.162445,반도체_테스트 핀/포고핀,반도체
2017-11-30,65168079,41.030753,반도체_테스트 핀/포고핀,반도체
2017-12-31,61406310,40.969756,반도체_테스트 핀/포고핀,반도체
2018-01-31,65423943,45.109196,반도체_테스트 핀/포고핀,반도체
2018-02-28,58225776,44.683005,반도체_테스트 핀/포고핀,반도체
2018-03-31,70482493,45.886251,반도체_테스트 핀/포고핀,반도체
2018-04-30,66601497,43.1211,반도체_테스트 핀/포고핀,반도체
2018-05-31,70899846,44.111393,반도체_테스트 핀/포고핀,반도체
2018-06-30,63250018,43.724731,반도체_테스트 핀/포고핀,반도체
2018-07-31,65043430,42.301785,반도체_테스트 핀/포고핀,반도체
2018-08-31,72924394,52.519595,반도체_테스트 핀/포고핀,반도체
2018-09-30,59895310,43.915498,반도체_테스트 핀/포고핀,반도체
2018-10-31,73521914,46.545406,반도체_테스트 핀/포고핀,반도체
2018-11-30,73152862,41.405882,반도체_테스트 핀/포고핀,반도체
2018-12-31,61525327,43.133711,반도체_테스트 핀/포고핀,반도체
2019-01-31,68866161,43.61335,반도체_테스트 핀/포고핀,반도체
2019-02-28,56615021,43.296701,반도체_테스트 핀/포고핀,반도체
2019-03-31,71465048,50.227692,반도체_테스트 핀/포고핀,반도체
2019-04-30,76988539,50.615913,반도체_테스트 핀/포고핀,반도체
2019-05-31,76891043,39.282482,반도체_테스트 핀/포고핀,반도체
2019-06-30,67884473,48.562677,반도체_테스트 핀/포고핀,반도체
2019-07-31,76811246,44.018366,반도체_테스트 핀/포고핀,반도체
2019-08-31,68838118,47.34309,반도체_테스트 핀/포고핀,반도체
2019-09-30,64144978,43.266621,반도체_테스트 핀/포고핀,반도체
2019-10-31,76959576,42.387399,반도체_테스트 핀/포고핀,반도체
2019-11-30,71244178,43.481128,반도체_테스트 핀/포고핀,반도체
2019-12-31,77980318,46.690906,반도체_테스트 핀/포고핀,반도체
2020-01-31,74997617,56.567638,반도체_테스트 핀/포고핀,반도체
2020-02-29,71044003,40.85074,반도체_테스트 핀/포고핀,반도체
2020-03-31,76091476,45.439868,반도체_테스트 핀/포고핀,반도체
2020-04-30,65293892,44.182605,반도체_테스트 핀/포고핀,반도체
2020-05-31,57295576,44.032395,반도체_테스트 핀/포고핀,반도체
2020-06-30,70540599,49.05294,반도체_테스트 핀/포고핀,반도체
2020-07-31,88447990,44.161638,반도체_테스트 핀/포고핀,반도체
2020-08-31,79709305,55.143566,반도체_테스트 핀/포고핀,반도체
2020-09-30,87576771,40.455319,반도체_테스트 핀/포고핀,반도체
2020-10-31,85449141,43.377805,반도체_테스트 핀/포고핀,반도체
2020-11-30,92236140,45.738327,반도체_테스트 핀/포고핀,반도체
2020-12-31,108886362,45.22461,반도체_테스트 핀/포고핀,반도체
2021-01-31,104659165,48.977136,반도체_테스트 핀/포고핀,반도체
2021-02-28,84744359,47.963661,반도체_테스트 핀/포고핀,반도체
2021-03-31,99046558,43.621758,반도체_테스트 핀/포고핀,반도체
2021-04-30,93531651,42.712276,반도체_테스트 핀/포고핀,반도체
2021-05-31,86874000,43.035436,반도체_테스트 핀/포고핀,반도체
2021-06-30,97984708,42.554816,반도체_테스트 핀/포고핀,반도체
2021-07-31,108277545,48.693155,반도체_테스트 핀/포고핀,반도체
2021-08-31,86794139,53.334705,반도체_테스트 핀/포고핀,반도체
2021-09-30,87365958,46.386261,반도체_테스트 핀/포고핀,반도체
2021-10-31,91275858,44.579777,반도체_테스트 핀/포고핀,반도체
2021-11-30,104360786,48.428743,반도체_테스트 핀/포고핀,반도체
2021-12-31,110579519,47.304027,반도체_테스트 핀/포고핀,반도체
2022-01-31,103002995,46.161231,반도체_테스트 핀/포고핀,반도체
2022-02-28,99145923,47.429152,반도체_테스트 핀/포고핀,반도체
2022-03-31,125635118,44.351081,반도체_테스트 핀/포고핀,반도체
2022-04-30,119260862,44.698844,반도체_테스트 핀/포고핀,반도체
2022-05-31,102656361,40.221925,반도체_테스트 핀/포고핀,반도체
2022-06-30,99427113,39.621437,반도체_테스트 핀/포고핀,반도체
2022-07-31,105533330,38.727153,반도체_테스트 핀/포고핀,반도체
2022-08-31,95424069,40.497614,반도체_테스트 핀/포고핀,반도체
2022-09-30,107500474,39.180693,반도체_테스트 핀/포고핀,반도체
2022-10-31,97496047,41.953396,반도체_테스트 핀/포고핀,반도체
2022-11-30,103968948,44.763208,반도체_테스트 핀/포고핀,반도체
2022-12-31,111745586,42.789177,반도체_테스트 핀/포고핀,반도체
2023-01-31,94130038,44.443819,반도체_테스트 핀/포고핀,반도체
2023-02-28,96806454,39.89609,반도체_테스트 핀/포고핀,반도체
2023-03-31,107950826,40.939124,반도체_테스트 핀/포고핀,반도체
2023-04-30,90955298,40.378441,반도체_테스트 핀/포고핀,반도체
2023-05-31,99209244,39.842816,반도체_테스트 핀/포고핀,반도체
2023-06-30,108213380,37.265691,반도체_테스트 핀/포고핀,반도체
2023-07-31,109330072,39.371546,반도체_테스트 핀/포고핀,반도체
2023-08-31,103027349,38.204467,반도체_테스트 핀/포고핀,반도체
2023-09-30,100952811,38.731725,반도체_테스트 핀/포고핀,반도체
2023-10-31,88392597,37.882312,반도체_테스트 핀/포고핀,반도체
2023-11-30,89437236,38.869386,반도체_테스트 핀/포고핀,반도체
2023-12-31,79333240,37.714968,반도체_테스트 핀/포고핀,반도체
2024-01-31,97039863,35.546675,반도체_테스트 핀/포고핀,반도체
2024-02-29,94110624,37.639342,반도체_테스트 핀/포고핀,반도체
2024-03-31,97747914,36.530098,반도체_테스트 핀/포고핀,반도체
2024-04-30,100836382,35.89811,반도체_테스트 핀/포고핀,반도체
2024-05-31,109402598,38.130332,반도체_테스트 핀/포고핀,반도체
2024-06-30,105614221,40.336468,반도체_테스트 핀/포고핀,반도체
2024-07-31,109882069,39.622818,반도체_테스트 핀/포고핀,반도체
2024-08-31,103471652,41.826661,반도체_테스트 핀/포고핀,반도체
2024-09-30,102681504,40.427182,반도체_테스트 핀/포고핀,반도체
2024-10-31,110815887,39.691546,반도체_테스트 핀/포고핀,반도체
2024-11-30,104482003,39.671111,반도체_테스트 핀/포고핀,반도체
2024-12-31,108629171,41.401075,반도체_테스트 핀/포고핀,반도체
2025-01-31,91362367,42.868153,반도체_테스트 핀/포고핀,반도체
2025-02-28,103095141,40.710368,반도체_테스트 핀/포고핀,반도체
2025-03-31,109142917,40.495493,반도체_테스트 핀/포고핀,반도체
2025-04-30,118854497,38.529916,반도체_테스트 핀/포고핀,반도체
2025-05-31,111121696,41.062164,반도체_테스트 핀/포고핀,반도체
2025-06-30,121625208,41.351148,반도체_테스트 핀/포고핀,반도체
2025-07-31,129934362,38.835126,반도체_테스트 핀/포고핀,반도체
2025-08-31,122168883,41.526852,반도체_테스트 핀/포고핀,반도체
2025-09-30,140093070,35.416512,반도체_테스트 핀/포고핀,반도체
2025-10-31,102274325,40.104717,반도체_테스트 핀/포고핀,반도체
2025-11-30,121539371,42.804054,반도체_테스트 핀/포고핀,반도체
2025-12-31,128732121,39.249559,반도체_테스트 핀/포고핀,반도체
2026-01-31,138460904,42.491049,반도체_테스트 핀/포고핀,반도체
2026-02-28,106282414,39.739563,반도체_테스트 핀/포고핀,반도체
2026-03-31,140941333,37.568558,반도체_테스트 핀/포고핀,반도체
2026-04-30,147981614,40.810707,반도체_테스트 핀/포고핀,반도체
2026-05-31,131695318,38.852012,반도체_테스트 핀/포고핀,반도체
2026-06-30,146507372,38.421387,반도체_테스트 핀/포고핀,반도체
2026-07-31,172391575,35.08755,반도체_테스트 핀/포고핀,반도체
2026-08-31,133410643,40.668486,반도체_테스트 핀/포고핀,반도체
2017-01-31,67215864,110.481829,반도체_테스트소켓,반도체
2017-02-28,70478211,111.337676,반도체_테스트소켓,반도체
2017-03-31,85834429,124.873718,반도체_테스트소켓,반도체
2017-04-30,82442796,126.493265,반도체_테스트소켓,반도체
2017-05-31,80577258,117.274755,반도체_테스트소켓,반도체
2017-06-30,80096704,114.239601,반도체_테스트소켓,반도체
2017-07-31,79952104,111.215396,반도체_테스트소켓,반도체
2017-08-31,88814107,114.880291,반도체_테스트소켓,반도체
2017-09-30,93760381,114.831898,반도체_테스트소켓,반도체
2017-10-31,72985025,121.998572,반도체_테스트소켓,반도체
2017-11-30,80630112,96.008921,반도체_테스트소켓,반도체
2017-12-31,73046070,100.939857,반도체_테스트소켓,반도체
2018-01-31,87781634,101.09542,반도체_테스트소켓,반도체
2018-02-28,68980021,107.602887,반도체_테스트소켓,반도체
2018-03-31,74646385,109.014187,반도체_테스트소켓,반도체
2018-04-30,71417045,105.960133,반도체_테스트소켓,반도체
2018-05-31,73632571,105.912287,반도체_테스트소켓,반도체
2018-06-30,73759513,107.537445,반도체_테스트소켓,반도체
2018-07-31,79793816,97.996627,반도체_테스트소켓,반도체
2018-08-31,81964196,103.378382,반도체_테스트소켓,반도체
2018-09-30,71581901,105.751361,반도체_테스트소켓,반도체
2018-10-31,80510740,104.013081,반도체_테스트소켓,반도체
2018-11-30,72166220,101.46776,반도체_테스트소켓,반도체
2018-12-31,62216847,99.77862,반도체_테스트소켓,반도체
2019-01-31,81351059,106.707169,반도체_테스트소켓,반도체
2019-02-28,61424346,109.436298,반도체_테스트소켓,반도체
2019-03-31,75838124,118.868212,반도체_테스트소켓,반도체
2019-04-30,75891847,118.316649,반도체_테스트소켓,반도체
2019-05-31,73009459,116.964848,반도체_테스트소켓,반도체
2019-06-30,71039552,115.215825,반도체_테스트소켓,반도체
2019-07-31,86919723,117.815969,반도체_테스트소켓,반도체
2019-08-31,87396506,119.002406,반도체_테스트소켓,반도체
2019-09-30,79919732,118.358227,반도체_테스트소켓,반도체
2019-10-31,85424119,121.842262,반도체_테스트소켓,반도체
2019-11-30,71948407,114.091386,반도체_테스트소켓,반도체
2019-12-31,72551278,120.68891,반도체_테스트소켓,반도체
2020-01-31,80772259,127.051464,반도체_테스트소켓,반도체
2020-02-29,72470547,121.857521,반도체_테스트소켓,반도체
2020-03-31,75619071,114.401257,반도체_테스트소켓,반도체
2020-04-30,62290359,125.32848,반도체_테스트소켓,반도체
2020-05-31,62373783,130.418033,반도체_테스트소켓,반도체
2020-06-30,73598931,112.602802,반도체_테스트소켓,반도체
2020-07-31,94330007,114.426997,반도체_테스트소켓,반도체
2020-08-31,89157173,124.622045,반도체_테스트소켓,반도체
2020-09-30,95835502,122.332577,반도체_테스트소켓,반도체
2020-10-31,84789918,125.120458,반도체_테스트소켓,반도체
2020-11-30,78802128,120.005883,반도체_테스트소켓,반도체
2020-12-31,82403587,113.973877,반도체_테스트소켓,반도체
2021-01-31,94104037,132.706674,반도체_테스트소켓,반도체
2021-02-28,75830438,116.728588,반도체_테스트소켓,반도체
2021-03-31,87804369,124.751254,반도체_테스트소켓,반도체
2021-04-30,89001510,122.081263,반도체_테스트소켓,반도체
2021-05-31,80996863,122.361024,반도체_테스트소켓,반도체
2021-06-30,88537048,127.701088,반도체_테스트소켓,반도체
2021-07-31,93527784,124.152945,반도체_테스트소켓,반도체
2021-08-31,100910185,153.549275,반도체_테스트소켓,반도체
2021-09-30,89059649,141.727946,반도체_테스트소켓,반도체
2021-10-31,84588583,133.138261,반도체_테스트소켓,반도체
2021-11-30,87112525,133.141531,반도체_테스트소켓,반도체
2021-12-31,84367814,123.82831,반도체_테스트소켓,반도체
2022-01-31,92277990,127.4388,반도체_테스트소켓,반도체
2022-02-28,74513709,117.884944,반도체_테스트소켓,반도체
2022-03-31,88088084,114.963879,반도체_테스트소켓,반도체
2022-04-30,88546077,124.455589,반도체_테스트소켓,반도체
2022-05-31,84366496,130.643039,반도체_테스트소켓,반도체
2022-06-30,81296136,137.772435,반도체_테스트소켓,반도체
2022-07-31,76721953,139.539854,반도체_테스트소켓,반도체
2022-08-31,76642726,141.666153,반도체_테스트소켓,반도체
2022-09-30,77325514,131.994734,반도체_테스트소켓,반도체
2022-10-31,65556919,125.398935,반도체_테스트소켓,반도체
2022-11-30,63567887,118.649435,반도체_테스트소켓,반도체
2022-12-31,58021391,111.185537,반도체_테스트소켓,반도체
2023-01-31,63334975,118.628381,반도체_테스트소켓,반도체
2023-02-28,55436056,91.895724,반도체_테스트소켓,반도체
2023-03-31,61578700,97.684633,반도체_테스트소켓,반도체
2023-04-30,57503795,108.406524,반도체_테스트소켓,반도체
2023-05-31,64633801,112.786647,반도체_테스트소켓,반도체
2023-06-30,79944788,139.936572,반도체_테스트소켓,반도체
2023-07-31,74382471,138.740008,반도체_테스트소켓,반도체
2023-08-31,82791596,151.234087,반도체_테스트소켓,반도체
2023-09-30,78285742,143.856611,반도체_테스트소켓,반도체
2023-10-31,67856013,138.30271,반도체_테스트소켓,반도체
2023-11-30,78399792,142.140307,반도체_테스트소켓,반도체
2023-12-31,64241429,122.128128,반도체_테스트소켓,반도체
2024-01-31,85087477,122.62384,반도체_테스트소켓,반도체
2024-02-29,68285083,120.969105,반도체_테스트소켓,반도체
2024-03-31,75051268,126.904895,반도체_테스트소켓,반도체
2024-04-30,84621803,138.094333,반도체_테스트소켓,반도체
2024-05-31,80261724,128.113655,반도체_테스트소켓,반도체
2024-06-30,78009958,137.393078,반도체_테스트소켓,반도체
2024-07-31,91598761,128.081474,반도체_테스트소켓,반도체
2024-08-31,83838523,148.656724,반도체_테스트소켓,반도체
2024-09-30,80725116,159.269564,반도체_테스트소켓,반도체
2024-10-31,87290472,148.635971,반도체_테스트소켓,반도체
2024-11-30,84399434,137.054666,반도체_테스트소켓,반도체
2024-12-31,82899513,138.331438,반도체_테스트소켓,반도체
2025-01-31,84398791,146.039092,반도체_테스트소켓,반도체
2025-02-28,85766602,140.768608,반도체_테스트소켓,반도체
2025-03-31,78278728,135.820666,반도체_테스트소켓,반도체
2025-04-30,88062723,140.837217,반도체_테스트소켓,반도체
2025-05-31,96545176,178.417487,반도체_테스트소켓,반도체
2025-06-30,88427212,169.371354,반도체_테스트소켓,반도체
2025-07-31,104480651,173.175534,반도체_테스트소켓,반도체
2025-08-31,80492223,155.746558,반도체_테스트소켓,반도체
2025-09-30,96050892,161.589498,반도체_테스트소켓,반도체
2025-10-31,77763839,173.39418,반도체_테스트소켓,반도체
2025-11-30,82876717,159.943231,반도체_테스트소켓,반도체
2025-12-31,82508256,152.709184,반도체_테스트소켓,반도체
2026-01-31,97362408,176.428065,반도체_테스트소켓,반도체
2026-02-28,72281664,163.327993,반도체_테스트소켓,반도체
2026-03-31,77481724,147.370005,반도체_테스트소켓,반도체
2026-04-30,98549510,174.725773,반도체_테스트소켓,반도체
2026-05-31,90417061,183.147012,반도체_테스트소켓,반도체
2026-06-30,100499912,176.474617,반도체_테스트소켓,반도체
2026-07-31,109593415,177.599755,반도체_테스트소켓,반도체
2017-01-31,15270807,1621.783102,반도체_프로브카드,반도체
2017-02-28,16947069,891.235666,반도체_프로브카드,반도체
2017-03-31,23574117,903.285169,반도체_프로브카드,반도체
2017-04-30,30745785,1363.575826,반도체_프로브카드,반도체
2017-05-31,25394527,1397.653582,반도체_프로브카드,반도체
2017-06-30,20512812,1137.232065,반도체_프로브카드,반도체
2017-07-31,20121156,1067.369081,반도체_프로브카드,반도체
2017-08-31,17362072,1083.841084,반도체_프로브카드,반도체
2017-09-30,24502159,1049.347042,반도체_프로브카드,반도체
2017-10-31,19585918,985.937173,반도체_프로브카드,반도체
2017-11-30,19710139,623.921211,반도체_프로브카드,반도체
2017-12-31,22413329,793.60062,반도체_프로브카드,반도체
2018-01-31,31511447,1363.714525,반도체_프로브카드,반도체
2018-02-28,31989893,1315.703357,반도체_프로브카드,반도체
2018-03-31,34724647,963.634519,반도체_프로브카드,반도체
2018-04-30,26966657,815.620263,반도체_프로브카드,반도체
2018-05-31,30904452,831.702964,반도체_프로브카드,반도체
2018-06-30,32347844,1076.482758,반도체_프로브카드,반도체
2018-07-31,25205009,696.674345,반도체_프로브카드,반도체
2018-08-31,34559126,1131.818091,반도체_프로브카드,반도체
2018-09-30,20098275,949.728808,반도체_프로브카드,반도체
2018-10-31,20939936,972.938203,반도체_프로브카드,반도체
2018-11-30,18565305,889.387882,반도체_프로브카드,반도체
2018-12-31,16036844,1444.849234,반도체_프로브카드,반도체
2019-01-31,23414278,1246.876216,반도체_프로브카드,반도체
2019-02-28,13113929,1166.776755,반도체_프로브카드,반도체
2019-03-31,23123117,1154.701503,반도체_프로브카드,반도체
2019-04-30,17695442,718.969472,반도체_프로브카드,반도체
2019-05-31,26051813,744.494071,반도체_프로브카드,반도체
2019-06-30,21298069,861.284579,반도체_프로브카드,반도체
2019-07-31,30081406,1151.390254,반도체_프로브카드,반도체
2019-08-31,21163868,935.325324,반도체_프로브카드,반도체
2019-09-30,29829779,856.62961,반도체_프로브카드,반도체
2019-10-31,24241893,902.246843,반도체_프로브카드,반도체
2019-11-30,22190456,1235.470354,반도체_프로브카드,반도체
2019-12-31,21392858,1623.513439,반도체_프로브카드,반도체
2020-01-31,25473797,1312.656045,반도체_프로브카드,반도체
2020-02-29,28174956,1073.506281,반도체_프로브카드,반도체
2020-03-31,28033698,1167.575017,반도체_프로브카드,반도체
2020-04-30,27279276,1553.056152,반도체_프로브카드,반도체
2020-05-31,32275155,679.399996,반도체_프로브카드,반도체
2020-06-30,26929185,1238.163297,반도체_프로브카드,반도체
2020-07-31,30155721,1242.124243,반도체_프로브카드,반도체
2020-08-31,25684740,1275.675939,반도체_프로브카드,반도체
2020-09-30,27148028,1260.95124,반도체_프로브카드,반도체
2020-10-31,23153918,975.821754,반도체_프로브카드,반도체
2020-11-30,26660071,718.83009,반도체_프로브카드,반도체
2020-12-31,32769890,1195.420761,반도체_프로브카드,반도체
2021-01-31,28489055,1269.453155,반도체_프로브카드,반도체
2021-02-28,24879152,1065.919698,반도체_프로브카드,반도체
2021-03-31,30268450,1423.81539,반도체_프로브카드,반도체
2021-04-30,32031397,1394.022242,반도체_프로브카드,반도체
2021-05-31,32023695,1242.848527,반도체_프로브카드,반도체
2021-06-30,32039595,1121.300606,반도체_프로브카드,반도체
2021-07-31,33476313,1470.393993,반도체_프로브카드,반도체
2021-08-31,26568501,1277.422058,반도체_프로브카드,반도체
2021-09-30,22983442,1254.217178,반도체_프로브카드,반도체
2021-10-31,27230148,1072.42293,반도체_프로브카드,반도체
2021-11-30,36444291,1151.471476,반도체_프로브카드,반도체
2021-12-31,31950376,966.962825,반도체_프로브카드,반도체
2022-01-31,28615976,1251.294367,반도체_프로브카드,반도체
2022-02-28,29965874,1212.213693,반도체_프로브카드,반도체
2022-03-31,30914105,1885.83433,반도체_프로브카드,반도체
2022-04-30,31988141,1594.066926,반도체_프로브카드,반도체
2022-05-31,34651560,1370.815098,반도체_프로브카드,반도체
2022-06-30,41120182,1214.791139,반도체_프로브카드,반도체
2022-07-31,42331111,930.539173,반도체_프로브카드,반도체
2022-08-31,34532971,944.62767,반도체_프로브카드,반도체
2022-09-30,28896592,889.69093,반도체_프로브카드,반도체
2022-10-31,24352304,859.009915,반도체_프로브카드,반도체
2022-11-30,39952827,948.205917,반도체_프로브카드,반도체
2022-12-31,29636541,1045.864647,반도체_프로브카드,반도체
2023-01-31,25905327,1053.517313,반도체_프로브카드,반도체
2023-02-28,26968946,1167.000337,반도체_프로브카드,반도체
2023-03-31,29626150,965.421178,반도체_프로브카드,반도체
2023-04-30,40346331,1019.863773,반도체_프로브카드,반도체
2023-05-31,39085558,1142.541548,반도체_프로브카드,반도체
2023-06-30,29008546,1013.831437,반도체_프로브카드,반도체
2023-07-31,38884880,1241.504203,반도체_프로브카드,반도체
2023-08-31,25357294,1075.402587,반도체_프로브카드,반도체
2023-09-30,26585571,1004.754046,반도체_프로브카드,반도체
2023-10-31,22430685,982.006366,반도체_프로브카드,반도체
2023-11-30,32969817,1028.770056,반도체_프로브카드,반도체
2023-12-31,22502392,1259.109641,반도체_프로브카드,반도체
2024-01-31,27870718,895.574523,반도체_프로브카드,반도체
2024-02-29,26825606,1153.895217,반도체_프로브카드,반도체
2024-03-31,24161229,1139.10515,반도체_프로브카드,반도체
2024-04-30,30316995,1214.822261,반도체_프로브카드,반도체
2024-05-31,26045911,685.802218,반도체_프로브카드,반도체
2024-06-30,38715409,1087.544787,반도체_프로브카드,반도체
2024-07-31,36621513,903.338019,반도체_프로브카드,반도체
2024-08-31,36217425,595.045964,반도체_프로브카드,반도체
2024-09-30,41075785,924.734781,반도체_프로브카드,반도체
2024-10-31,40145086,1076.034305,반도체_프로브카드,반도체
2024-11-30,44056027,1061.435505,반도체_프로브카드,반도체
2024-12-31,42020963,997.179461,반도체_프로브카드,반도체
2025-01-31,33482418,1061.896954,반도체_프로브카드,반도체
2025-02-28,46073188,853.123927,반도체_프로브카드,반도체
2025-03-31,40901482,991.331424,반도체_프로브카드,반도체
2025-04-30,33372341,1127.353307,반도체_프로브카드,반도체
2025-05-31,41833117,1268.000661,반도체_프로브카드,반도체
2025-06-30,54097274,869.599116,반도체_프로브카드,반도체
2025-07-31,49907473,911.944779,반도체_프로브카드,반도체
2025-08-31,49149234,1022.787265,반도체_프로브카드,반도체
2025-09-30,51789514,1185.098194,반도체_프로브카드,반도체
2025-10-31,56177868,1770.543815,반도체_프로브카드,반도체
2025-11-30,53993139,1200.912609,반도체_프로브카드,반도체
2025-12-31,45285480,1225.965338,반도체_프로브카드,반도체
2026-01-31,57571998,1153.155394,반도체_프로브카드,반도체
2026-02-28,49638586,1296.922647,반도체_프로브카드,반도체
2026-03-31,74677448,1136.593913,반도체_프로브카드,반도체
2026-04-30,59656800,797.833991,반도체_프로브카드,반도체
2026-05-31,65293468,1188.649717,반도체_프로브카드,반도체
2026-06-30,82489114,796.457373,반도체_프로브카드,반도체
2026-07-31,94629737,1179.502758,반도체_프로브카드,반도체
2017-01-31,24214406,5.007629,알루미늄박,알루미늄박
2017-02-28,26296123,4.883969,알루미늄박,알루미늄박
2017-03-31,30179112,5.153968,알루미늄박,알루미늄박
2017-04-30,28115022,5.110797,알루미늄박,알루미늄박
2017-05-31,29523372,5.061624,알루미늄박,알루미늄박
2017-06-30,31703702,5.375052,알루미늄박,알루미늄박
2017-07-31,28563226,5.265353,알루미늄박,알루미늄박
2017-08-31,29596377,5.069173,알루미늄박,알루미늄박
2017-09-30,31670214,5.318906,알루미늄박,알루미늄박
2017-10-31,28034974,5.42199,알루미늄박,알루미늄박
2017-11-30,32456218,5.482264,알루미늄박,알루미늄박
2017-12-31,32703878,5.444001,알루미늄박,알루미늄박
2018-01-31,35412924,5.233928,알루미늄박,알루미늄박
2018-02-28,31732849,5.335759,알루미늄박,알루미늄박
2018-03-31,38639680,5.580262,알루미늄박,알루미늄박
2018-04-30,35654288,5.43456,알루미늄박,알루미늄박
2018-05-31,37268527,5.706358,알루미늄박,알루미늄박
2018-06-30,36917663,5.859577,알루미늄박,알루미늄박
2018-07-31,35139722,5.778661,알루미늄박,알루미늄박
2018-08-31,33748333,5.941875,알루미늄박,알루미늄박
2018-09-30,28510485,5.583682,알루미늄박,알루미늄박
2018-10-31,36750420,5.814846,알루미늄박,알루미늄박
2018-11-30,33806268,5.887313,알루미늄박,알루미늄박
2018-12-31,30775150,5.563003,알루미늄박,알루미늄박
2019-01-31,37295601,5.630079,알루미늄박,알루미늄박
2019-02-28,28601184,5.407622,알루미늄박,알루미늄박
2019-03-31,33167049,5.241921,알루미늄박,알루미늄박
2019-04-30,33788146,5.181517,알루미늄박,알루미늄박
2019-05-31,32320565,5.231576,알루미늄박,알루미늄박
2019-06-30,29674211,5.127833,알루미늄박,알루미늄박
2019-07-31,29922905,5.287043,알루미늄박,알루미늄박
2019-08-31,28360888,5.25344,알루미늄박,알루미늄박
2019-09-30,27456356,5.024768,알루미늄박,알루미늄박
2019-10-31,29853124,5.039494,알루미늄박,알루미늄박
2019-11-30,28045998,5.305008,알루미늄박,알루미늄박
2019-12-31,26590637,4.895318,알루미늄박,알루미늄박
2020-01-31,28078050,5.008033,알루미늄박,알루미늄박
2020-02-29,28026002,4.953188,알루미늄박,알루미늄박
2020-03-31,33278081,4.906076,알루미늄박,알루미늄박
2020-04-30,32454313,4.928483,알루미늄박,알루미늄박
2020-05-31,30888064,4.888493,알루미늄박,알루미늄박
2020-06-30,29717268,4.602992,알루미늄박,알루미늄박
2020-07-31,31228689,4.653479,알루미늄박,알루미늄박
2020-08-31,29509875,4.762298,알루미늄박,알루미늄박
2020-09-30,34480060,4.806917,알루미늄박,알루미늄박
2020-10-31,34516544,5.067284,알루미늄박,알루미늄박
2020-11-30,37558350,5.134244,알루미늄박,알루미늄박
2020-12-31,41396777,5.303375,알루미늄박,알루미늄박
2021-01-31,36051105,5.564521,알루미늄박,알루미늄박
2021-02-28,34375535,5.21446,알루미늄박,알루미늄박
2021-03-31,42501418,5.564857,알루미늄박,알루미늄박
2021-04-30,42273623,5.64099,알루미늄박,알루미늄박
2021-05-31,44342012,6.350147,알루미늄박,알루미늄박
2021-06-30,43385526,5.586756,알루미늄박,알루미늄박
2021-07-31,42300522,5.937897,알루미늄박,알루미늄박
2021-08-31,41726569,5.808875,알루미늄박,알루미늄박
2021-09-30,41784763,6.052407,알루미늄박,알루미늄박
2021-10-31,45744951,6.089385,알루미늄박,알루미늄박
2021-11-30,48617215,6.370269,알루미늄박,알루미늄박
2021-12-31,49993978,6.434245,알루미늄박,알루미늄박
2022-01-31,53933051,6.275813,알루미늄박,알루미늄박
2022-02-28,44126884,6.585638,알루미늄박,알루미늄박
2022-03-31,59512430,6.663814,알루미늄박,알루미늄박
2022-04-30,57050357,6.975441,알루미늄박,알루미늄박
2022-05-31,60373467,6.985248,알루미늄박,알루미늄박
2022-06-30,52903960,6.868749,알루미늄박,알루미늄박
2022-07-31,49589153,6.695716,알루미늄박,알루미늄박
2022-08-31,51004106,6.678325,알루미늄박,알루미늄박
2022-09-30,50778939,6.491626,알루미늄박,알루미늄박
2022-10-31,48852358,6.552461,알루미늄박,알루미늄박
2022-11-30,43695927,6.501326,알루미늄박,알루미늄박
2022-12-31,45803848,6.503943,알루미늄박,알루미늄박
2023-01-31,42651370,6.384383,알루미늄박,알루미늄박
2023-02-28,40852745,6.474386,알루미늄박,알루미늄박
2023-03-31,40519964,6.626217,알루미늄박,알루미늄박
2023-04-30,38298824,7.042887,알루미늄박,알루미늄박
2023-05-31,38224038,6.584945,알루미늄박,알루미늄박
2023-06-30,37089791,6.643412,알루미늄박,알루미늄박
2023-07-31,32299137,6.616385,알루미늄박,알루미늄박
2023-08-31,35983207,6.264481,알루미늄박,알루미늄박
2023-09-30,34099389,6.235082,알루미늄박,알루미늄박
2023-10-31,34738254,6.308042,알루미늄박,알루미늄박
2023-11-30,35770846,6.239099,알루미늄박,알루미늄박
2023-12-31,32663660,6.247557,알루미늄박,알루미늄박
2024-01-31,36022941,6.080644,알루미늄박,알루미늄박
2024-02-29,34841304,6.217687,알루미늄박,알루미늄박
2024-03-31,38141692,6.158888,알루미늄박,알루미늄박
2024-04-30,38141597,6.224144,알루미늄박,알루미늄박
2024-05-31,39378935,6.249168,알루미늄박,알루미늄박
2024-06-30,37227414,6.069178,알루미늄박,알루미늄박
2024-07-31,38467611,6.403921,알루미늄박,알루미늄박
2024-08-31,36754376,6.533612,알루미늄박,알루미늄박
2024-09-30,35610845,6.277255,알루미늄박,알루미늄박
2024-10-31,38245212,6.179243,알루미늄박,알루미늄박
2024-11-30,34524512,6.470966,알루미늄박,알루미늄박
2024-12-31,38130924,6.31816,알루미늄박,알루미늄박
2025-01-31,36387057,5.990578,알루미늄박,알루미늄박
2025-02-28,37407873,6.163014,알루미늄박,알루미늄박
2025-03-31,38714957,6.201096,알루미늄박,알루미늄박
2025-04-30,39821719,6.244983,알루미늄박,알루미늄박
2025-05-31,40671564,6.426045,알루미늄박,알루미늄박
2025-06-30,39561634,6.241704,알루미늄박,알루미늄박
2025-07-31,45616427,6.169823,알루미늄박,알루미늄박
2025-08-31,41510613,6.38565,알루미늄박,알루미늄박
2025-09-30,45650217,6.230541,알루미늄박,알루미늄박
2025-10-31,33239922,6.586,알루미늄박,알루미늄박
2025-11-30,35078247,6.534211,알루미늄박,알루미늄박
2025-12-31,38555495,6.529182,알루미늄박,알루미늄박
2026-01-31,41892409,6.796248,알루미늄박,알루미늄박
2026-02-28,38743827,6.544343,알루미늄박,알루미늄박
2026-03-31,45979299,6.802239,알루미늄박,알루미늄박
2026-04-30,56273384,6.968425,알루미늄박,알루미늄박
2026-05-31,55512447,6.961337,알루미늄박,알루미늄박
2026-06-30,62663033,7.265296,알루미늄박,알루미늄박
2026-07-31,68526926,7.523884,알루미늄박,알루미늄박
2026-08-31,57714080,7.522446,알루미늄박,알루미늄박
2022-01-31,33373029,98.083925,에스테틱_미용기기,에스테틱
2022-02-28,36280346,79.655943,에스테틱_미용기기,에스테틱
2022-03-31,39837620,90.552764,에스테틱_미용기기,에스테틱
2022-04-30,39325930,76.05212,에스테틱_미용기기,에스테틱
2022-05-31,39152647,93.508403,에스테틱_미용기기,에스테틱
2022-06-30,45582546,86.795775,에스테틱_미용기기,에스테틱
2022-07-31,42568087,64.565083,에스테틱_미용기기,에스테틱
2022-08-31,39695612,73.271062,에스테틱_미용기기,에스테틱
2022-09-30,44041923,67.707319,에스테틱_미용기기,에스테틱
2022-10-31,40872404,63.913921,에스테틱_미용기기,에스테틱
2022-11-30,41235792,88.96983,에스테틱_미용기기,에스테틱
2022-12-31,47260785,79.84493,에스테틱_미용기기,에스테틱
2023-01-31,33031703,103.709702,에스테틱_미용기기,에스테틱
2023-02-28,38069194,82.172676,에스테틱_미용기기,에스테틱
2023-03-31,47292467,77.297289,에스테틱_미용기기,에스테틱
2023-04-30,43875031,91.971398,에스테틱_미용기기,에스테틱
2023-05-31,43106520,93.751389,에스테틱_미용기기,에스테틱
2023-06-30,48635496,85.019652,에스테틱_미용기기,에스테틱
2023-07-31,47126803,69.894612,에스테틱_미용기기,에스테틱
2023-08-31,47291609,84.543858,에스테틱_미용기기,에스테틱
2023-09-30,43749396,78.408186,에스테틱_미용기기,에스테틱
2023-10-31,43503664,79.100751,에스테틱_미용기기,에스테틱
2023-11-30,49955243,78.43832,에스테틱_미용기기,에스테틱
2023-12-31,49598246,69.836776,에스테틱_미용기기,에스테틱
2024-01-31,42217311,97.969128,에스테틱_미용기기,에스테틱
2024-02-29,39745016,79.906352,에스테틱_미용기기,에스테틱
2024-03-31,47306012,110.922941,에스테틱_미용기기,에스테틱
2024-04-30,43801025,106.552637,에스테틱_미용기기,에스테틱
2024-05-31,43983808,98.96022,에스테틱_미용기기,에스테틱
2024-06-30,50724862,76.1087,에스테틱_미용기기,에스테틱
2024-07-31,43378634,86.009912,에스테틱_미용기기,에스테틱
2024-08-31,47861229,107.70489,에스테틱_미용기기,에스테틱
2024-09-30,40230488,88.013154,에스테틱_미용기기,에스테틱
2024-10-31,47830925,71.291322,에스테틱_미용기기,에스테틱
2024-11-30,55496075,80.10189,에스테틱_미용기기,에스테틱
2024-12-31,63186140,84.287004,에스테틱_미용기기,에스테틱
2025-01-31,37193089,75.955116,에스테틱_미용기기,에스테틱
2025-02-28,47706395,90.357955,에스테틱_미용기기,에스테틱
2025-03-31,52275183,142.595218,에스테틱_미용기기,에스테틱
2025-04-30,52299552,127.821143,에스테틱_미용기기,에스테틱
2025-05-31,46604585,107.556718,에스테틱_미용기기,에스테틱
2025-06-30,62601488,105.151586,에스테틱_미용기기,에스테틱
2025-07-31,47478545,75.09328,에스테틱_미용기기,에스테틱
2025-08-31,44953328,90.411183,에스테틱_미용기기,에스테틱
2025-09-30,72908341,102.017418,에스테틱_미용기기,에스테틱
2025-10-31,49913764,99.624734,에스테틱_미용기기,에스테틱
2025-11-30,68029031,88.179003,에스테틱_미용기기,에스테틱
2025-12-31,77092521,91.03955,에스테틱_미용기기,에스테틱
2026-01-31,48643230,92.733048,에스테틱_미용기기,에스테틱
2026-02-28,48254092,109.72693,에스테틱_미용기기,에스테틱
2026-03-31,68747685,135.880393,에스테틱_미용기기,에스테틱
2026-04-30,50726559,138.651468,에스테틱_미용기기,에스테틱
2026-05-31,55790256,145.44411,에스테틱_미용기기,에스테틱
2026-06-30,70248271,123.679941,에스테틱_미용기기,에스테틱
2026-07-31,50422382,102.922647,에스테틱_미용기기,에스테틱
2022-01-31,11835893,780.871832,에스테틱_보톡스,에스테틱
2022-02-28,7630359,732.4404,에스테틱_보톡스,에스테틱
2022-03-31,12212432,850.230025,에스테틱_보톡스,에스테틱
2022-04-30,13259459,461.956504,에스테틱_보톡스,에스테틱
2022-05-31,11146162,679.022139,에스테틱_보톡스,에스테틱
2022-06-30,22872155,940.187395,에스테틱_보톡스,에스테틱
2022-07-31,23325991,1204.743518,에스테틱_보톡스,에스테틱
2022-08-31,16001573,869.575091,에스테틱_보톡스,에스테틱
2022-09-30,32146820,737.555474,에스테틱_보톡스,에스테틱
2022-10-31,19866110,453.998667,에스테틱_보톡스,에스테틱
2022-11-30,23216879,600.795708,에스테틱_보톡스,에스테틱
2022-12-31,30250843,715.824825,에스테틱_보톡스,에스테틱
2023-01-31,24595445,1076.540208,에스테틱_보톡스,에스테틱
2023-02-28,24577895,966.10425,에스테틱_보톡스,에스테틱
2023-03-31,21217527,882.027245,에스테틱_보톡스,에스테틱
2023-04-30,20542947,808.896228,에스테틱_보톡스,에스테틱
2023-05-31,22404313,876.462286,에스테틱_보톡스,에스테틱
2023-06-30,32732350,840.737309,에스테틱_보톡스,에스테틱
2023-07-31,24387455,912.572323,에스테틱_보톡스,에스테틱
2023-08-31,18713657,759.956572,에스테틱_보톡스,에스테틱
2023-09-30,30248267,868.939147,에스테틱_보톡스,에스테틱
2023-10-31,26443156,813.136429,에스테틱_보톡스,에스테틱
2023-11-30,25305908,864.545347,에스테틱_보톡스,에스테틱
2023-12-31,35839991,913.939959,에스테틱_보톡스,에스테틱
2024-01-31,19497611,786.496857,에스테틱_보톡스,에스테틱
2024-02-29,23050203,773.28033,에스테틱_보톡스,에스테틱
2024-03-31,32543370,814.054774,에스테틱_보톡스,에스테틱
2024-04-30,26062217,892.246809,에스테틱_보톡스,에스테틱
2024-05-31,37423087,821.668997,에스테틱_보톡스,에스테틱
2024-06-30,32976673,883.932201,에스테틱_보톡스,에스테틱
2024-07-31,28133931,930.402858,에스테틱_보톡스,에스테틱
2024-08-31,29640910,788.331719,에스테틱_보톡스,에스테틱
2024-09-30,34520879,925.107067,에스테틱_보톡스,에스테틱
2024-10-31,32970545,879.334592,에스테틱_보톡스,에스테틱
2024-11-30,35208708,867.659628,에스테틱_보톡스,에스테틱
2024-12-31,27670821,687.074883,에스테틱_보톡스,에스테틱
2025-01-31,26161960,876.837081,에스테틱_보톡스,에스테틱
2025-02-28,24849947,641.225908,에스테틱_보톡스,에스테틱
2025-03-31,28257468,879.666581,에스테틱_보톡스,에스테틱
2025-04-30,40123304,962.909764,에스테틱_보톡스,에스테틱
2025-05-31,33583645,853.200743,에스테틱_보톡스,에스테틱
2025-06-30,34945893,872.80485,에스테틱_보톡스,에스테틱
2025-07-31,36699662,794.207512,에스테틱_보톡스,에스테틱
2025-08-31,36517498,840.150584,에스테틱_보톡스,에스테틱
2025-09-30,41368409,645.061836,에스테틱_보톡스,에스테틱
2025-10-31,41662839,977.567206,에스테틱_보톡스,에스테틱
2025-11-30,31117110,603.143772,에스테틱_보톡스,에스테틱
2025-12-31,44849845,819.392259,에스테틱_보톡스,에스테틱
2026-01-31,34340964,614.643424,에스테틱_보톡스,에스테틱
2026-02-28,40009937,919.483098,에스테틱_보톡스,에스테틱
2026-03-31,43365142,879.084506,에스테틱_보톡스,에스테틱
2026-04-30,49570959,750.078782,에스테틱_보톡스,에스테틱
2026-05-31,48704556,1006.667276,에스테틱_보톡스,에스테틱
2026-06-30,60252167,877.181877,에스테틱_보톡스,에스테틱
2026-07-31,62729733,1018.139995,에스테틱_보톡스,에스테틱
2017-01-31,68365092,25.975701,에스테틱_필러,에스테틱
2017-02-28,98798896,27.473492,에스테틱_필러,에스테틱
2017-03-31,115187630,26.899994,에스테틱_필러,에스테틱
2017-04-30,83753869,27.241409,에스테틱_필러,에스테틱
2017-05-31,84951492,23.854473,에스테틱_필러,에스테틱
2017-06-30,106267930,24.039688,에스테틱_필러,에스테틱
2017-07-31,80415437,21.171706,에스테틱_필러,에스테틱
2017-08-31,103494194,21.844281,에스테틱_필러,에스테틱
2017-09-30,133370544,21.862639,에스테틱_필러,에스테틱
2017-10-31,104913268,23.581438,에스테틱_필러,에스테틱
2017-11-30,125347727,24.523435,에스테틱_필러,에스테틱
2017-12-31,120945479,25.670629,에스테틱_필러,에스테틱
2018-01-31,110148375,20.862583,에스테틱_필러,에스테틱
2018-02-28,88978576,24.858237,에스테틱_필러,에스테틱
2018-03-31,178046017,25.872146,에스테틱_필러,에스테틱
2018-04-30,168856273,22.127424,에스테틱_필러,에스테틱
2018-05-31,161628674,25.475265,에스테틱_필러,에스테틱
2018-06-30,154460265,22.824477,에스테틱_필러,에스테틱
2018-07-31,146805565,20.980328,에스테틱_필러,에스테틱
2018-08-31,127748416,19.742791,에스테틱_필러,에스테틱
2018-09-30,127517245,20.945441,에스테틱_필러,에스테틱
2018-10-31,134119100,21.602965,에스테틱_필러,에스테틱
2018-11-30,118292430,20.641,에스테틱_필러,에스테틱
2018-12-31,106286125,25.628552,에스테틱_필러,에스테틱
2019-01-31,95095817,21.704642,에스테틱_필러,에스테틱
2019-02-28,109364452,25.735625,에스테틱_필러,에스테틱
2019-03-31,141776723,23.565646,에스테틱_필러,에스테틱
2019-04-30,121935435,21.988712,에스테틱_필러,에스테틱
2019-05-31,129416528,21.558437,에스테틱_필러,에스테틱
2019-06-30,117879430,22.221781,에스테틱_필러,에스테틱
2019-07-31,111964713,19.143536,에스테틱_필러,에스테틱
2019-08-31,122528850,20.122597,에스테틱_필러,에스테틱
2019-09-30,144053529,21.839683,에스테틱_필러,에스테틱
2019-10-31,144049924,18.78698,에스테틱_필러,에스테틱
2019-11-30,136972668,20.846593,에스테틱_필러,에스테틱
2019-12-31,138971647,23.941548,에스테틱_필러,에스테틱
2020-01-31,100112309,20.465397,에스테틱_필러,에스테틱
2020-02-29,115384076,20.88797,에스테틱_필러,에스테틱
2020-03-31,155862079,21.243024,에스테틱_필러,에스테틱
2020-04-30,118536447,17.082605,에스테틱_필러,에스테틱
2020-05-31,136823010,15.320221,에스테틱_필러,에스테틱
2020-06-30,116153001,18.136455,에스테틱_필러,에스테틱
2020-07-31,119835793,21.923805,에스테틱_필러,에스테틱
2020-08-31,141933583,23.950943,에스테틱_필러,에스테틱
2020-09-30,190539864,23.357211,에스테틱_필러,에스테틱
2020-10-31,156162430,22.675719,에스테틱_필러,에스테틱
2020-11-30,154194301,24.437462,에스테틱_필러,에스테틱
2020-12-31,162245735,30.836698,에스테틱_필러,에스테틱
2021-01-31,146047575,24.630467,에스테틱_필러,에스테틱
2021-02-28,139454705,24.264632,에스테틱_필러,에스테틱
2021-03-31,201065575,26.39032,에스테틱_필러,에스테틱
2021-04-30,182251223,25.501034,에스테틱_필러,에스테틱
2021-05-31,172665654,24.820306,에스테틱_필러,에스테틱
2021-06-30,156836357,25.834493,에스테틱_필러,에스테틱
2021-07-31,129271781,22.897481,에스테틱_필러,에스테틱
2021-08-31,126548867,24.290401,에스테틱_필러,에스테틱
2021-09-30,173870175,27.839007,에스테틱_필러,에스테틱
2021-10-31,139603511,22.232423,에스테틱_필러,에스테틱
2021-11-30,144389047,26.277936,에스테틱_필러,에스테틱
2021-12-31,140210221,28.508644,에스테틱_필러,에스테틱
2022-01-31,119371461,27.630619,에스테틱_필러,에스테틱
2022-02-28,130238250,27.660863,에스테틱_필러,에스테틱
2022-03-31,158878287,29.166554,에스테틱_필러,에스테틱
2022-04-30,154135957,31.003132,에스테틱_필러,에스테틱
2022-05-31,189111116,31.033038,에스테틱_필러,에스테틱
2022-06-30,162736797,29.880911,에스테틱_필러,에스테틱
2022-07-31,145940668,26.342538,에스테틱_필러,에스테틱
2022-08-31,147396701,29.4329,에스테틱_필러,에스테틱
2022-09-30,166947101,26.766882,에스테틱_필러,에스테틱
2022-10-31,143855743,26.982728,에스테틱_필러,에스테틱
2022-11-30,163251957,31.606993,에스테틱_필러,에스테틱
2022-12-31,156526353,32.549957,에스테틱_필러,에스테틱
2023-01-31,121448916,34.118578,에스테틱_필러,에스테틱
2023-02-28,168534635,33.015869,에스테틱_필러,에스테틱
2023-03-31,195740479,30.119896,에스테틱_필러,에스테틱
2023-04-30,166159588,31.846136,에스테틱_필러,에스테틱
2023-05-31,168531333,34.113799,에스테틱_필러,에스테틱
2023-06-30,189160345,36.593891,에스테틱_필러,에스테틱
2023-07-31,155541720,30.925605,에스테틱_필러,에스테틱
2023-08-31,157332999,31.253616,에스테틱_필러,에스테틱
2023-09-30,190104881,31.870262,에스테틱_필러,에스테틱
2023-10-31,176097266,33.022062,에스테틱_필러,에스테틱
2023-11-30,185351690,30.866649,에스테틱_필러,에스테틱
2023-12-31,177916272,33.023249,에스테틱_필러,에스테틱
2024-01-31,186843614,30.397275,에스테틱_필러,에스테틱
2024-02-29,178126054,35.873159,에스테틱_필러,에스테틱
2024-03-31,190167342,33.832478,에스테틱_필러,에스테틱
2024-04-30,192541903,32.299231,에스테틱_필러,에스테틱
2024-05-31,202997933,32.696908,에스테틱_필러,에스테틱
2024-06-30,197816084,36.800308,에스테틱_필러,에스테틱
2024-07-31,189909387,31.168233,에스테틱_필러,에스테틱
2024-08-31,185263125,33.806423,에스테틱_필러,에스테틱
2024-09-30,227230676,35.749762,에스테틱_필러,에스테틱
2024-10-31,207026629,33.616899,에스테틱_필러,에스테틱
2024-11-30,238302873,38.009394,에스테틱_필러,에스테틱
2024-12-31,242887474,30.123004,에스테틱_필러,에스테틱
2025-01-31,190660316,35.162194,에스테틱_필러,에스테틱
2025-02-28,213407188,34.177186,에스테틱_필러,에스테틱
2025-03-31,235154866,34.946937,에스테틱_필러,에스테틱
2025-04-30,263882330,32.928699,에스테틱_필러,에스테틱
2025-05-31,240976572,32.556899,에스테틱_필러,에스테틱
2025-06-30,230765177,31.281698,에스테틱_필러,에스테틱
2025-07-31,242500691,30.279756,에스테틱_필러,에스테틱
2025-08-31,216924100,32.842671,에스테틱_필러,에스테틱
2025-09-30,303001643,31.08446,에스테틱_필러,에스테틱
2025-10-31,232251601,32.358682,에스테틱_필러,에스테틱
2025-11-30,251059425,33.697252,에스테틱_필러,에스테틱
2025-12-31,301490467,36.199274,에스테틱_필러,에스테틱
2026-01-31,289878876,33.017067,에스테틱_필러,에스테틱
2026-02-28,252472973,33.04163,에스테틱_필러,에스테틱
2026-03-31,324550263,35.571159,에스테틱_필러,에스테틱
2026-04-30,368631745,33.481451,에스테틱_필러,에스테틱
2026-05-31,336320794,34.292472,에스테틱_필러,에스테틱
2026-06-30,378147695,34.239366,에스테틱_필러,에스테틱
2026-07-31,422720849,35.864701,에스테틱_필러,에스테틱
2017-01-31,1571220,111.212092,에스테틱_홈뷰티,에스테틱
2017-02-28,3056478,135.008574,에스테틱_홈뷰티,에스테틱
2017-03-31,4253200,120.081865,에스테틱_홈뷰티,에스테틱
2017-04-30,2785851,94.421128,에스테틱_홈뷰티,에스테틱
2017-05-31,2684800,105.462915,에스테틱_홈뷰티,에스테틱
2017-06-30,3485181,118.370565,에스테틱_홈뷰티,에스테틱
2017-07-31,2791144,116.593864,에스테틱_홈뷰티,에스테틱
2017-08-31,3459069,118.446421,에스테틱_홈뷰티,에스테틱
2017-09-30,3743378,104.84986,에스테틱_홈뷰티,에스테틱
2017-10-31,3148492,124.973882,에스테틱_홈뷰티,에스테틱
2017-11-30,3857821,136.5078,에스테틱_홈뷰티,에스테틱
2017-12-31,4589541,129.252771,에스테틱_홈뷰티,에스테틱
2018-01-31,5016423,97.054858,에스테틱_홈뷰티,에스테틱
2018-02-28,4864778,97.43858,에스테틱_홈뷰티,에스테틱
2018-03-31,4668205,105.747443,에스테틱_홈뷰티,에스테틱
2018-04-30,4504248,138.108442,에스테틱_홈뷰티,에스테틱
2018-05-31,3894967,131.562855,에스테틱_홈뷰티,에스테틱
2018-06-30,5064008,145.132661,에스테틱_홈뷰티,에스테틱
2018-07-31,4337253,138.506971,에스테틱_홈뷰티,에스테틱
2018-08-31,3902122,142.041416,에스테틱_홈뷰티,에스테틱
2018-09-30,4095691,132.30006,에스테틱_홈뷰티,에스테틱
2018-10-31,6552194,96.507268,에스테틱_홈뷰티,에스테틱
2018-11-30,4851970,92.671814,에스테틱_홈뷰티,에스테틱
2018-12-31,7181123,124.459073,에스테틱_홈뷰티,에스테틱
2019-01-31,4520460,118.107607,에스테틱_홈뷰티,에스테틱
2019-02-28,3654329,185.119674,에스테틱_홈뷰티,에스테틱
2019-03-31,4757593,132.194469,에스테틱_홈뷰티,에스테틱
2019-04-30,4773330,131.834124,에스테틱_홈뷰티,에스테틱
2019-05-31,5369794,119.799514,에스테틱_홈뷰티,에스테틱
2019-06-30,6752907,139.316804,에스테틱_홈뷰티,에스테틱
2019-07-31,6043558,115.093446,에스테틱_홈뷰티,에스테틱
2019-08-31,3900464,100.798618,에스테틱_홈뷰티,에스테틱
2019-09-30,5063765,100.251115,에스테틱_홈뷰티,에스테틱
2019-10-31,4429725,110.871764,에스테틱_홈뷰티,에스테틱
2019-11-30,4883438,120.827292,에스테틱_홈뷰티,에스테틱
2019-12-31,7063512,129.664919,에스테틱_홈뷰티,에스테틱
2020-01-31,4044160,123.1012,에스테틱_홈뷰티,에스테틱
2020-02-29,4231851,133.043187,에스테틱_홈뷰티,에스테틱
2020-03-31,3866299,113.188417,에스테틱_홈뷰티,에스테틱
2020-04-30,4784057,88.655756,에스테틱_홈뷰티,에스테틱
2020-05-31,4395683,87.845404,에스테틱_홈뷰티,에스테틱
2020-06-30,5054576,111.22655,에스테틱_홈뷰티,에스테틱
2020-07-31,5097021,68.461905,에스테틱_홈뷰티,에스테틱
2020-08-31,4688763,96.903459,에스테틱_홈뷰티,에스테틱
2020-09-30,6413938,87.211519,에스테틱_홈뷰티,에스테틱
2020-10-31,5379610,126.188912,에스테틱_홈뷰티,에스테틱
2020-11-30,5540634,139.366123,에스테틱_홈뷰티,에스테틱
2020-12-31,6305465,123.015101,에스테틱_홈뷰티,에스테틱
2021-01-31,3279408,129.511322,에스테틱_홈뷰티,에스테틱
2021-02-28,4902645,137.520712,에스테틱_홈뷰티,에스테틱
2021-03-31,8720504,129.329013,에스테틱_홈뷰티,에스테틱
2021-04-30,6001922,141.572327,에스테틱_홈뷰티,에스테틱
2021-05-31,6299701,132.246724,에스테틱_홈뷰티,에스테틱
2021-06-30,6675932,98.632779,에스테틱_홈뷰티,에스테틱
2021-07-31,6019919,131.950024,에스테틱_홈뷰티,에스테틱
2021-08-31,6770523,127.810901,에스테틱_홈뷰티,에스테틱
2021-09-30,6268250,147.834272,에스테틱_홈뷰티,에스테틱
2021-10-31,7650161,135.550617,에스테틱_홈뷰티,에스테틱
2021-11-30,10967791,187.444516,에스테틱_홈뷰티,에스테틱
2021-12-31,11383611,182.051993,에스테틱_홈뷰티,에스테틱
2022-01-31,5878719,126.35586,에스테틱_홈뷰티,에스테틱
2022-02-28,8127876,179.987869,에스테틱_홈뷰티,에스테틱
2022-03-31,5969298,153.133959,에스테틱_홈뷰티,에스테틱
2022-04-30,7615780,114.062077,에스테틱_홈뷰티,에스테틱
2022-05-31,10429800,152.559717,에스테틱_홈뷰티,에스테틱
2022-06-30,7522662,111.553986,에스테틱_홈뷰티,에스테틱
2022-07-31,7770714,153.729162,에스테틱_홈뷰티,에스테틱
2022-08-31,6932814,150.151422,에스테틱_홈뷰티,에스테틱
2022-09-30,8214596,126.175258,에스테틱_홈뷰티,에스테틱
2022-10-31,5610024,160.011592,에스테틱_홈뷰티,에스테틱
2022-11-30,8862426,137.642497,에스테틱_홈뷰티,에스테틱
2022-12-31,8080567,144.600326,에스테틱_홈뷰티,에스테틱
2023-01-31,6871399,185.01757,에스테틱_홈뷰티,에스테틱
2023-02-28,5613095,180.748821,에스테틱_홈뷰티,에스테틱
2023-03-31,6244921,118.489534,에스테틱_홈뷰티,에스테틱
2023-04-30,9097663,109.34151,에스테틱_홈뷰티,에스테틱
2023-05-31,7810728,96.552447,에스테틱_홈뷰티,에스테틱
2023-06-30,8261738,160.101676,에스테틱_홈뷰티,에스테틱
2023-07-31,9802265,131.113774,에스테틱_홈뷰티,에스테틱
2023-08-31,10626097,191.151026,에스테틱_홈뷰티,에스테틱
2023-09-30,13112314,211.355611,에스테틱_홈뷰티,에스테틱
2023-10-31,8479594,213.627626,에스테틱_홈뷰티,에스테틱
2023-11-30,16115947,150.695294,에스테틱_홈뷰티,에스테틱
2023-12-31,13715134,229.483689,에스테틱_홈뷰티,에스테틱
2024-01-31,16336493,185.376519,에스테틱_홈뷰티,에스테틱
2024-02-29,16585692,251.339797,에스테틱_홈뷰티,에스테틱
2024-03-31,16587998,223.00585,에스테틱_홈뷰티,에스테틱
2024-04-30,17528771,247.370338,에스테틱_홈뷰티,에스테틱
2024-05-31,11563820,186.088344,에스테틱_홈뷰티,에스테틱
2024-06-30,18410582,282.516394,에스테틱_홈뷰티,에스테틱
2024-07-31,8698998,184.050621,에스테틱_홈뷰티,에스테틱
2024-08-31,20083543,302.381755,에스테틱_홈뷰티,에스테틱
2024-09-30,31458469,358.758314,에스테틱_홈뷰티,에스테틱
2024-10-31,21771408,203.306254,에스테틱_홈뷰티,에스테틱
2024-11-30,15899427,195.478061,에스테틱_홈뷰티,에스테틱
2024-12-31,17142219,225.506732,에스테틱_홈뷰티,에스테틱
2025-01-31,17118145,202.991039,에스테틱_홈뷰티,에스테틱
2025-02-28,10360196,177.770952,에스테틱_홈뷰티,에스테틱
2025-03-31,10669762,142.586042,에스테틱_홈뷰티,에스테틱
2025-04-30,12353800,170.071244,에스테틱_홈뷰티,에스테틱
2025-05-31,11388024,156.25824,에스테틱_홈뷰티,에스테틱
2025-06-30,18017646,303.447169,에스테틱_홈뷰티,에스테틱
2025-07-31,11450983,172.165641,에스테틱_홈뷰티,에스테틱
2025-08-31,10448505,168.170249,에스테틱_홈뷰티,에스테틱
2025-09-30,17665226,147.292811,에스테틱_홈뷰티,에스테틱
2025-10-31,19349950,198.094743,에스테틱_홈뷰티,에스테틱
2025-11-30,11693913,163.15662,에스테틱_홈뷰티,에스테틱
2025-12-31,17635296,156.050605,에스테틱_홈뷰티,에스테틱
2026-01-31,18956308,145.689256,에스테틱_홈뷰티,에스테틱
2026-02-28,18121205,157.946719,에스테틱_홈뷰티,에스테틱
2026-03-31,18073345,164.812106,에스테틱_홈뷰티,에스테틱
2026-04-30,17079859,149.839531,에스테틱_홈뷰티,에스테틱
2026-05-31,14220263,154.781607,에스테틱_홈뷰티,에스테틱
2026-06-30,20993595,208.540729,에스테틱_홈뷰티,에스테틱
2026-07-31,19741554,181.439151,에스테틱_홈뷰티,에스테틱
2017-01-31,23597628,2.201315,음식료_건강기능식품,음식료
2017-02-28,24830024,2.213475,음식료_건강기능식품,음식료
2017-03-31,28158067,2.329445,음식료_건강기능식품,음식료
2017-04-30,26957300,2.063962,음식료_건강기능식품,음식료
2017-05-31,22010261,2.179812,음식료_건강기능식품,음식료
2017-06-30,25513480,2.052114,음식료_건강기능식품,음식료
2017-07-31,25471964,2.191783,음식료_건강기능식품,음식료
2017-08-31,25267511,2.199213,음식료_건강기능식품,음식료
2017-09-30,33001160,2.621925,음식료_건강기능식품,음식료
2017-10-31,18708776,2.13203,음식료_건강기능식품,음식료
2017-11-30,32665313,2.193159,음식료_건강기능식품,음식료
2017-12-31,24563567,2.286615,음식료_건강기능식품,음식료
2018-01-31,26070842,2.085599,음식료_건강기능식품,음식료
2018-02-28,22834517,2.114035,음식료_건강기능식품,음식료
2018-03-31,27653054,2.61446,음식료_건강기능식품,음식료
2018-04-30,29569726,2.243653,음식료_건강기능식품,음식료
2018-05-31,29529281,2.566682,음식료_건강기능식품,음식료
2018-06-30,28679866,2.51647,음식료_건강기능식품,음식료
2018-07-31,28566955,2.233388,음식료_건강기능식품,음식료
2018-08-31,26189421,2.061887,음식료_건강기능식품,음식료
2018-09-30,23904996,2.212245,음식료_건강기능식품,음식료
2018-10-31,31602106,2.480828,음식료_건강기능식품,음식료
2018-11-30,34912344,2.368121,음식료_건강기능식품,음식료
2018-12-31,30179105,2.90723,음식료_건강기능식품,음식료
2019-01-31,31421320,2.30308,음식료_건강기능식품,음식료
2019-02-28,24127372,2.539229,음식료_건강기능식품,음식료
2019-03-31,25756103,2.256687,음식료_건강기능식품,음식료
2019-04-30,26754570,2.273945,음식료_건강기능식품,음식료
2019-05-31,29522247,2.382584,음식료_건강기능식품,음식료
2019-06-30,25047852,2.357319,음식료_건강기능식품,음식료
2019-07-31,25883674,2.145569,음식료_건강기능식품,음식료
2019-08-31,28065385,2.408239,음식료_건강기능식품,음식료
2019-09-30,32870201,2.757895,음식료_건강기능식품,음식료
2019-10-31,30168902,2.485349,음식료_건강기능식품,음식료
2019-11-30,30728788,2.615293,음식료_건강기능식품,음식료
2019-12-31,32013485,2.63023,음식료_건강기능식품,음식료
2020-01-31,29174049,2.616851,음식료_건강기능식품,음식료
2020-02-29,32493226,3.065511,음식료_건강기능식품,음식료
2020-03-31,33277315,2.556961,음식료_건강기능식품,음식료
2020-04-30,30981790,2.979891,음식료_건강기능식품,음식료
2020-05-31,35108873,3.530112,음식료_건강기능식품,음식료
2020-06-30,37014467,3.434431,음식료_건강기능식품,음식료
2020-07-31,39486104,3.404727,음식료_건강기능식품,음식료
2020-08-31,32471465,3.090485,음식료_건강기능식품,음식료
2020-09-30,37396900,3.656591,음식료_건강기능식품,음식료
2020-10-31,36583219,3.213879,음식료_건강기능식품,음식료
2020-11-30,38640222,3.397448,음식료_건강기능식품,음식료
2020-12-31,46779526,3.968607,음식료_건강기능식품,음식료
2021-01-31,40261092,3.67778,음식료_건강기능식품,음식료
2021-02-28,38207127,3.77602,음식료_건강기능식품,음식료
2021-03-31,56075861,4.010973,음식료_건강기능식품,음식료
2021-04-30,45439086,3.380935,음식료_건강기능식품,음식료
2021-05-31,43272735,3.874045,음식료_건강기능식품,음식료
2021-06-30,41363423,3.681361,음식료_건강기능식품,음식료
2021-07-31,40647962,3.475178,음식료_건강기능식품,음식료
2021-08-31,43277238,3.736275,음식료_건강기능식품,음식료
2021-09-30,40505031,4.077145,음식료_건강기능식품,음식료
2021-10-31,43377225,4.015516,음식료_건강기능식품,음식료
2021-11-30,44412572,3.662949,음식료_건강기능식품,음식료
2021-12-31,53451701,4.267467,음식료_건강기능식품,음식료
2022-01-31,39063404,3.915887,음식료_건강기능식품,음식료
2022-02-28,39139459,4.036907,음식료_건강기능식품,음식료
2022-03-31,49832831,4.126343,음식료_건강기능식품,음식료
2022-04-30,46753044,4.076044,음식료_건강기능식품,음식료
2022-05-31,43933148,3.899463,음식료_건강기능식품,음식료
2022-06-30,45164314,4.154256,음식료_건강기능식품,음식료
2022-07-31,43828284,3.900591,음식료_건강기능식품,음식료
2022-08-31,42525475,3.643188,음식료_건강기능식품,음식료
2022-09-30,44699118,4.100358,음식료_건강기능식품,음식료
2022-10-31,37424344,3.520016,음식료_건강기능식품,음식료
2022-11-30,42761373,3.617501,음식료_건강기능식품,음식료
2022-12-31,49560598,3.929484,음식료_건강기능식품,음식료
2023-01-31,45485253,4.158003,음식료_건강기능식품,음식료
2023-02-28,47226277,4.392608,음식료_건강기능식품,음식료
2023-03-31,59453480,4.308633,음식료_건강기능식품,음식료
2023-04-30,46323461,4.75538,음식료_건강기능식품,음식료
2023-05-31,56202073,4.365044,음식료_건강기능식품,음식료
2023-06-30,59832026,4.423205,음식료_건강기능식품,음식료
2023-07-31,47697874,4.250862,음식료_건강기능식품,음식료
2023-08-31,51667001,4.441851,음식료_건강기능식품,음식료
2023-09-30,53196151,4.702007,음식료_건강기능식품,음식료
2023-10-31,49928826,4.816949,음식료_건강기능식품,음식료
2023-11-30,61826619,5.041927,음식료_건강기능식품,음식료
2023-12-31,58777871,5.426015,음식료_건강기능식품,음식료
2024-01-31,54525692,4.35424,음식료_건강기능식품,음식료
2024-02-29,51005534,4.56765,음식료_건강기능식품,음식료
2024-03-31,59446350,5.867071,음식료_건강기능식품,음식료
2024-04-30,55098565,4.601564,음식료_건강기능식품,음식료
2024-05-31,67242655,5.388437,음식료_건강기능식품,음식료
2024-06-30,55631881,4.662403,음식료_건강기능식품,음식료
2024-07-31,59801060,5.41653,음식료_건강기능식품,음식료
2024-08-31,45520555,4.298408,음식료_건강기능식품,음식료
2024-09-30,52980483,4.794142,음식료_건강기능식품,음식료
2024-10-31,61641944,6.024379,음식료_건강기능식품,음식료
2024-11-30,55630117,4.125064,음식료_건강기능식품,음식료
2024-12-31,64216091,6.029738,음식료_건강기능식품,음식료
2025-01-31,48045957,4.455475,음식료_건강기능식품,음식료
2025-02-28,51965561,4.961828,음식료_건강기능식품,음식료
2025-03-31,62581749,5.131261,음식료_건강기능식품,음식료
2025-04-30,63068549,5.322783,음식료_건강기능식품,음식료
2025-05-31,68320866,6.280766,음식료_건강기능식품,음식료
2025-06-30,63042233,6.08976,음식료_건강기능식품,음식료
2025-07-31,71014259,5.70546,음식료_건강기능식품,음식료
2025-08-31,57562186,4.833582,음식료_건강기능식품,음식료
2025-09-30,69158981,5.512103,음식료_건강기능식품,음식료
2025-10-31,56692543,5.974923,음식료_건강기능식품,음식료
2025-11-30,64102850,5.348862,음식료_건강기능식품,음식료
2025-12-31,75283815,6.645415,음식료_건강기능식품,음식료
2026-01-31,65907668,5.356022,음식료_건강기능식품,음식료
2026-02-28,57531096,5.804286,음식료_건강기능식품,음식료
2026-03-31,69692140,5.879624,음식료_건강기능식품,음식료
2026-04-30,77022009,5.724825,음식료_건강기능식품,음식료
2026-05-31,64379052,5.926835,음식료_건강기능식품,음식료
2026-06-30,81456755,6.544348,음식료_건강기능식품,음식료
2026-07-31,77895645,6.087856,음식료_건강기능식품,음식료
2017-01-31,25751456,3.520205,음식료_라면,음식료
2017-02-28,34009011,3.530128,음식료_라면,음식료
2017-03-31,34167119,3.546264,음식료_라면,음식료
2017-04-30,29137382,3.501894,음식료_라면,음식료
2017-05-31,22755627,3.651203,음식료_라면,음식료
2017-06-30,28941107,3.596078,음식료_라면,음식료
2017-07-31,28270189,3.410843,음식료_라면,음식료
2017-08-31,30479244,3.461096,음식료_라면,음식료
2017-09-30,41537260,3.277892,음식료_라면,음식료
2017-10-31,29950658,3.413934,음식료_라면,음식료
2017-11-30,41332522,3.36308,음식료_라면,음식료
2017-12-31,34517587,3.437119,음식료_라면,음식료
2018-01-31,33717833,3.570997,음식료_라면,음식료
2018-02-28,28932456,3.544118,음식료_라면,음식료
2018-03-31,37414973,3.526054,음식료_라면,음식료
2018-04-30,37199266,3.558775,음식료_라면,음식료
2018-05-31,38233595,3.545242,음식료_라면,음식료
2018-06-30,40685364,3.442611,음식료_라면,음식료
2018-07-31,29631205,3.681007,음식료_라면,음식료
2018-08-31,34904802,3.654438,음식료_라면,음식료
2018-09-30,31013016,3.559153,음식료_라면,음식료
2018-10-31,39468012,3.51041,음식료_라면,음식료
2018-11-30,33996756,3.673861,음식료_라면,음식료
2018-12-31,27832093,3.533929,음식료_라면,음식료
2019-01-31,34145537,3.473353,음식료_라면,음식료
2019-02-28,29851731,3.491344,음식료_라면,음식료
2019-03-31,39596817,3.444211,음식료_라면,음식료
2019-04-30,40681610,3.375478,음식료_라면,음식료
2019-05-31,39579585,3.438983,음식료_라면,음식료
2019-06-30,36022258,3.429201,음식료_라면,음식료
2019-07-31,37760854,3.437144,음식료_라면,음식료
2019-08-31,39036062,3.417174,음식료_라면,음식료
2019-09-30,38511557,3.402518,음식료_라면,음식료
2019-10-31,47136398,3.297245,음식료_라면,음식료
2019-11-30,45786275,3.328887,음식료_라면,음식료
2019-12-31,38963083,3.364109,음식료_라면,음식료
2020-01-31,37388448,3.381601,음식료_라면,음식료
2020-02-29,42647544,3.405456,음식료_라면,음식료
2020-03-31,52076540,3.3092,음식료_라면,음식료
2020-04-30,61947663,3.345107,음식료_라면,음식료
2020-05-31,55224499,3.294655,음식료_라면,음식료
2020-06-30,52777135,3.383524,음식료_라면,음식료
2020-07-31,56571837,3.394832,음식료_라면,음식료
2020-08-31,46834114,3.29623,음식료_라면,음식료
2020-09-30,51367903,3.416173,음식료_라면,음식료
2020-10-31,47632655,3.446221,음식료_라면,음식료
2020-11-30,45510071,3.444957,음식료_라면,음식료
2020-12-31,53910664,3.791032,음식료_라면,음식료
2021-01-31,51078995,3.522516,음식료_라면,음식료
2021-02-28,46348783,3.450652,음식료_라면,음식료
2021-03-31,59618151,3.473684,음식료_라면,음식료
2021-04-30,57498929,3.448648,음식료_라면,음식료
2021-05-31,51578665,3.583864,음식료_라면,음식료
2021-06-30,53894994,3.477681,음식료_라면,음식료
2021-07-31,52429989,3.456733,음식료_라면,음식료
2021-08-31,50921739,3.438653,음식료_라면,음식료
2021-09-30,58643633,3.461298,음식료_라면,음식료
2021-10-31,60611390,3.409776,음식료_라면,음식료
2021-11-30,65802914,3.446375,음식료_라면,음식료
2021-12-31,66660914,3.528429,음식료_라면,음식료
2022-01-31,57798486,3.600906,음식료_라면,음식료
2022-02-28,52552715,3.557465,음식료_라면,음식료
2022-03-31,71575242,3.557854,음식료_라면,음식료
2022-04-30,57460054,3.59374,음식료_라면,음식료
2022-05-31,76923190,3.526771,음식료_라면,음식료
2022-06-30,67461242,3.559429,음식료_라면,음식료
2022-07-31,60065366,3.576233,음식료_라면,음식료
2022-08-31,60623700,3.56195,음식료_라면,음식료
2022-09-30,64259144,3.702869,음식료_라면,음식료
2022-10-31,61780344,3.41551,음식료_라면,음식료
2022-11-30,66161938,3.410207,음식료_라면,음식료
2022-12-31,69506695,3.524482,음식료_라면,음식료
2023-01-31,61524024,3.655126,음식료_라면,음식료
2023-02-28,70737385,3.737092,음식료_라면,음식료
2023-03-31,75718778,3.851712,음식료_라면,음식료
2023-04-30,74170533,3.987007,음식료_라면,음식료
2023-05-31,75159071,3.965269,음식료_라면,음식료
2023-06-30,89274195,3.942267,음식료_라면,음식료
2023-07-31,75919344,3.939856,음식료_라면,음식료
2023-08-31,85684176,4.05602,음식료_라면,음식료
2023-09-30,89619261,3.939959,음식료_라면,음식료
2023-10-31,87943210,3.873856,음식료_라면,음식료
2023-11-30,90809640,3.873438,음식료_라면,음식료
2023-12-31,76436217,3.938027,음식료_라면,음식료
2024-01-31,85743164,4.038761,음식료_라면,음식료
2024-02-29,93001914,4.093551,음식료_라면,음식료
2024-03-31,91634949,3.923469,음식료_라면,음식료
2024-04-30,108589951,4.018844,음식료_라면,음식료
2024-05-31,107368111,3.987267,음식료_라면,음식료
2024-06-30,104050845,4.101625,음식료_라면,음식료
2024-07-31,109160346,4.071796,음식료_라면,음식료
2024-08-31,100695609,4.044886,음식료_라면,음식료
2024-09-30,103786594,4.056603,음식료_라면,음식료
2024-10-31,117039003,4.056985,음식료_라면,음식료
2024-11-30,117579953,3.906875,음식료_라면,음식료
2024-12-31,110292827,3.987466,음식료_라면,음식료
2025-01-31,107503493,3.993506,음식료_라면,음식료
2025-02-28,121153228,4.001483,음식료_라면,음식료
2025-03-31,115274842,4.082344,음식료_라면,음식료
2025-04-30,135140221,4.134051,음식료_라면,음식료
2025-05-31,126815135,4.121294,음식료_라면,음식료
2025-06-30,126367790,4.274559,음식료_라면,음식료
2025-07-31,131193809,4.014821,음식료_라면,음식료
2025-08-31,115041586,4.057585,음식료_라면,음식료
2025-09-30,147214663,4.027266,음식료_라면,음식료
2025-10-31,130252401,3.987894,음식료_라면,음식료
2025-11-30,126483616,3.948291,음식료_라면,음식료
2025-12-31,139657598,4.124747,음식료_라면,음식료
2026-01-31,129687722,4.128646,음식료_라면,음식료
2026-02-28,140255711,4.165127,음식료_라면,음식료
2026-03-31,164693946,4.142699,음식료_라면,음식료
2026-04-30,182112386,4.184197,음식료_라면,음식료
2026-05-31,153594435,4.260755,음식료_라면,음식료
2026-06-30,165235212,4.21196,음식료_라면,음식료
2026-07-31,151080626,4.160446,음식료_라면,음식료
2017-01-31,6121593,3.319557,음식료_라면 소스,음식료
2017-02-28,8635981,3.771444,음식료_라면 소스,음식료
2017-03-31,9058204,3.547451,음식료_라면 소스,음식료
2017-04-30,7260257,3.321535,음식료_라면 소스,음식료
2017-05-31,7320611,3.395061,음식료_라면 소스,음식료
2017-06-30,8919181,3.27662,음식료_라면 소스,음식료
2017-07-31,8540998,3.412958,음식료_라면 소스,음식료
2017-08-31,8341579,3.261231,음식료_라면 소스,음식료
2017-09-30,8783458,3.238832,음식료_라면 소스,음식료
2017-10-31,6753734,3.721288,음식료_라면 소스,음식료
2017-11-30,17902945,7.684512,음식료_라면 소스,음식료
2017-12-31,7473238,3.499877,음식료_라면 소스,음식료
2018-01-31,10147827,3.655049,음식료_라면 소스,음식료
2018-02-28,7507543,3.508556,음식료_라면 소스,음식료
2018-03-31,10715538,3.75148,음식료_라면 소스,음식료
2018-04-30,9972744,3.684025,음식료_라면 소스,음식료
2018-05-31,9408352,3.551629,음식료_라면 소스,음식료
2018-06-30,7437453,3.111029,음식료_라면 소스,음식료
2018-07-31,9139961,3.61237,음식료_라면 소스,음식료
2018-08-31,9150761,3.278554,음식료_라면 소스,음식료
2018-09-30,8592874,3.651535,음식료_라면 소스,음식료
2018-10-31,10033055,3.460102,음식료_라면 소스,음식료
2018-11-30,9212954,3.186128,음식료_라면 소스,음식료
2018-12-31,8263812,3.585579,음식료_라면 소스,음식료
2019-01-31,9182474,3.609389,음식료_라면 소스,음식료
2019-02-28,8194847,3.66445,음식료_라면 소스,음식료
2019-03-31,9527621,3.413905,음식료_라면 소스,음식료
2019-04-30,10801301,3.498491,음식료_라면 소스,음식료
2019-05-31,10685188,3.337781,음식료_라면 소스,음식료
2019-06-30,10172388,3.502839,음식료_라면 소스,음식료
2019-07-31,11200182,3.436578,음식료_라면 소스,음식료
2019-08-31,9999420,3.017508,음식료_라면 소스,음식료
2019-09-30,11142069,3.357449,음식료_라면 소스,음식료
2019-10-31,11080908,3.290822,음식료_라면 소스,음식료
2019-11-30,12470614,3.301234,음식료_라면 소스,음식료
2019-12-31,10843716,3.260888,음식료_라면 소스,음식료
2020-01-31,10375023,3.448529,음식료_라면 소스,음식료
2020-02-29,10928049,3.415138,음식료_라면 소스,음식료
2020-03-31,14440503,3.554446,음식료_라면 소스,음식료
2020-04-30,15873395,4.061808,음식료_라면 소스,음식료
2020-05-31,11472876,3.373335,음식료_라면 소스,음식료
2020-06-30,13703956,3.200336,음식료_라면 소스,음식료
2020-07-31,15820784,3.015936,음식료_라면 소스,음식료
2020-08-31,13304226,2.875408,음식료_라면 소스,음식료
2020-09-30,16052295,3.103998,음식료_라면 소스,음식료
2020-10-31,17210617,3.483007,음식료_라면 소스,음식료
2020-11-30,15487109,3.019905,음식료_라면 소스,음식료
2020-12-31,17222453,3.241422,음식료_라면 소스,음식료
2021-01-31,17032995,3.354261,음식료_라면 소스,음식료
2021-02-28,14457217,3.506019,음식료_라면 소스,음식료
2021-03-31,18857497,3.557397,음식료_라면 소스,음식료
2021-04-30,18587442,3.620841,음식료_라면 소스,음식료
2021-05-31,17953680,3.732153,음식료_라면 소스,음식료
2021-06-30,16541732,3.361102,음식료_라면 소스,음식료
2021-07-31,17065227,3.340513,음식료_라면 소스,음식료
2021-08-31,17163876,3.324013,음식료_라면 소스,음식료
2021-09-30,14620122,3.213391,음식료_라면 소스,음식료
2021-10-31,16242221,3.251548,음식료_라면 소스,음식료
2021-11-30,17317153,3.494699,음식료_라면 소스,음식료
2021-12-31,17217809,3.361764,음식료_라면 소스,음식료
2022-01-31,17327905,3.4134,음식료_라면 소스,음식료
2022-02-28,14548795,3.2033,음식료_라면 소스,음식료
2022-03-31,16816754,3.426717,음식료_라면 소스,음식료
2022-04-30,18630664,3.648751,음식료_라면 소스,음식료
2022-05-31,18372113,3.501467,음식료_라면 소스,음식료
2022-06-30,14422740,3.302673,음식료_라면 소스,음식료
2022-07-31,16452770,3.306294,음식료_라면 소스,음식료
2022-08-31,15871064,3.216913,음식료_라면 소스,음식료
2022-09-30,15628635,3.435126,음식료_라면 소스,음식료
2022-10-31,17796478,3.683937,음식료_라면 소스,음식료
2022-11-30,16138428,3.653773,음식료_라면 소스,음식료
2022-12-31,15974050,3.465671,음식료_라면 소스,음식료
2023-01-31,15476684,4.095432,음식료_라면 소스,음식료
2023-02-28,16240708,3.563143,음식료_라면 소스,음식료
2023-03-31,16389106,3.494904,음식료_라면 소스,음식료
2023-04-30,15105301,3.580447,음식료_라면 소스,음식료
2023-05-31,15849247,3.518909,음식료_라면 소스,음식료
2023-06-30,17312298,3.61508,음식료_라면 소스,음식료
2023-07-31,15883330,3.319381,음식료_라면 소스,음식료
2023-08-31,17277714,3.449696,음식료_라면 소스,음식료
2023-09-30,17853023,3.273408,음식료_라면 소스,음식료
2023-10-31,17951057,3.548865,음식료_라면 소스,음식료
2023-11-30,18410159,3.57103,음식료_라면 소스,음식료
2023-12-31,17844330,3.762313,음식료_라면 소스,음식료
2024-01-31,17917576,3.609882,음식료_라면 소스,음식료
2024-02-29,14839075,3.557426,음식료_라면 소스,음식료
2024-03-31,16191093,3.682566,음식료_라면 소스,음식료
2024-04-30,20409127,3.849695,음식료_라면 소스,음식료
2024-05-31,18301177,3.59363,음식료_라면 소스,음식료
2024-06-30,18554096,3.567446,음식료_라면 소스,음식료
2024-07-31,20005756,3.483552,음식료_라면 소스,음식료
2024-08-31,17802655,3.505462,음식료_라면 소스,음식료
2024-09-30,17418637,3.583096,음식료_라면 소스,음식료
2024-10-31,19899244,3.771986,음식료_라면 소스,음식료
2024-11-30,20024003,3.820548,음식료_라면 소스,음식료
2024-12-31,18687619,3.401081,음식료_라면 소스,음식료
2025-01-31,16604224,3.621096,음식료_라면 소스,음식료
2025-02-28,19811426,3.713902,음식료_라면 소스,음식료
2025-03-31,22176161,4.218188,음식료_라면 소스,음식료
2025-04-30,22339477,3.780665,음식료_라면 소스,음식료
2025-05-31,22046344,3.942973,음식료_라면 소스,음식료
2025-06-30,20250024,3.756042,음식료_라면 소스,음식료
2025-07-31,20650676,3.515428,음식료_라면 소스,음식료
2025-08-31,17595511,3.393929,음식료_라면 소스,음식료
2025-09-30,22016519,3.528767,음식료_라면 소스,음식료
2025-10-31,16998106,3.451406,음식료_라면 소스,음식료
2025-11-30,18202914,3.393724,음식료_라면 소스,음식료
2025-12-31,20470689,3.558952,음식료_라면 소스,음식료
2026-01-31,19631603,3.725593,음식료_라면 소스,음식료
2026-02-28,17748253,3.757435,음식료_라면 소스,음식료
2026-03-31,20559210,3.798705,음식료_라면 소스,음식료
2026-04-30,23123497,3.956326,음식료_라면 소스,음식료
2026-05-31,20898517,4.032215,음식료_라면 소스,음식료
2026-06-30,22399975,3.918531,음식료_라면 소스,음식료
2026-07-31,19107868,3.451087,음식료_라면 소스,음식료
2017-01-31,12703160,22.517408,전기전자_CCL,전기전자
2017-02-28,14835691,24.564917,전기전자_CCL,전기전자
2017-03-31,15328771,24.522296,전기전자_CCL,전기전자
2017-04-30,16537868,40.119044,전기전자_CCL,전기전자
2017-05-31,13065541,28.52103,전기전자_CCL,전기전자
2017-06-30,10890855,22.098479,전기전자_CCL,전기전자
2017-07-31,14193753,27.294676,전기전자_CCL,전기전자
2017-08-31,13883271,34.447798,전기전자_CCL,전기전자
2017-09-30,16124782,29.957905,전기전자_CCL,전기전자
2017-10-31,14124928,41.14608,전기전자_CCL,전기전자
2017-11-30,15740400,37.220042,전기전자_CCL,전기전자
2017-12-31,13960117,32.890313,전기전자_CCL,전기전자
2018-01-31,17482374,29.83282,전기전자_CCL,전기전자
2018-02-28,15689334,41.824647,전기전자_CCL,전기전자
2018-03-31,16795413,34.932769,전기전자_CCL,전기전자
2018-04-30,17297114,51.479822,전기전자_CCL,전기전자
2018-05-31,16071824,40.506274,전기전자_CCL,전기전자
2018-06-30,19730426,58.82528,전기전자_CCL,전기전자
2018-07-31,21377892,42.577716,전기전자_CCL,전기전자
2018-08-31,15711970,41.334843,전기전자_CCL,전기전자
2018-09-30,14252602,46.399904,전기전자_CCL,전기전자
2018-10-31,16175330,43.629659,전기전자_CCL,전기전자
2018-11-30,15879678,51.209534,전기전자_CCL,전기전자
2018-12-31,13055153,29.911943,전기전자_CCL,전기전자
2019-01-31,14121869,41.633765,전기전자_CCL,전기전자
2019-02-28,11528404,44.103436,전기전자_CCL,전기전자
2019-03-31,18384226,45.873903,전기전자_CCL,전기전자
2019-04-30,20594596,40.614885,전기전자_CCL,전기전자
2019-05-31,21284686,59.220453,전기전자_CCL,전기전자
2019-06-30,20806138,51.602996,전기전자_CCL,전기전자
2019-07-31,25278330,59.400501,전기전자_CCL,전기전자
2019-08-31,21522501,59.28897,전기전자_CCL,전기전자
2019-09-30,21144340,51.162099,전기전자_CCL,전기전자
2019-10-31,20975562,51.046878,전기전자_CCL,전기전자
2019-11-30,21974463,57.64707,전기전자_CCL,전기전자
2019-12-31,20040178,54.087174,전기전자_CCL,전기전자
2020-01-31,20875479,57.810692,전기전자_CCL,전기전자
2020-02-29,19387104,57.138123,전기전자_CCL,전기전자
2020-03-31,25900134,57.588907,전기전자_CCL,전기전자
2020-04-30,23033857,60.190652,전기전자_CCL,전기전자
2020-05-31,22911727,66.220078,전기전자_CCL,전기전자
2020-06-30,24470803,58.127229,전기전자_CCL,전기전자
2020-07-31,28551861,49.033073,전기전자_CCL,전기전자
2020-08-31,23882244,58.414211,전기전자_CCL,전기전자
2020-09-30,24243530,62.351289,전기전자_CCL,전기전자
2020-10-31,21918596,61.978708,전기전자_CCL,전기전자
2020-11-30,22302416,52.388063,전기전자_CCL,전기전자
2020-12-31,25448387,54.397202,전기전자_CCL,전기전자
2021-01-31,23507129,51.483762,전기전자_CCL,전기전자
2021-02-28,21866747,69.029078,전기전자_CCL,전기전자
2021-03-31,28082356,58.940838,전기전자_CCL,전기전자
2021-04-30,27222681,59.718143,전기전자_CCL,전기전자
2021-05-31,34688743,77.395835,전기전자_CCL,전기전자
2021-06-30,40340961,76.712815,전기전자_CCL,전기전자
2021-07-31,36048922,76.514027,전기전자_CCL,전기전자
2021-08-31,36614533,90.979936,전기전자_CCL,전기전자
2021-09-30,29910846,77.02196,전기전자_CCL,전기전자
2021-10-31,32241836,70.492767,전기전자_CCL,전기전자
2021-11-30,30005462,70.346568,전기전자_CCL,전기전자
2021-12-31,33065151,66.800842,전기전자_CCL,전기전자
2022-01-31,28688328,67.526455,전기전자_CCL,전기전자
2022-02-28,30378651,69.365897,전기전자_CCL,전기전자
2022-03-31,34841010,70.477452,전기전자_CCL,전기전자
2022-04-30,36687499,68.070222,전기전자_CCL,전기전자
2022-05-31,36021898,72.702403,전기전자_CCL,전기전자
2022-06-30,37734299,74.577498,전기전자_CCL,전기전자
2022-07-31,37968919,80.201397,전기전자_CCL,전기전자
2022-08-31,35440782,74.179865,전기전자_CCL,전기전자
2022-09-30,31669812,77.890562,전기전자_CCL,전기전자
2022-10-31,25500859,74.070566,전기전자_CCL,전기전자
2022-11-30,20852803,58.252373,전기전자_CCL,전기전자
2022-12-31,24896316,67.340989,전기전자_CCL,전기전자
2023-01-31,20122431,70.417121,전기전자_CCL,전기전자
2023-02-28,16382564,50.723035,전기전자_CCL,전기전자
2023-03-31,23924507,69.193888,전기전자_CCL,전기전자
2023-04-30,31083459,85.511509,전기전자_CCL,전기전자
2023-05-31,36234641,70.060943,전기전자_CCL,전기전자
2023-06-30,29479253,81.018449,전기전자_CCL,전기전자
2023-07-31,33192882,71.689382,전기전자_CCL,전기전자
2023-08-31,34896950,73.503497,전기전자_CCL,전기전자
2023-09-30,30235720,74.615558,전기전자_CCL,전기전자
2023-10-31,34797219,62.690578,전기전자_CCL,전기전자
2023-11-30,33286537,74.426049,전기전자_CCL,전기전자
2023-12-31,31743596,61.713745,전기전자_CCL,전기전자
2024-01-31,33197984,79.330287,전기전자_CCL,전기전자
2024-02-29,26776035,78.221348,전기전자_CCL,전기전자
2024-03-31,30895638,73.22199,전기전자_CCL,전기전자
2024-04-30,32091172,61.694226,전기전자_CCL,전기전자
2024-05-31,31142990,68.121595,전기전자_CCL,전기전자
2024-06-30,29474302,70.21457,전기전자_CCL,전기전자
2024-07-31,38089649,72.04857,전기전자_CCL,전기전자
2024-08-31,30703854,69.269592,전기전자_CCL,전기전자
2024-09-30,30037766,68.667542,전기전자_CCL,전기전자
2024-10-31,34570683,68.272448,전기전자_CCL,전기전자
2024-11-30,38491397,73.010047,전기전자_CCL,전기전자
2024-12-31,48828887,77.425586,전기전자_CCL,전기전자
2025-01-31,40917690,85.235661,전기전자_CCL,전기전자
2025-02-28,39724687,77.036213,전기전자_CCL,전기전자
2025-03-31,50654858,82.109774,전기전자_CCL,전기전자
2025-04-30,55393978,79.734032,전기전자_CCL,전기전자
2025-05-31,65683062,86.785244,전기전자_CCL,전기전자
2025-06-30,54865241,83.383721,전기전자_CCL,전기전자
2025-07-31,58178140,91.052986,전기전자_CCL,전기전자
2025-08-31,57211815,87.073968,전기전자_CCL,전기전자
2025-09-30,66906608,87.000906,전기전자_CCL,전기전자
2025-10-31,68888061,88.972041,전기전자_CCL,전기전자
2025-11-30,64683579,88.594926,전기전자_CCL,전기전자
2025-12-31,59864541,85.791224,전기전자_CCL,전기전자
2026-01-31,70928175,83.098046,전기전자_CCL,전기전자
2026-02-28,63159904,93.756089,전기전자_CCL,전기전자
2026-03-31,65267425,91.499196,전기전자_CCL,전기전자
2026-04-30,67718916,86.661582,전기전자_CCL,전기전자
2026-05-31,74625057,93.088929,전기전자_CCL,전기전자
2026-06-30,86235267,93.739311,전기전자_CCL,전기전자
2026-07-31,89391914,97.664721,전기전자_CCL,전기전자
2017-01-31,142513998,460.79608,전기전자_FPCB,전기전자
2017-02-28,142704975,417.371596,전기전자_FPCB,전기전자
2017-03-31,165760468,406.682229,전기전자_FPCB,전기전자
2017-04-30,155382773,413.08893,전기전자_FPCB,전기전자
2017-05-31,176174347,410.721751,전기전자_FPCB,전기전자
2017-06-30,199618876,486.026847,전기전자_FPCB,전기전자
2017-07-31,233438146,518.55571,전기전자_FPCB,전기전자
2017-08-31,293038890,573.728751,전기전자_FPCB,전기전자
2017-09-30,320466023,587.377632,전기전자_FPCB,전기전자
2017-10-31,321715050,590.430117,전기전자_FPCB,전기전자
2017-11-30,322684269,610.053528,전기전자_FPCB,전기전자
2017-12-31,264290954,623.721593,전기전자_FPCB,전기전자
2018-01-31,240209846,534.776897,전기전자_FPCB,전기전자
2018-02-28,140163108,475.230363,전기전자_FPCB,전기전자
2018-03-31,172445176,471.182397,전기전자_FPCB,전기전자
2018-04-30,172464651,514.657606,전기전자_FPCB,전기전자
2018-05-31,161289536,503.552479,전기전자_FPCB,전기전자
2018-06-30,178972789,531.055567,전기전자_FPCB,전기전자
2018-07-31,228305431,581.253991,전기전자_FPCB,전기전자
2018-08-31,231555071,557.747204,전기전자_FPCB,전기전자
2018-09-30,186725260,535.749821,전기전자_FPCB,전기전자
2018-10-31,195515570,513.332709,전기전자_FPCB,전기전자
2018-11-30,213652249,567.804978,전기전자_FPCB,전기전자
2018-12-31,186695386,578.07724,전기전자_FPCB,전기전자
2019-01-31,182765985,528.615863,전기전자_FPCB,전기전자
2019-02-28,143138966,504.797252,전기전자_FPCB,전기전자
2019-03-31,153023947,467.501415,전기전자_FPCB,전기전자
2019-04-30,176337302,504.709873,전기전자_FPCB,전기전자
2019-05-31,184907973,546.087286,전기전자_FPCB,전기전자
2019-06-30,191257794,600.122354,전기전자_FPCB,전기전자
2019-07-31,233706334,617.58483,전기전자_FPCB,전기전자
2019-08-31,234023524,609.442894,전기전자_FPCB,전기전자
2019-09-30,217308878,570.91998,전기전자_FPCB,전기전자
2019-10-31,232854018,597.455737,전기전자_FPCB,전기전자
2019-11-30,214848777,618.29438,전기전자_FPCB,전기전자
2019-12-31,210819119,619.053748,전기전자_FPCB,전기전자
2020-01-31,200848349,622.300377,전기전자_FPCB,전기전자
2020-02-29,180407263,591.330897,전기전자_FPCB,전기전자
2020-03-31,183931147,540.855276,전기전자_FPCB,전기전자
2020-04-30,173550622,568.298352,전기전자_FPCB,전기전자
2020-05-31,171523893,617.086826,전기전자_FPCB,전기전자
2020-06-30,193612887,613.633169,전기전자_FPCB,전기전자
2020-07-31,212451505,562.50096,전기전자_FPCB,전기전자
2020-08-31,225827313,584.338318,전기전자_FPCB,전기전자
2020-09-30,235478120,608.578188,전기전자_FPCB,전기전자
2020-10-31,248465652,658.901162,전기전자_FPCB,전기전자
2020-11-30,262662835,689.52513,전기전자_FPCB,전기전자
2020-12-31,250375422,643.426402,전기전자_FPCB,전기전자
2021-01-31,253353768,604.207454,전기전자_FPCB,전기전자
2021-02-28,204190403,592.613291,전기전자_FPCB,전기전자
2021-03-31,233073756,621.48981,전기전자_FPCB,전기전자
2021-04-30,220694404,588.777928,전기전자_FPCB,전기전자
2021-05-31,231219180,580.207118,전기전자_FPCB,전기전자
2021-06-30,236689220,601.334021,전기전자_FPCB,전기전자
2021-07-31,292017656,668.494085,전기전자_FPCB,전기전자
2021-08-31,286299364,640.0921,전기전자_FPCB,전기전자
2021-09-30,277828831,642.279213,전기전자_FPCB,전기전자
2021-10-31,277248869,656.7698,전기전자_FPCB,전기전자
2021-11-30,272273485,629.271056,전기전자_FPCB,전기전자
2021-12-31,278085166,717.976337,전기전자_FPCB,전기전자
2022-01-31,261301792,680.612056,전기전자_FPCB,전기전자
2022-02-28,259947240,700.262622,전기전자_FPCB,전기전자
2022-03-31,289943120,691.657926,전기전자_FPCB,전기전자
2022-04-30,275489840,715.0318,전기전자_FPCB,전기전자
2022-05-31,289627657,736.336378,전기전자_FPCB,전기전자
2022-06-30,249915806,745.601063,전기전자_FPCB,전기전자
2022-07-31,256823803,754.716469,전기전자_FPCB,전기전자
2022-08-31,274109742,772.562634,전기전자_FPCB,전기전자
2022-09-30,265732702,812.610822,전기전자_FPCB,전기전자
2022-10-31,242399286,819.658381,전기전자_FPCB,전기전자
2022-11-30,201858696,658.801412,전기전자_FPCB,전기전자
2022-12-31,183260867,619.06139,전기전자_FPCB,전기전자
2023-01-31,168057558,594.454661,전기전자_FPCB,전기전자
2023-02-28,133028997,531.554518,전기전자_FPCB,전기전자
2023-03-31,157555656,516.865417,전기전자_FPCB,전기전자
2023-04-30,146572688,570.218527,전기전자_FPCB,전기전자
2023-05-31,190181319,582.194834,전기전자_FPCB,전기전자
2023-06-30,206753907,627.810883,전기전자_FPCB,전기전자
2023-07-31,210454769,637.952481,전기전자_FPCB,전기전자
2023-08-31,217036135,623.003305,전기전자_FPCB,전기전자
2023-09-30,202662984,619.860584,전기전자_FPCB,전기전자
2023-10-31,203678051,616.805777,전기전자_FPCB,전기전자
2023-11-30,201337773,629.754089,전기전자_FPCB,전기전자
2023-12-31,174577501,622.914234,전기전자_FPCB,전기전자
2024-01-31,188610916,639.594343,전기전자_FPCB,전기전자
2024-02-29,156814189,612.316288,전기전자_FPCB,전기전자
2024-03-31,163472565,594.499304,전기전자_FPCB,전기전자
2024-04-30,170628712,557.928043,전기전자_FPCB,전기전자
2024-05-31,191137850,601.407777,전기전자_FPCB,전기전자
2024-06-30,184163061,637.092279,전기전자_FPCB,전기전자
2024-07-31,202409428,643.28928,전기전자_FPCB,전기전자
2024-08-31,192214416,680.096525,전기전자_FPCB,전기전자
2024-09-30,160788481,683.010598,전기전자_FPCB,전기전자
2024-10-31,171239551,616.730716,전기전자_FPCB,전기전자
2024-11-30,162062540,584.108104,전기전자_FPCB,전기전자
2024-12-31,145564132,548.766867,전기전자_FPCB,전기전자
2025-01-31,152445490,578.985732,전기전자_FPCB,전기전자
2025-02-28,150844844,543.35194,전기전자_FPCB,전기전자
2025-03-31,165419423,580.355494,전기전자_FPCB,전기전자
2025-04-30,165500726,560.754012,전기전자_FPCB,전기전자
2025-05-31,149616673,567.48434,전기전자_FPCB,전기전자
2025-06-30,163223899,572.763165,전기전자_FPCB,전기전자
2025-07-31,181611294,578.048331,전기전자_FPCB,전기전자
2025-08-31,178186588,608.035884,전기전자_FPCB,전기전자
2025-09-30,192426326,572.72774,전기전자_FPCB,전기전자
2025-10-31,205971069,617.411258,전기전자_FPCB,전기전자
2025-11-30,183599034,611.690996,전기전자_FPCB,전기전자
2025-12-31,202302003,596.46917,전기전자_FPCB,전기전자
2026-01-31,183208890,549.820751,전기전자_FPCB,전기전자
2026-02-28,150150283,550.12805,전기전자_FPCB,전기전자
2026-03-31,175615254,562.753029,전기전자_FPCB,전기전자
2026-04-30,167231480,556.421666,전기전자_FPCB,전기전자
2026-05-31,158618206,582.32217,전기전자_FPCB,전기전자
2026-06-30,166553825,564.132175,전기전자_FPCB,전기전자
2026-07-31,180865336,592.394199,전기전자_FPCB,전기전자
2017-01-31,50411119,217.15134,전기전자_MLCC,전기전자
2017-02-28,58605074,240.506081,전기전자_MLCC,전기전자
2017-03-31,74798880,267.332005,전기전자_MLCC,전기전자
2017-04-30,70721753,256.977726,전기전자_MLCC,전기전자
2017-05-31,79832354,306.694663,전기전자_MLCC,전기전자
2017-06-30,81994617,315.177957,전기전자_MLCC,전기전자
2017-07-31,67418830,255.229175,전기전자_MLCC,전기전자
2017-08-31,78307002,301.558816,전기전자_MLCC,전기전자
2017-09-30,89709857,304.495258,전기전자_MLCC,전기전자
2017-10-31,88122727,306.222895,전기전자_MLCC,전기전자
2017-11-30,98041594,290.439199,전기전자_MLCC,전기전자
2017-12-31,82344959,272.116185,전기전자_MLCC,전기전자
2018-01-31,90502820,252.191813,전기전자_MLCC,전기전자
2018-02-28,72820616,239.152107,전기전자_MLCC,전기전자
2018-03-31,90705649,246.054667,전기전자_MLCC,전기전자
2018-04-30,83651248,248.317848,전기전자_MLCC,전기전자
2018-05-31,86454065,235.678894,전기전자_MLCC,전기전자
2018-06-30,88482327,264.542874,전기전자_MLCC,전기전자
2018-07-31,108434551,278.848753,전기전자_MLCC,전기전자
2018-08-31,113905830,276.752924,전기전자_MLCC,전기전자
2018-09-30,93770519,254.567168,전기전자_MLCC,전기전자
2018-10-31,111387422,257.061062,전기전자_MLCC,전기전자
2018-11-30,100971102,267.983778,전기전자_MLCC,전기전자
2018-12-31,84801737,257.576777,전기전자_MLCC,전기전자
2019-01-31,91244636,234.95301,전기전자_MLCC,전기전자
2019-02-28,78681744,221.171129,전기전자_MLCC,전기전자
2019-03-31,96636903,255.901515,전기전자_MLCC,전기전자
2019-04-30,87548584,249.066176,전기전자_MLCC,전기전자
2019-05-31,83088085,250.540632,전기전자_MLCC,전기전자
2019-06-30,90867381,268.201126,전기전자_MLCC,전기전자
2019-07-31,89002979,251.391807,전기전자_MLCC,전기전자
2019-08-31,90966811,258.987161,전기전자_MLCC,전기전자
2019-09-30,87201766,244.11059,전기전자_MLCC,전기전자
2019-10-31,95519191,253.989644,전기전자_MLCC,전기전자
2019-11-30,92794794,249.938815,전기전자_MLCC,전기전자
2019-12-31,79876184,216.689755,전기전자_MLCC,전기전자
2020-01-31,74872230,226.991661,전기전자_MLCC,전기전자
2020-02-29,75322792,230.245016,전기전자_MLCC,전기전자
2020-03-31,83177896,209.824526,전기전자_MLCC,전기전자
2020-04-30,72451708,211.159233,전기전자_MLCC,전기전자
2020-05-31,89461726,213.464497,전기전자_MLCC,전기전자
2020-06-30,102649991,224.574094,전기전자_MLCC,전기전자
2020-07-31,104909838,190.652465,전기전자_MLCC,전기전자
2020-08-31,102795562,198.402138,전기전자_MLCC,전기전자
2020-09-30,122834343,206.95475,전기전자_MLCC,전기전자
2020-10-31,109896350,210.617296,전기전자_MLCC,전기전자
2020-11-30,107421289,208.68252,전기전자_MLCC,전기전자
2020-12-31,96224876,197.402559,전기전자_MLCC,전기전자
2021-01-31,118568069,188.701864,전기전자_MLCC,전기전자
2021-02-28,98694768,191.943026,전기전자_MLCC,전기전자
2021-03-31,112081462,202.492212,전기전자_MLCC,전기전자
2021-04-30,116114888,213.590478,전기전자_MLCC,전기전자
2021-05-31,111309392,198.484434,전기전자_MLCC,전기전자
2021-06-30,118176457,207.324833,전기전자_MLCC,전기전자
2021-07-31,122773943,220.989862,전기전자_MLCC,전기전자
2021-08-31,122310049,228.932061,전기전자_MLCC,전기전자
2021-09-30,108596136,218.509535,전기전자_MLCC,전기전자
2021-10-31,99322361,199.168507,전기전자_MLCC,전기전자
2021-11-30,105293000,224.516216,전기전자_MLCC,전기전자
2021-12-31,97371208,227.431644,전기전자_MLCC,전기전자
2022-01-31,102146835,216.846967,전기전자_MLCC,전기전자
2022-02-28,93824359,205.111685,전기전자_MLCC,전기전자
2022-03-31,107891810,195.407152,전기전자_MLCC,전기전자
2022-04-30,98144002,191.606213,전기전자_MLCC,전기전자
2022-05-31,97048424,221.217226,전기전자_MLCC,전기전자
2022-06-30,102697453,238.839434,전기전자_MLCC,전기전자
2022-07-31,95149242,225.897429,전기전자_MLCC,전기전자
2022-08-31,85346649,227.995924,전기전자_MLCC,전기전자
2022-09-30,90345125,231.076718,전기전자_MLCC,전기전자
2022-10-31,96585703,244.57253,전기전자_MLCC,전기전자
2022-11-30,90146918,213.239799,전기전자_MLCC,전기전자
2022-12-31,101230633,262.208383,전기전자_MLCC,전기전자
2023-01-31,108646314,279.26935,전기전자_MLCC,전기전자
2023-02-28,100307631,252.942377,전기전자_MLCC,전기전자
2023-03-31,125611772,266.753438,전기전자_MLCC,전기전자
2023-04-30,99276562,244.990518,전기전자_MLCC,전기전자
2023-05-31,132779165,276.497137,전기전자_MLCC,전기전자
2023-06-30,111164850,251.372192,전기전자_MLCC,전기전자
2023-07-31,107154216,233.040579,전기전자_MLCC,전기전자
2023-08-31,125762845,283.167347,전기전자_MLCC,전기전자
2023-09-30,115033351,231.252653,전기전자_MLCC,전기전자
2023-10-31,112410673,241.125257,전기전자_MLCC,전기전자
2023-11-30,97724001,234.936348,전기전자_MLCC,전기전자
2023-12-31,93211276,245.233453,전기전자_MLCC,전기전자
2024-01-31,107595812,231.959463,전기전자_MLCC,전기전자
2024-02-29,100284905,202.548249,전기전자_MLCC,전기전자
2024-03-31,107545726,205.012508,전기전자_MLCC,전기전자
2024-04-30,105277987,207.338806,전기전자_MLCC,전기전자
2024-05-31,107283237,205.270024,전기전자_MLCC,전기전자
2024-06-30,103889853,222.380555,전기전자_MLCC,전기전자
2024-07-31,111772329,219.244734,전기전자_MLCC,전기전자
2024-08-31,107851350,257.583469,전기전자_MLCC,전기전자
2024-09-30,107163005,245.404379,전기전자_MLCC,전기전자
2024-10-31,107486912,227.529541,전기전자_MLCC,전기전자
2024-11-30,109893787,243.973816,전기전자_MLCC,전기전자
2024-12-31,106056120,237.706029,전기전자_MLCC,전기전자
2025-01-31,103088023,242.117469,전기전자_MLCC,전기전자
2025-02-28,106175653,216.326795,전기전자_MLCC,전기전자
2025-03-31,107315891,207.651325,전기전자_MLCC,전기전자
2025-04-30,109674143,206.552946,전기전자_MLCC,전기전자
2025-05-31,113142810,212.635993,전기전자_MLCC,전기전자
2025-06-30,115288767,220.107466,전기전자_MLCC,전기전자
2025-07-31,125465091,237.357937,전기전자_MLCC,전기전자
2025-08-31,126393814,237.786809,전기전자_MLCC,전기전자
2025-09-30,133448517,235.128643,전기전자_MLCC,전기전자
2025-10-31,123421533,230.326315,전기전자_MLCC,전기전자
2025-11-30,121340939,231.594977,전기전자_MLCC,전기전자
2025-12-31,118093570,212.822138,전기전자_MLCC,전기전자
2026-01-31,119232702,217.154571,전기전자_MLCC,전기전자
2026-02-28,106704283,220.028629,전기전자_MLCC,전기전자
2026-03-31,122452578,211.447249,전기전자_MLCC,전기전자
2026-04-30,105410297,192.582271,전기전자_MLCC,전기전자
2026-05-31,129492939,214.558111,전기전자_MLCC,전기전자
2026-06-30,150609727,205.792301,전기전자_MLCC,전기전자
2026-07-31,154310845,213.169002,전기전자_MLCC,전기전자
2026-08-31,145962251,235.613007,전기전자_MLCC,전기전자
2017-01-31,199725199,154.508132,전기전자_PCB 기판,전기전자
2017-02-28,209684962,159.092107,전기전자_PCB 기판,전기전자
2017-03-31,249792700,138.958885,전기전자_PCB 기판,전기전자
2017-04-30,225381486,158.303983,전기전자_PCB 기판,전기전자
2017-05-31,244419182,164.946385,전기전자_PCB 기판,전기전자
2017-06-30,241795957,158.806902,전기전자_PCB 기판,전기전자
2017-07-31,230712982,153.187743,전기전자_PCB 기판,전기전자
2017-08-31,235158321,153.834999,전기전자_PCB 기판,전기전자
2017-09-30,264399273,155.711789,전기전자_PCB 기판,전기전자
2017-10-31,224148702,162.793559,전기전자_PCB 기판,전기전자
2017-11-30,230321080,160.942943,전기전자_PCB 기판,전기전자
2017-12-31,218800484,169.799035,전기전자_PCB 기판,전기전자
2018-01-31,241087697,173.020865,전기전자_PCB 기판,전기전자
2018-02-28,197667758,163.386757,전기전자_PCB 기판,전기전자
2018-03-31,230119768,176.253377,전기전자_PCB 기판,전기전자
2018-04-30,214471832,177.603765,전기전자_PCB 기판,전기전자
2018-05-31,215795131,177.619199,전기전자_PCB 기판,전기전자
2018-06-30,216024997,167.38186,전기전자_PCB 기판,전기전자
2018-07-31,225600432,171.135588,전기전자_PCB 기판,전기전자
2018-08-31,229444792,172.494623,전기전자_PCB 기판,전기전자
2018-09-30,220504816,180.948909,전기전자_PCB 기판,전기전자
2018-10-31,260037159,193.528359,전기전자_PCB 기판,전기전자
2018-11-30,226410126,189.764799,전기전자_PCB 기판,전기전자
2018-12-31,189254697,189.196723,전기전자_PCB 기판,전기전자
2019-01-31,224171177,178.586981,전기전자_PCB 기판,전기전자
2019-02-28,188633445,173.349201,전기전자_PCB 기판,전기전자
2019-03-31,222265041,181.988287,전기전자_PCB 기판,전기전자
2019-04-30,221768875,189.578006,전기전자_PCB 기판,전기전자
2019-05-31,196595349,172.819788,전기전자_PCB 기판,전기전자
2019-06-30,177249697,169.644651,전기전자_PCB 기판,전기전자
2019-07-31,214392906,179.631226,전기전자_PCB 기판,전기전자
2019-08-31,209937127,189.984568,전기전자_PCB 기판,전기전자
2019-09-30,187366649,173.032789,전기전자_PCB 기판,전기전자
2019-10-31,200572211,183.838378,전기전자_PCB 기판,전기전자
2019-11-30,182804921,180.893087,전기전자_PCB 기판,전기전자
2019-12-31,181982775,167.697284,전기전자_PCB 기판,전기전자
2020-01-31,207720930,194.343868,전기전자_PCB 기판,전기전자
2020-02-29,228141279,195.475967,전기전자_PCB 기판,전기전자
2020-03-31,232898363,174.044171,전기전자_PCB 기판,전기전자
2020-04-30,186836047,206.798281,전기전자_PCB 기판,전기전자
2020-05-31,178920893,214.249269,전기전자_PCB 기판,전기전자
2020-06-30,188677846,186.168185,전기전자_PCB 기판,전기전자
2020-07-31,235105690,165.88652,전기전자_PCB 기판,전기전자
2020-08-31,211066364,174.041594,전기전자_PCB 기판,전기전자
2020-09-30,242030109,189.354298,전기전자_PCB 기판,전기전자
2020-10-31,204688894,191.446467,전기전자_PCB 기판,전기전자
2020-11-30,187408387,184.697419,전기전자_PCB 기판,전기전자
2020-12-31,200070550,169.850608,전기전자_PCB 기판,전기전자
2021-01-31,206282139,166.590948,전기전자_PCB 기판,전기전자
2021-02-28,192309645,166.664129,전기전자_PCB 기판,전기전자
2021-03-31,226915119,168.715161,전기전자_PCB 기판,전기전자
2021-04-30,208306951,162.035035,전기전자_PCB 기판,전기전자
2021-05-31,205758860,167.1119,전기전자_PCB 기판,전기전자
2021-06-30,223366152,178.266487,전기전자_PCB 기판,전기전자
2021-07-31,237192517,185.582352,전기전자_PCB 기판,전기전자
2021-08-31,244260382,220.233073,전기전자_PCB 기판,전기전자
2021-09-30,240482697,201.127123,전기전자_PCB 기판,전기전자
2021-10-31,246073480,192.402529,전기전자_PCB 기판,전기전자
2021-11-30,235156003,213.57054,전기전자_PCB 기판,전기전자
2021-12-31,244844681,204.268333,전기전자_PCB 기판,전기전자
2022-01-31,242633534,216.712566,전기전자_PCB 기판,전기전자
2022-02-28,233731837,201.185316,전기전자_PCB 기판,전기전자
2022-03-31,258146608,191.528388,전기전자_PCB 기판,전기전자
2022-04-30,254006782,204.351634,전기전자_PCB 기판,전기전자
2022-05-31,253041910,213.244881,전기전자_PCB 기판,전기전자
2022-06-30,251859655,204.833421,전기전자_PCB 기판,전기전자
2022-07-31,257881218,232.921543,전기전자_PCB 기판,전기전자
2022-08-31,248911120,248.070526,전기전자_PCB 기판,전기전자
2022-09-30,244749386,229.043849,전기전자_PCB 기판,전기전자
2022-10-31,226522700,229.736852,전기전자_PCB 기판,전기전자
2022-11-30,217931726,230.489158,전기전자_PCB 기판,전기전자
2022-12-31,192537940,201.70144,전기전자_PCB 기판,전기전자
2023-01-31,193770485,192.786741,전기전자_PCB 기판,전기전자
2023-02-28,195656609,188.720284,전기전자_PCB 기판,전기전자
2023-03-31,237568125,190.095028,전기전자_PCB 기판,전기전자
2023-04-30,187786739,184.798337,전기전자_PCB 기판,전기전자
2023-05-31,200354541,175.310515,전기전자_PCB 기판,전기전자
2023-06-30,201051387,168.953189,전기전자_PCB 기판,전기전자
2023-07-31,206188696,178.700855,전기전자_PCB 기판,전기전자
2023-08-31,193282387,177.738048,전기전자_PCB 기판,전기전자
2023-09-30,193954962,190.419018,전기전자_PCB 기판,전기전자
2023-10-31,205295684,198.602942,전기전자_PCB 기판,전기전자
2023-11-30,210799292,187.313237,전기전자_PCB 기판,전기전자
2023-12-31,186643292,182.403423,전기전자_PCB 기판,전기전자
2024-01-31,223448172,193.387387,전기전자_PCB 기판,전기전자
2024-02-29,193243242,181.347797,전기전자_PCB 기판,전기전자
2024-03-31,205362316,206.242655,전기전자_PCB 기판,전기전자
2024-04-30,206809572,180.400694,전기전자_PCB 기판,전기전자
2024-05-31,216811798,188.981844,전기전자_PCB 기판,전기전자
2024-06-30,204216207,204.595146,전기전자_PCB 기판,전기전자
2024-07-31,227403292,195.205783,전기전자_PCB 기판,전기전자
2024-08-31,198176738,192.257523,전기전자_PCB 기판,전기전자
2024-09-30,189972367,217.939944,전기전자_PCB 기판,전기전자
2024-10-31,213382508,199.983406,전기전자_PCB 기판,전기전자
2024-11-30,201069192,196.966243,전기전자_PCB 기판,전기전자
2024-12-31,191346550,179.594522,전기전자_PCB 기판,전기전자
2025-01-31,186206807,184.586406,전기전자_PCB 기판,전기전자
2025-02-28,189834486,186.749243,전기전자_PCB 기판,전기전자
2025-03-31,248024154,217.18202,전기전자_PCB 기판,전기전자
2025-04-30,243290120,203.078496,전기전자_PCB 기판,전기전자
2025-05-31,223512685,207.478401,전기전자_PCB 기판,전기전자
2025-06-30,233211426,217.945904,전기전자_PCB 기판,전기전자
2025-07-31,254300119,209.475022,전기전자_PCB 기판,전기전자
2025-08-31,246095662,215.515186,전기전자_PCB 기판,전기전자
2025-09-30,233536854,201.41537,전기전자_PCB 기판,전기전자
2025-10-31,237488976,227.64384,전기전자_PCB 기판,전기전자
2025-11-30,239223249,224.719248,전기전자_PCB 기판,전기전자
2025-12-31,255992312,232.65617,전기전자_PCB 기판,전기전자
2026-01-31,266649361,240.059936,전기전자_PCB 기판,전기전자
2026-02-28,225928671,227.250131,전기전자_PCB 기판,전기전자
2026-03-31,264365665,239.58553,전기전자_PCB 기판,전기전자
2026-04-30,262599334,221.329989,전기전자_PCB 기판,전기전자
2026-05-31,256733658,237.976399,전기전자_PCB 기판,전기전자
2026-06-30,292545753,263.253158,전기전자_PCB 기판,전기전자
2026-07-31,307897740,249.814015,전기전자_PCB 기판,전기전자
2022-01-31,438250904,76.734192,전기전자_디스플레이_LCD,전기전자
2022-02-28,431859512,72.210201,전기전자_디스플레이_LCD,전기전자
2022-03-31,498855364,78.45717,전기전자_디스플레이_LCD,전기전자
2022-04-30,418138543,75.807457,전기전자_디스플레이_LCD,전기전자
2022-05-31,394507592,63.800239,전기전자_디스플레이_LCD,전기전자
2022-06-30,340475570,71.242992,전기전자_디스플레이_LCD,전기전자
2022-07-31,373482973,68.815234,전기전자_디스플레이_LCD,전기전자
2022-08-31,447842658,56.311639,전기전자_디스플레이_LCD,전기전자
2022-09-30,253270728,79.216841,전기전자_디스플레이_LCD,전기전자
2022-10-31,258834548,88.942209,전기전자_디스플레이_LCD,전기전자
2022-11-30,259526552,94.064493,전기전자_디스플레이_LCD,전기전자
2022-12-31,234174111,100.908484,전기전자_디스플레이_LCD,전기전자
2023-01-31,205289920,102.937278,전기전자_디스플레이_LCD,전기전자
2023-02-28,199629627,93.398702,전기전자_디스플레이_LCD,전기전자
2023-03-31,178352438,104.18537,전기전자_디스플레이_LCD,전기전자
2023-04-30,195389702,81.793585,전기전자_디스플레이_LCD,전기전자
2023-05-31,229689542,77.979535,전기전자_디스플레이_LCD,전기전자
2023-06-30,241581152,71.16386,전기전자_디스플레이_LCD,전기전자
2023-07-31,294721158,62.474997,전기전자_디스플레이_LCD,전기전자
2023-08-31,314551784,68.319987,전기전자_디스플레이_LCD,전기전자
2023-09-30,279459796,71.494175,전기전자_디스플레이_LCD,전기전자
2023-10-31,306684592,72.366105,전기전자_디스플레이_LCD,전기전자
2023-11-30,341528236,71.917006,전기전자_디스플레이_LCD,전기전자
2023-12-31,323896959,76.190001,전기전자_디스플레이_LCD,전기전자
2024-01-31,344959155,67.659368,전기전자_디스플레이_LCD,전기전자
2024-02-29,314780826,62.042064,전기전자_디스플레이_LCD,전기전자
2024-03-31,315649536,68.695563,전기전자_디스플레이_LCD,전기전자
2024-04-30,316755411,61.491478,전기전자_디스플레이_LCD,전기전자
2024-05-31,315879446,64.60436,전기전자_디스플레이_LCD,전기전자
2024-06-30,288195209,63.254029,전기전자_디스플레이_LCD,전기전자
2024-07-31,280121491,58.645873,전기전자_디스플레이_LCD,전기전자
2024-08-31,258110333,65.944775,전기전자_디스플레이_LCD,전기전자
2024-09-30,212063077,72.721441,전기전자_디스플레이_LCD,전기전자
2024-10-31,258820476,68.540937,전기전자_디스플레이_LCD,전기전자
2024-11-30,251927673,69.727263,전기전자_디스플레이_LCD,전기전자
2024-12-31,196927652,71.72787,전기전자_디스플레이_LCD,전기전자
2025-01-31,205716400,65.944591,전기전자_디스플레이_LCD,전기전자
2025-02-28,211370819,69.353485,전기전자_디스플레이_LCD,전기전자
2025-03-31,211149748,75.37435,전기전자_디스플레이_LCD,전기전자
2025-04-30,231535965,69.568056,전기전자_디스플레이_LCD,전기전자
2025-05-31,209564707,65.940218,전기전자_디스플레이_LCD,전기전자
2025-06-30,200583461,69.246579,전기전자_디스플레이_LCD,전기전자
2025-07-31,279078021,62.782693,전기전자_디스플레이_LCD,전기전자
2025-08-31,176037488,85.411136,전기전자_디스플레이_LCD,전기전자
2025-09-30,157131951,84.961129,전기전자_디스플레이_LCD,전기전자
2025-10-31,156077698,89.453279,전기전자_디스플레이_LCD,전기전자
2025-11-30,152197559,94.33819,전기전자_디스플레이_LCD,전기전자
2025-12-31,165808852,89.125108,전기전자_디스플레이_LCD,전기전자
2026-01-31,190004116,76.077222,전기전자_디스플레이_LCD,전기전자
2026-02-28,182924199,67.697716,전기전자_디스플레이_LCD,전기전자
2026-03-31,204951825,74.97651,전기전자_디스플레이_LCD,전기전자
2026-04-30,217077425,71.877213,전기전자_디스플레이_LCD,전기전자
2026-05-31,256273247,63.532484,전기전자_디스플레이_LCD,전기전자
2026-06-30,256394701,60.055519,전기전자_디스플레이_LCD,전기전자
2026-07-31,262109538,61.742336,전기전자_디스플레이_LCD,전기전자
2026-08-31,189403798,76.402651,전기전자_디스플레이_LCD,전기전자
2022-01-31,1394570635,987.097792,전기전자_디스플레이_OLED 모바일,전기전자
2022-02-28,1313296742,1045.416358,전기전자_디스플레이_OLED 모바일,전기전자
2022-03-31,1415608347,871.07976,전기전자_디스플레이_OLED 모바일,전기전자
2022-04-30,1169401657,793.894455,전기전자_디스플레이_OLED 모바일,전기전자
2022-05-31,991551034,770.869378,전기전자_디스플레이_OLED 모바일,전기전자
2022-06-30,1089856453,1345.025954,전기전자_디스플레이_OLED 모바일,전기전자
2022-07-31,1249877865,1042.370657,전기전자_디스플레이_OLED 모바일,전기전자
2022-08-31,1258016163,1001.170999,전기전자_디스플레이_OLED 모바일,전기전자
2022-09-30,1350713139,1322.806084,전기전자_디스플레이_OLED 모바일,전기전자
2022-10-31,1433816961,1534.538103,전기전자_디스플레이_OLED 모바일,전기전자
2022-11-30,1413588945,1471.74821,전기전자_디스플레이_OLED 모바일,전기전자
2022-12-31,1016201720,944.763565,전기전자_디스플레이_OLED 모바일,전기전자
2023-01-31,958344502,1469.682601,전기전자_디스플레이_OLED 모바일,전기전자
2023-02-28,796032316,926.600048,전기전자_디스플레이_OLED 모바일,전기전자
2023-03-31,907169984,1011.584536,전기전자_디스플레이_OLED 모바일,전기전자
2023-04-30,917509304,926.100021,전기전자_디스플레이_OLED 모바일,전기전자
2023-05-31,1057350212,879.338654,전기전자_디스플레이_OLED 모바일,전기전자
2023-06-30,1017850351,569.713424,전기전자_디스플레이_OLED 모바일,전기전자
2023-07-31,1246883129,866.061465,전기전자_디스플레이_OLED 모바일,전기전자
2023-08-31,1463333412,1042.349318,전기전자_디스플레이_OLED 모바일,전기전자
2023-09-30,1389264131,1093.894062,전기전자_디스플레이_OLED 모바일,전기전자
2023-10-31,1658345103,1149.338829,전기전자_디스플레이_OLED 모바일,전기전자
2023-11-30,1434146129,1020.528173,전기전자_디스플레이_OLED 모바일,전기전자
2023-12-31,1074626593,715.432387,전기전자_디스플레이_OLED 모바일,전기전자
2024-01-31,811039046,549.363946,전기전자_디스플레이_OLED 모바일,전기전자
2024-02-29,900468405,621.963302,전기전자_디스플레이_OLED 모바일,전기전자
2024-03-31,977847804,570.259452,전기전자_디스플레이_OLED 모바일,전기전자
2024-04-30,971820366,553.544879,전기전자_디스플레이_OLED 모바일,전기전자
2024-05-31,1177992603,688.158082,전기전자_디스플레이_OLED 모바일,전기전자
2024-06-30,1335434250,687.413328,전기전자_디스플레이_OLED 모바일,전기전자
2024-07-31,1290684055,602.913086,전기전자_디스플레이_OLED 모바일,전기전자
2024-08-31,1411912808,649.146277,전기전자_디스플레이_OLED 모바일,전기전자
2024-09-30,1385349525,811.896336,전기전자_디스플레이_OLED 모바일,전기전자
2024-10-31,1216004490,647.777407,전기전자_디스플레이_OLED 모바일,전기전자
2024-11-30,1094968331,750.273644,전기전자_디스플레이_OLED 모바일,전기전자
2024-12-31,1147348282,546.63251,전기전자_디스플레이_OLED 모바일,전기전자
2025-01-31,763825010,523.263192,전기전자_디스플레이_OLED 모바일,전기전자
2025-02-28,917691694,546.679461,전기전자_디스플레이_OLED 모바일,전기전자
2025-03-31,1124130398,668.469003,전기전자_디스플레이_OLED 모바일,전기전자
2025-04-30,958790683,525.141833,전기전자_디스플레이_OLED 모바일,전기전자
2025-05-31,1010149973,520.901613,전기전자_디스플레이_OLED 모바일,전기전자
2025-06-30,805187180,522.572381,전기전자_디스플레이_OLED 모바일,전기전자
2025-07-31,1165459433,550.156499,전기전자_디스플레이_OLED 모바일,전기전자
2025-08-31,1343811696,669.268228,전기전자_디스플레이_OLED 모바일,전기전자
2025-09-30,1440145435,726.008121,전기전자_디스플레이_OLED 모바일,전기전자
2025-10-31,1200489896,741.733315,전기전자_디스플레이_OLED 모바일,전기전자
2025-11-30,1160345768,817.134733,전기전자_디스플레이_OLED 모바일,전기전자
2025-12-31,1171840247,716.633023,전기전자_디스플레이_OLED 모바일,전기전자
2026-01-31,1020105965,636.177746,전기전자_디스플레이_OLED 모바일,전기전자
2026-02-28,918282326,552.615969,전기전자_디스플레이_OLED 모바일,전기전자
2026-03-31,1013335731,655.967371,전기전자_디스플레이_OLED 모바일,전기전자
2026-04-30,923141671,595.874266,전기전자_디스플레이_OLED 모바일,전기전자
2026-05-31,1043789422,610.74839,전기전자_디스플레이_OLED 모바일,전기전자
2026-06-30,1117497533,521.286015,전기전자_디스플레이_OLED 모바일,전기전자
2026-07-31,1193903898,525.240644,전기전자_디스플레이_OLED 모바일,전기전자
2026-08-31,1246565858,653.093718,전기전자_디스플레이_OLED 모바일,전기전자
2022-01-31,1394570635,987.097792,전기전자_디스플레이_OLED 전체,전기전자
2022-02-28,1313296742,1045.416358,전기전자_디스플레이_OLED 전체,전기전자
2022-03-31,1415608347,871.07976,전기전자_디스플레이_OLED 전체,전기전자
2022-04-30,1169401657,793.894455,전기전자_디스플레이_OLED 전체,전기전자
2022-05-31,991551034,770.869378,전기전자_디스플레이_OLED 전체,전기전자
2022-06-30,1089856453,1345.025954,전기전자_디스플레이_OLED 전체,전기전자
2022-07-31,1249877865,1042.370657,전기전자_디스플레이_OLED 전체,전기전자
2022-08-31,1258016163,1001.170999,전기전자_디스플레이_OLED 전체,전기전자
2022-09-30,1350713139,1322.806084,전기전자_디스플레이_OLED 전체,전기전자
2022-10-31,1433816961,1534.538103,전기전자_디스플레이_OLED 전체,전기전자
2022-11-30,1413588945,1471.74821,전기전자_디스플레이_OLED 전체,전기전자
2022-12-31,1016201720,944.763565,전기전자_디스플레이_OLED 전체,전기전자
2023-01-31,958344502,1469.682601,전기전자_디스플레이_OLED 전체,전기전자
2023-02-28,796032316,926.600048,전기전자_디스플레이_OLED 전체,전기전자
2023-03-31,907169984,1011.584536,전기전자_디스플레이_OLED 전체,전기전자
2023-04-30,917509304,926.100021,전기전자_디스플레이_OLED 전체,전기전자
2023-05-31,1057350212,879.338654,전기전자_디스플레이_OLED 전체,전기전자
2023-06-30,1017850351,569.713424,전기전자_디스플레이_OLED 전체,전기전자
2023-07-31,1246883129,866.061465,전기전자_디스플레이_OLED 전체,전기전자
2023-08-31,1463333412,1042.349318,전기전자_디스플레이_OLED 전체,전기전자
2023-09-30,1389264131,1093.894062,전기전자_디스플레이_OLED 전체,전기전자
2023-10-31,1658345103,1149.338829,전기전자_디스플레이_OLED 전체,전기전자
2023-11-30,1434146129,1020.528173,전기전자_디스플레이_OLED 전체,전기전자
2023-12-31,1074626593,715.432387,전기전자_디스플레이_OLED 전체,전기전자
2024-01-31,811039046,549.363946,전기전자_디스플레이_OLED 전체,전기전자
2024-02-29,900468405,621.963302,전기전자_디스플레이_OLED 전체,전기전자
2024-03-31,977847804,570.259452,전기전자_디스플레이_OLED 전체,전기전자
2024-04-30,971820366,553.544879,전기전자_디스플레이_OLED 전체,전기전자
2024-05-31,1177992603,688.158082,전기전자_디스플레이_OLED 전체,전기전자
2024-06-30,1335434250,687.413328,전기전자_디스플레이_OLED 전체,전기전자
2024-07-31,1290684055,602.913086,전기전자_디스플레이_OLED 전체,전기전자
2024-08-31,1411912808,649.146277,전기전자_디스플레이_OLED 전체,전기전자
2024-09-30,1385349525,811.896336,전기전자_디스플레이_OLED 전체,전기전자
2024-10-31,1216004490,647.777407,전기전자_디스플레이_OLED 전체,전기전자
2024-11-30,1094968331,750.273644,전기전자_디스플레이_OLED 전체,전기전자
2024-12-31,1147348282,546.63251,전기전자_디스플레이_OLED 전체,전기전자
2025-01-31,763825010,523.263192,전기전자_디스플레이_OLED 전체,전기전자
2025-02-28,917691694,546.679461,전기전자_디스플레이_OLED 전체,전기전자
2025-03-31,1124130398,668.469003,전기전자_디스플레이_OLED 전체,전기전자
2025-04-30,958790683,525.141833,전기전자_디스플레이_OLED 전체,전기전자
2025-05-31,1010149973,520.901613,전기전자_디스플레이_OLED 전체,전기전자
2025-06-30,805187180,522.572381,전기전자_디스플레이_OLED 전체,전기전자
2025-07-31,1165459433,550.156499,전기전자_디스플레이_OLED 전체,전기전자
2025-08-31,1343811696,669.268228,전기전자_디스플레이_OLED 전체,전기전자
2025-09-30,1440145435,726.008121,전기전자_디스플레이_OLED 전체,전기전자
2025-10-31,1200489896,741.733315,전기전자_디스플레이_OLED 전체,전기전자
2025-11-30,1160345768,817.134733,전기전자_디스플레이_OLED 전체,전기전자
2025-12-31,1171840247,716.633023,전기전자_디스플레이_OLED 전체,전기전자
2026-01-31,1020105965,636.177746,전기전자_디스플레이_OLED 전체,전기전자
2026-02-28,918282326,552.615969,전기전자_디스플레이_OLED 전체,전기전자
2026-03-31,1013335731,655.967371,전기전자_디스플레이_OLED 전체,전기전자
2026-04-30,923141671,595.874266,전기전자_디스플레이_OLED 전체,전기전자
2026-05-31,1043789422,610.74839,전기전자_디스플레이_OLED 전체,전기전자
2026-06-30,1117497533,521.286015,전기전자_디스플레이_OLED 전체,전기전자
2026-07-31,1193903898,525.240644,전기전자_디스플레이_OLED 전체,전기전자
2026-08-31,1246565858,653.093718,전기전자_디스플레이_OLED 전체,전기전자
2022-01-31,1394570635,987.097792,전기전자_디스플레이_OLED_TV,전기전자
2022-02-28,1313296742,1045.416358,전기전자_디스플레이_OLED_TV,전기전자
2022-03-31,1415608347,871.07976,전기전자_디스플레이_OLED_TV,전기전자
2022-04-30,1169401657,793.894455,전기전자_디스플레이_OLED_TV,전기전자
2022-05-31,991551034,770.869378,전기전자_디스플레이_OLED_TV,전기전자
2022-06-30,1089856453,1345.025954,전기전자_디스플레이_OLED_TV,전기전자
2022-07-31,1249877865,1042.370657,전기전자_디스플레이_OLED_TV,전기전자
2022-08-31,1258016163,1001.170999,전기전자_디스플레이_OLED_TV,전기전자
2022-09-30,1350713139,1322.806084,전기전자_디스플레이_OLED_TV,전기전자
2022-10-31,1433816961,1534.538103,전기전자_디스플레이_OLED_TV,전기전자
2022-11-30,1413588945,1471.74821,전기전자_디스플레이_OLED_TV,전기전자
2022-12-31,1016201720,944.763565,전기전자_디스플레이_OLED_TV,전기전자
2023-01-31,958344502,1469.682601,전기전자_디스플레이_OLED_TV,전기전자
2023-02-28,796032316,926.600048,전기전자_디스플레이_OLED_TV,전기전자
2023-03-31,907169984,1011.584536,전기전자_디스플레이_OLED_TV,전기전자
2023-04-30,917509304,926.100021,전기전자_디스플레이_OLED_TV,전기전자
2023-05-31,1057350212,879.338654,전기전자_디스플레이_OLED_TV,전기전자
2023-06-30,1017850351,569.713424,전기전자_디스플레이_OLED_TV,전기전자
2023-07-31,1246883129,866.061465,전기전자_디스플레이_OLED_TV,전기전자
2023-08-31,1463333412,1042.349318,전기전자_디스플레이_OLED_TV,전기전자
2023-09-30,1389264131,1093.894062,전기전자_디스플레이_OLED_TV,전기전자
2023-10-31,1658345103,1149.338829,전기전자_디스플레이_OLED_TV,전기전자
2023-11-30,1434146129,1020.528173,전기전자_디스플레이_OLED_TV,전기전자
2023-12-31,1074626593,715.432387,전기전자_디스플레이_OLED_TV,전기전자
2024-01-31,811039046,549.363946,전기전자_디스플레이_OLED_TV,전기전자
2024-02-29,900468405,621.963302,전기전자_디스플레이_OLED_TV,전기전자
2024-03-31,977847804,570.259452,전기전자_디스플레이_OLED_TV,전기전자
2024-04-30,971820366,553.544879,전기전자_디스플레이_OLED_TV,전기전자
2024-05-31,1177992603,688.158082,전기전자_디스플레이_OLED_TV,전기전자
2024-06-30,1335434250,687.413328,전기전자_디스플레이_OLED_TV,전기전자
2024-07-31,1290684055,602.913086,전기전자_디스플레이_OLED_TV,전기전자
2024-08-31,1411912808,649.146277,전기전자_디스플레이_OLED_TV,전기전자
2024-09-30,1385349525,811.896336,전기전자_디스플레이_OLED_TV,전기전자
2024-10-31,1216004490,647.777407,전기전자_디스플레이_OLED_TV,전기전자
2024-11-30,1094968331,750.273644,전기전자_디스플레이_OLED_TV,전기전자
2024-12-31,1147348282,546.63251,전기전자_디스플레이_OLED_TV,전기전자
2025-01-31,763825010,523.263192,전기전자_디스플레이_OLED_TV,전기전자
2025-02-28,917691694,546.679461,전기전자_디스플레이_OLED_TV,전기전자
2025-03-31,1124130398,668.469003,전기전자_디스플레이_OLED_TV,전기전자
2025-04-30,958790683,525.141833,전기전자_디스플레이_OLED_TV,전기전자
2025-05-31,1010149973,520.901613,전기전자_디스플레이_OLED_TV,전기전자
2025-06-30,805187180,522.572381,전기전자_디스플레이_OLED_TV,전기전자
2025-07-31,1165459433,550.156499,전기전자_디스플레이_OLED_TV,전기전자
2025-08-31,1343811696,669.268228,전기전자_디스플레이_OLED_TV,전기전자
2025-09-30,1440145435,726.008121,전기전자_디스플레이_OLED_TV,전기전자
2025-10-31,1200489896,741.733315,전기전자_디스플레이_OLED_TV,전기전자
2025-11-30,1160345768,817.134733,전기전자_디스플레이_OLED_TV,전기전자
2025-12-31,1171840247,716.633023,전기전자_디스플레이_OLED_TV,전기전자
2026-01-31,1020105965,636.177746,전기전자_디스플레이_OLED_TV,전기전자
2026-02-28,918282326,552.615969,전기전자_디스플레이_OLED_TV,전기전자
2026-03-31,1013335731,655.967371,전기전자_디스플레이_OLED_TV,전기전자
2026-04-30,923141671,595.874266,전기전자_디스플레이_OLED_TV,전기전자
2026-05-31,1043789422,610.74839,전기전자_디스플레이_OLED_TV,전기전자
2026-06-30,1117497533,521.286015,전기전자_디스플레이_OLED_TV,전기전자
2026-07-31,1193903898,525.240644,전기전자_디스플레이_OLED_TV,전기전자
2026-08-31,1246565858,653.093718,전기전자_디스플레이_OLED_TV,전기전자
2017-01-31,36512847,15.894365,전기전자_정수기,전기전자
2017-02-28,29832169,14.870687,전기전자_정수기,전기전자
2017-03-31,39055512,16.276721,전기전자_정수기,전기전자
2017-04-30,29784637,16.708918,전기전자_정수기,전기전자
2017-05-31,31507909,14.788946,전기전자_정수기,전기전자
2017-06-30,40849491,14.249824,전기전자_정수기,전기전자
2017-07-31,31491250,15.276845,전기전자_정수기,전기전자
2017-08-31,34690407,15.147003,전기전자_정수기,전기전자
2017-09-30,40422450,14.728754,전기전자_정수기,전기전자
2017-10-31,32389241,14.964719,전기전자_정수기,전기전자
2017-11-30,48300906,16.541407,전기전자_정수기,전기전자
2017-12-31,41722170,18.628136,전기전자_정수기,전기전자
2018-01-31,32268192,16.341596,전기전자_정수기,전기전자
2018-02-28,31838091,14.858398,전기전자_정수기,전기전자
2018-03-31,39502055,17.619269,전기전자_정수기,전기전자
2018-04-30,47733372,16.126091,전기전자_정수기,전기전자
2018-05-31,49128569,13.790265,전기전자_정수기,전기전자
2018-06-30,44486982,17.618668,전기전자_정수기,전기전자
2018-07-31,55877954,19.016512,전기전자_정수기,전기전자
2018-08-31,44976604,18.201651,전기전자_정수기,전기전자
2018-09-30,41994076,17.230889,전기전자_정수기,전기전자
2018-10-31,53995654,17.161597,전기전자_정수기,전기전자
2018-11-30,58178906,17.440291,전기전자_정수기,전기전자
2018-12-31,61296337,17.171691,전기전자_정수기,전기전자
2019-01-31,45459415,18.923299,전기전자_정수기,전기전자
2019-02-28,41305781,19.247401,전기전자_정수기,전기전자
2019-03-31,47725724,18.427723,전기전자_정수기,전기전자
2019-04-30,59097531,18.385881,전기전자_정수기,전기전자
2019-05-31,65602465,18.427752,전기전자_정수기,전기전자
2019-06-30,58443262,18.565814,전기전자_정수기,전기전자
2019-07-31,67264437,21.022547,전기전자_정수기,전기전자
2019-08-31,66367646,19.625652,전기전자_정수기,전기전자
2019-09-30,67723528,20.422786,전기전자_정수기,전기전자
2019-10-31,62532752,20.816902,전기전자_정수기,전기전자
2019-11-30,53528951,20.429166,전기전자_정수기,전기전자
2019-12-31,65562591,18.706911,전기전자_정수기,전기전자
2020-01-31,42079953,18.530975,전기전자_정수기,전기전자
2020-02-29,43559195,19.504162,전기전자_정수기,전기전자
2020-03-31,76192385,23.12756,전기전자_정수기,전기전자
2020-04-30,53529324,21.313888,전기전자_정수기,전기전자
2020-05-31,48678255,25.112009,전기전자_정수기,전기전자
2020-06-30,56474206,24.810017,전기전자_정수기,전기전자
2020-07-31,74409749,24.689036,전기전자_정수기,전기전자
2020-08-31,57423380,21.482156,전기전자_정수기,전기전자
2020-09-30,70156507,19.235701,전기전자_정수기,전기전자
2020-10-31,61579718,20.091326,전기전자_정수기,전기전자
2020-11-30,56739501,19.194324,전기전자_정수기,전기전자
2020-12-31,56053415,21.199459,전기전자_정수기,전기전자
2021-01-31,54053302,20.635702,전기전자_정수기,전기전자
2021-02-28,74344651,19.630245,전기전자_정수기,전기전자
2021-03-31,70064725,20.592822,전기전자_정수기,전기전자
2021-04-30,72714197,19.501267,전기전자_정수기,전기전자
2021-05-31,62692046,20.118945,전기전자_정수기,전기전자
2021-06-30,68680321,20.06462,전기전자_정수기,전기전자
2021-07-31,83285171,21.576731,전기전자_정수기,전기전자
2021-08-31,54762403,23.578224,전기전자_정수기,전기전자
2021-09-30,62654863,21.529026,전기전자_정수기,전기전자
2021-10-31,59151919,21.045781,전기전자_정수기,전기전자
2021-11-30,73484468,21.220419,전기전자_정수기,전기전자
2021-12-31,88903100,19.038688,전기전자_정수기,전기전자
2022-01-31,82211953,19.327038,전기전자_정수기,전기전자
2022-02-28,69424217,22.425538,전기전자_정수기,전기전자
2022-03-31,86936164,19.836025,전기전자_정수기,전기전자
2022-04-30,78630009,19.739586,전기전자_정수기,전기전자
2022-05-31,76273848,19.266602,전기전자_정수기,전기전자
2022-06-30,76743926,20.625306,전기전자_정수기,전기전자
2022-07-31,77863125,19.428871,전기전자_정수기,전기전자
2022-08-31,82012578,22.339635,전기전자_정수기,전기전자
2022-09-30,62631859,20.884819,전기전자_정수기,전기전자
2022-10-31,62285956,20.022097,전기전자_정수기,전기전자
2022-11-30,55734400,19.93651,전기전자_정수기,전기전자
2022-12-31,61283683,17.82566,전기전자_정수기,전기전자
2023-01-31,55725762,19.171141,전기전자_정수기,전기전자
2023-02-28,63404170,19.036986,전기전자_정수기,전기전자
2023-03-31,72590231,18.725589,전기전자_정수기,전기전자
2023-04-30,60509221,18.729383,전기전자_정수기,전기전자
2023-05-31,76068877,17.985936,전기전자_정수기,전기전자
2023-06-30,75365444,18.379759,전기전자_정수기,전기전자
2023-07-31,78392472,17.616453,전기전자_정수기,전기전자
2023-08-31,74508767,19.141954,전기전자_정수기,전기전자
2023-09-30,90631892,19.977456,전기전자_정수기,전기전자
2023-10-31,77356495,19.397285,전기전자_정수기,전기전자
2023-11-30,82111745,19.863951,전기전자_정수기,전기전자
2023-12-31,67926421,18.298914,전기전자_정수기,전기전자
2024-01-31,62572565,17.920837,전기전자_정수기,전기전자
2024-02-29,67910909,18.258671,전기전자_정수기,전기전자
2024-03-31,69062465,16.996689,전기전자_정수기,전기전자
2024-04-30,81133564,20.02737,전기전자_정수기,전기전자
2024-05-31,67664541,17.787286,전기전자_정수기,전기전자
2024-06-30,64647211,17.484423,전기전자_정수기,전기전자
2024-07-31,77624917,18.432503,전기전자_정수기,전기전자
2024-08-31,75989191,19.760715,전기전자_정수기,전기전자
2024-09-30,63843124,18.502657,전기전자_정수기,전기전자
2024-10-31,58449982,18.295256,전기전자_정수기,전기전자
2024-11-30,60742211,17.969553,전기전자_정수기,전기전자
2024-12-31,67561680,18.565369,전기전자_정수기,전기전자
2025-01-31,49866284,17.798046,전기전자_정수기,전기전자
2025-02-28,61638102,17.908107,전기전자_정수기,전기전자
2025-03-31,68828750,18.699795,전기전자_정수기,전기전자
2025-04-30,69934817,17.312634,전기전자_정수기,전기전자
2025-05-31,63736121,18.203608,전기전자_정수기,전기전자
2025-06-30,63568368,17.412543,전기전자_정수기,전기전자
2025-07-31,69385244,17.434783,전기전자_정수기,전기전자
2025-08-31,62125351,17.251892,전기전자_정수기,전기전자
2025-09-30,76830681,17.300231,전기전자_정수기,전기전자
2025-10-31,63346858,19.33122,전기전자_정수기,전기전자
2025-11-30,60464013,18.446093,전기전자_정수기,전기전자
2025-12-31,69623323,18.916654,전기전자_정수기,전기전자
2026-01-31,64139580,18.084807,전기전자_정수기,전기전자
2026-02-28,57683473,17.811864,전기전자_정수기,전기전자
2026-03-31,75831359,18.389685,전기전자_정수기,전기전자
2026-04-30,71156898,17.413912,전기전자_정수기,전기전자
2026-05-31,62320491,16.904226,전기전자_정수기,전기전자
2026-06-30,83180172,17.27436,전기전자_정수기,전기전자
2026-07-31,83605163,17.474003,전기전자_정수기,전기전자
2026-08-31,54479599,16.35934,전기전자_정수기,전기전자
2017-01-31,4413815,5.914581,전력기기·전력인프라·원전_건식 배전변압기,전력기기·전력인프라·원전
2017-02-28,8768379,6.653464,전력기기·전력인프라·원전_건식 배전변압기,전력기기·전력인프라·원전
2017-03-31,9381144,8.741944,전력기기·전력인프라·원전_건식 배전변압기,전력기기·전력인프라·원전
2017-04-30,7987199,5.768532,전력기기·전력인프라·원전_건식 배전변압기,전력기기·전력인프라·원전
2017-05-31,7039399,5.827434,전력기기·전력인프라·원전_건식 배전변압기,전력기기·전력인프라·원전
2017-06-30,6341460,6.280444,전력기기·전력인프라·원전_건식 배전변압기,전력기기·전력인프라·원전
2017-07-31,5421817,5.78879,전력기기·전력인프라·원전_건식 배전변압기,전력기기·전력인프라·원전
2017-08-31,3263392,6.324838,전력기기·전력인프라·원전_건식 배전변압기,전력기기·전력인프라·원전
2017-09-30,10043228,6.141421,전력기기·전력인프라·원전_건식 배전변압기,전력기기·전력인프라·원전
2017-10-31,12568820,8.646046,전력기기·전력인프라·원전_건식 배전변압기,전력기기·전력인프라·원전
2017-11-30,7085266,6.734266,전력기기·전력인프라·원전_건식 배전변압기,전력기기·전력인프라·원전
2017-12-31,14378017,8.587526,전력기기·전력인프라·원전_건식 배전변압기,전력기기·전력인프라·원전
2018-01-31,8566754,6.147093,전력기기·전력인프라·원전_건식 배전변압기,전력기기·전력인프라·원전
2018-02-28,14843419,10.807042,전력기기·전력인프라·원전_건식 배전변압기,전력기기·전력인프라·원전
2018-03-31,12159472,8.637901,전력기기·전력인프라·원전_건식 배전변압기,전력기기·전력인프라·원전
2018-04-30,9477414,8.606655,전력기기·전력인프라·원전_건식 배전변압기,전력기기·전력인프라·원전
2018-05-31,12426479,9.677592,전력기기·전력인프라·원전_건식 배전변압기,전력기기·전력인프라·원전
2018-06-30,12661128,6.648438,전력기기·전력인프라·원전_건식 배전변압기,전력기기·전력인프라·원전
2018-07-31,11821153,7.097354,전력기기·전력인프라·원전_건식 배전변압기,전력기기·전력인프라·원전
2018-08-31,7358322,7.292387,전력기기·전력인프라·원전_건식 배전변압기,전력기기·전력인프라·원전
2018-09-30,12835950,7.725967,전력기기·전력인프라·원전_건식 배전변압기,전력기기·전력인프라·원전
2018-10-31,14266228,6.648205,전력기기·전력인프라·원전_건식 배전변압기,전력기기·전력인프라·원전
2018-11-30,10547175,6.099572,전력기기·전력인프라·원전_건식 배전변압기,전력기기·전력인프라·원전
2018-12-31,14796624,9.633709,전력기기·전력인프라·원전_건식 배전변압기,전력기기·전력인프라·원전
2019-01-31,7735876,6.643194,전력기기·전력인프라·원전_건식 배전변압기,전력기기·전력인프라·원전
2019-02-28,4189004,8.275735,전력기기·전력인프라·원전_건식 배전변압기,전력기기·전력인프라·원전
2019-03-31,8654254,5.955271,전력기기·전력인프라·원전_건식 배전변압기,전력기기·전력인프라·원전
2019-04-30,6840093,7.252626,전력기기·전력인프라·원전_건식 배전변압기,전력기기·전력인프라·원전
2019-05-31,7976562,7.237261,전력기기·전력인프라·원전_건식 배전변압기,전력기기·전력인프라·원전
2019-06-30,6756121,6.78886,전력기기·전력인프라·원전_건식 배전변압기,전력기기·전력인프라·원전
2019-07-31,10221039,6.492562,전력기기·전력인프라·원전_건식 배전변압기,전력기기·전력인프라·원전
2019-08-31,9278816,10.136844,전력기기·전력인프라·원전_건식 배전변압기,전력기기·전력인프라·원전
2019-09-30,7817545,6.74166,전력기기·전력인프라·원전_건식 배전변압기,전력기기·전력인프라·원전
2019-10-31,7890449,6.869897,전력기기·전력인프라·원전_건식 배전변압기,전력기기·전력인프라·원전
2019-11-30,4968552,6.156548,전력기기·전력인프라·원전_건식 배전변압기,전력기기·전력인프라·원전
2019-12-31,9186340,6.639993,전력기기·전력인프라·원전_건식 배전변압기,전력기기·전력인프라·원전
2020-01-31,5918093,7.218726,전력기기·전력인프라·원전_건식 배전변압기,전력기기·전력인프라·원전
2020-02-29,12588629,5.951052,전력기기·전력인프라·원전_건식 배전변압기,전력기기·전력인프라·원전
2020-03-31,11248149,5.585466,전력기기·전력인프라·원전_건식 배전변압기,전력기기·전력인프라·원전
2020-04-30,6709370,6.484852,전력기기·전력인프라·원전_건식 배전변압기,전력기기·전력인프라·원전
2020-05-31,25032342,14.536573,전력기기·전력인프라·원전_건식 배전변압기,전력기기·전력인프라·원전
2020-06-30,5130884,7.184986,전력기기·전력인프라·원전_건식 배전변압기,전력기기·전력인프라·원전
2020-07-31,6833905,6.474463,전력기기·전력인프라·원전_건식 배전변압기,전력기기·전력인프라·원전
2020-08-31,6029012,6.356646,전력기기·전력인프라·원전_건식 배전변압기,전력기기·전력인프라·원전
2020-09-30,4998341,6.23397,전력기기·전력인프라·원전_건식 배전변압기,전력기기·전력인프라·원전
2020-10-31,6077509,6.0045,전력기기·전력인프라·원전_건식 배전변압기,전력기기·전력인프라·원전
2020-11-30,7707289,6.878243,전력기기·전력인프라·원전_건식 배전변압기,전력기기·전력인프라·원전
2020-12-31,7562696,6.950758,전력기기·전력인프라·원전_건식 배전변압기,전력기기·전력인프라·원전
2021-01-31,4124663,6.826263,전력기기·전력인프라·원전_건식 배전변압기,전력기기·전력인프라·원전
2021-02-28,8506790,6.736351,전력기기·전력인프라·원전_건식 배전변압기,전력기기·전력인프라·원전
2021-03-31,6780621,6.241486,전력기기·전력인프라·원전_건식 배전변압기,전력기기·전력인프라·원전
2021-04-30,7421227,7.066052,전력기기·전력인프라·원전_건식 배전변압기,전력기기·전력인프라·원전
2021-05-31,7790616,6.129302,전력기기·전력인프라·원전_건식 배전변압기,전력기기·전력인프라·원전
2021-06-30,8514558,5.881333,전력기기·전력인프라·원전_건식 배전변압기,전력기기·전력인프라·원전
2021-07-31,10109221,7.226157,전력기기·전력인프라·원전_건식 배전변압기,전력기기·전력인프라·원전
2021-08-31,10797262,7.406201,전력기기·전력인프라·원전_건식 배전변압기,전력기기·전력인프라·원전
2021-09-30,9065954,5.882172,전력기기·전력인프라·원전_건식 배전변압기,전력기기·전력인프라·원전
2021-10-31,9122226,6.269887,전력기기·전력인프라·원전_건식 배전변압기,전력기기·전력인프라·원전
2021-11-30,8959008,6.72537,전력기기·전력인프라·원전_건식 배전변압기,전력기기·전력인프라·원전
2021-12-31,11885765,8.434666,전력기기·전력인프라·원전_건식 배전변압기,전력기기·전력인프라·원전
2022-01-31,10274034,6.743565,전력기기·전력인프라·원전_건식 배전변압기,전력기기·전력인프라·원전
2022-02-28,35303173,19.88941,전력기기·전력인프라·원전_건식 배전변압기,전력기기·전력인프라·원전
2022-03-31,11234275,6.421074,전력기기·전력인프라·원전_건식 배전변압기,전력기기·전력인프라·원전
2022-04-30,14143360,6.585502,전력기기·전력인프라·원전_건식 배전변압기,전력기기·전력인프라·원전
2022-05-31,10174816,6.748594,전력기기·전력인프라·원전_건식 배전변압기,전력기기·전력인프라·원전
2022-06-30,10725447,7.596476,전력기기·전력인프라·원전_건식 배전변압기,전력기기·전력인프라·원전
2022-07-31,10655837,7.693684,전력기기·전력인프라·원전_건식 배전변압기,전력기기·전력인프라·원전
2022-08-31,11479639,7.802282,전력기기·전력인프라·원전_건식 배전변압기,전력기기·전력인프라·원전
2022-09-30,17087426,8.086357,전력기기·전력인프라·원전_건식 배전변압기,전력기기·전력인프라·원전
2022-10-31,9093343,7.288097,전력기기·전력인프라·원전_건식 배전변압기,전력기기·전력인프라·원전
2022-11-30,11414343,7.816407,전력기기·전력인프라·원전_건식 배전변압기,전력기기·전력인프라·원전
2022-12-31,24476561,12.602267,전력기기·전력인프라·원전_건식 배전변압기,전력기기·전력인프라·원전
2023-01-31,13549578,8.271925,전력기기·전력인프라·원전_건식 배전변압기,전력기기·전력인프라·원전
2023-02-28,18367079,9.277839,전력기기·전력인프라·원전_건식 배전변압기,전력기기·전력인프라·원전
2023-03-31,16206212,8.099517,전력기기·전력인프라·원전_건식 배전변압기,전력기기·전력인프라·원전
2023-04-30,17774823,10.76454,전력기기·전력인프라·원전_건식 배전변압기,전력기기·전력인프라·원전
2023-05-31,26329241,8.872295,전력기기·전력인프라·원전_건식 배전변압기,전력기기·전력인프라·원전
2023-06-30,22016691,9.574406,전력기기·전력인프라·원전_건식 배전변압기,전력기기·전력인프라·원전
2023-07-31,24581660,9.932095,전력기기·전력인프라·원전_건식 배전변압기,전력기기·전력인프라·원전
2023-08-31,24643310,9.152365,전력기기·전력인프라·원전_건식 배전변압기,전력기기·전력인프라·원전
2023-09-30,40074246,11.366759,전력기기·전력인프라·원전_건식 배전변압기,전력기기·전력인프라·원전
2023-10-31,22153508,10.522203,전력기기·전력인프라·원전_건식 배전변압기,전력기기·전력인프라·원전
2023-11-30,22641384,9.478675,전력기기·전력인프라·원전_건식 배전변압기,전력기기·전력인프라·원전
2023-12-31,22339027,9.036041,전력기기·전력인프라·원전_건식 배전변압기,전력기기·전력인프라·원전
2024-01-31,27815617,10.619828,전력기기·전력인프라·원전_건식 배전변압기,전력기기·전력인프라·원전
2024-02-29,26879171,12.25054,전력기기·전력인프라·원전_건식 배전변압기,전력기기·전력인프라·원전
2024-03-31,29435472,10.148564,전력기기·전력인프라·원전_건식 배전변압기,전력기기·전력인프라·원전
2024-04-30,36030054,11.09863,전력기기·전력인프라·원전_건식 배전변압기,전력기기·전력인프라·원전
2024-05-31,19786689,9.079527,전력기기·전력인프라·원전_건식 배전변압기,전력기기·전력인프라·원전
2024-06-30,25490126,9.744481,전력기기·전력인프라·원전_건식 배전변압기,전력기기·전력인프라·원전
2024-07-31,15960218,8.726197,전력기기·전력인프라·원전_건식 배전변압기,전력기기·전력인프라·원전
2024-08-31,17747910,8.851244,전력기기·전력인프라·원전_건식 배전변압기,전력기기·전력인프라·원전
2024-09-30,16789704,8.260642,전력기기·전력인프라·원전_건식 배전변압기,전력기기·전력인프라·원전
2024-10-31,18767437,8.344131,전력기기·전력인프라·원전_건식 배전변압기,전력기기·전력인프라·원전
2024-11-30,14956857,7.8326,전력기기·전력인프라·원전_건식 배전변압기,전력기기·전력인프라·원전
2024-12-31,18536853,8.383207,전력기기·전력인프라·원전_건식 배전변압기,전력기기·전력인프라·원전
2025-01-31,13955743,8.565898,전력기기·전력인프라·원전_건식 배전변압기,전력기기·전력인프라·원전
2025-02-28,12656953,7.767266,전력기기·전력인프라·원전_건식 배전변압기,전력기기·전력인프라·원전
2025-03-31,16379459,8.119368,전력기기·전력인프라·원전_건식 배전변압기,전력기기·전력인프라·원전
2025-04-30,31911930,8.948884,전력기기·전력인프라·원전_건식 배전변압기,전력기기·전력인프라·원전
2025-05-31,28106497,8.288167,전력기기·전력인프라·원전_건식 배전변압기,전력기기·전력인프라·원전
2025-06-30,24965166,8.928864,전력기기·전력인프라·원전_건식 배전변압기,전력기기·전력인프라·원전
2025-07-31,25704622,8.615134,전력기기·전력인프라·원전_건식 배전변압기,전력기기·전력인프라·원전
2025-08-31,17858136,9.493098,전력기기·전력인프라·원전_건식 배전변압기,전력기기·전력인프라·원전
2025-09-30,16443782,8.265895,전력기기·전력인프라·원전_건식 배전변압기,전력기기·전력인프라·원전
2025-10-31,11513626,7.529702,전력기기·전력인프라·원전_건식 배전변압기,전력기기·전력인프라·원전
2025-11-30,15218576,8.16548,전력기기·전력인프라·원전_건식 배전변압기,전력기기·전력인프라·원전
2025-12-31,31078882,9.787405,전력기기·전력인프라·원전_건식 배전변압기,전력기기·전력인프라·원전
2026-01-31,31468991,9.881282,전력기기·전력인프라·원전_건식 배전변압기,전력기기·전력인프라·원전
2026-02-28,21800955,9.491975,전력기기·전력인프라·원전_건식 배전변압기,전력기기·전력인프라·원전
2026-03-31,28094991,10.200554,전력기기·전력인프라·원전_건식 배전변압기,전력기기·전력인프라·원전
2026-04-30,21645943,8.014618,전력기기·전력인프라·원전_건식 배전변압기,전력기기·전력인프라·원전
2026-05-31,21528248,7.865492,전력기기·전력인프라·원전_건식 배전변압기,전력기기·전력인프라·원전
2026-06-30,29748749,8.283795,전력기기·전력인프라·원전_건식 배전변압기,전력기기·전력인프라·원전
2026-07-31,25184233,7.888029,전력기기·전력인프라·원전_건식 배전변압기,전력기기·전력인프라·원전
2026-08-31,19606406,8.525903,전력기기·전력인프라·원전_건식 배전변압기,전력기기·전력인프라·원전
2017-01-31,31730069,8.220434,전력기기·전력인프라·원전_대형 변압기,전력기기·전력인프라·원전
2017-02-28,59589245,8.385649,전력기기·전력인프라·원전_대형 변압기,전력기기·전력인프라·원전
2017-03-31,61314010,9.804144,전력기기·전력인프라·원전_대형 변압기,전력기기·전력인프라·원전
2017-04-30,56783486,8.452029,전력기기·전력인프라·원전_대형 변압기,전력기기·전력인프라·원전
2017-05-31,54778371,8.794343,전력기기·전력인프라·원전_대형 변압기,전력기기·전력인프라·원전
2017-06-30,80421400,9.191215,전력기기·전력인프라·원전_대형 변압기,전력기기·전력인프라·원전
2017-07-31,30217332,8.772989,전력기기·전력인프라·원전_대형 변압기,전력기기·전력인프라·원전
2017-08-31,57600402,8.187356,전력기기·전력인프라·원전_대형 변압기,전력기기·전력인프라·원전
2017-09-30,37857868,8.028542,전력기기·전력인프라·원전_대형 변압기,전력기기·전력인프라·원전
2017-10-31,27985690,8.159912,전력기기·전력인프라·원전_대형 변압기,전력기기·전력인프라·원전
2017-11-30,65772652,8.935988,전력기기·전력인프라·원전_대형 변압기,전력기기·전력인프라·원전
2017-12-31,92298019,7.973827,전력기기·전력인프라·원전_대형 변압기,전력기기·전력인프라·원전
2018-01-31,25476757,8.972276,전력기기·전력인프라·원전_대형 변압기,전력기기·전력인프라·원전
2018-02-28,26012175,8.067257,전력기기·전력인프라·원전_대형 변압기,전력기기·전력인프라·원전
2018-03-31,52727643,9.079827,전력기기·전력인프라·원전_대형 변압기,전력기기·전력인프라·원전
2018-04-30,27547651,8.220069,전력기기·전력인프라·원전_대형 변압기,전력기기·전력인프라·원전
2018-05-31,37909670,8.291709,전력기기·전력인프라·원전_대형 변압기,전력기기·전력인프라·원전
2018-06-30,48132354,7.729088,전력기기·전력인프라·원전_대형 변압기,전력기기·전력인프라·원전
2018-07-31,12924723,9.083495,전력기기·전력인프라·원전_대형 변압기,전력기기·전력인프라·원전
2018-08-31,17979945,11.579905,전력기기·전력인프라·원전_대형 변압기,전력기기·전력인프라·원전
2018-09-30,51373026,7.699885,전력기기·전력인프라·원전_대형 변압기,전력기기·전력인프라·원전
2018-10-31,14567288,7.168547,전력기기·전력인프라·원전_대형 변압기,전력기기·전력인프라·원전
2018-11-30,31700564,8.309791,전력기기·전력인프라·원전_대형 변압기,전력기기·전력인프라·원전
2018-12-31,29816702,7.706327,전력기기·전력인프라·원전_대형 변압기,전력기기·전력인프라·원전
2019-01-31,29846390,8.021841,전력기기·전력인프라·원전_대형 변압기,전력기기·전력인프라·원전
2019-02-28,23533559,7.73664,전력기기·전력인프라·원전_대형 변압기,전력기기·전력인프라·원전
2019-03-31,31590604,8.166975,전력기기·전력인프라·원전_대형 변압기,전력기기·전력인프라·원전
2019-04-30,21171720,9.088486,전력기기·전력인프라·원전_대형 변압기,전력기기·전력인프라·원전
2019-05-31,41098251,8.055425,전력기기·전력인프라·원전_대형 변압기,전력기기·전력인프라·원전
2019-06-30,48787973,8.19752,전력기기·전력인프라·원전_대형 변압기,전력기기·전력인프라·원전
2019-07-31,23800345,7.747503,전력기기·전력인프라·원전_대형 변압기,전력기기·전력인프라·원전
2019-08-31,32604527,8.151649,전력기기·전력인프라·원전_대형 변압기,전력기기·전력인프라·원전
2019-09-30,27356166,7.977045,전력기기·전력인프라·원전_대형 변압기,전력기기·전력인프라·원전
2019-10-31,38711055,8.318393,전력기기·전력인프라·원전_대형 변압기,전력기기·전력인프라·원전
2019-11-30,49864257,7.793801,전력기기·전력인프라·원전_대형 변압기,전력기기·전력인프라·원전
2019-12-31,38041340,8.878445,전력기기·전력인프라·원전_대형 변압기,전력기기·전력인프라·원전
2020-01-31,10551824,8.112494,전력기기·전력인프라·원전_대형 변압기,전력기기·전력인프라·원전
2020-02-29,27097675,7.186271,전력기기·전력인프라·원전_대형 변압기,전력기기·전력인프라·원전
2020-03-31,48401982,7.645002,전력기기·전력인프라·원전_대형 변압기,전력기기·전력인프라·원전
2020-04-30,39613300,8.183782,전력기기·전력인프라·원전_대형 변압기,전력기기·전력인프라·원전
2020-05-31,20032559,8.732201,전력기기·전력인프라·원전_대형 변압기,전력기기·전력인프라·원전
2020-06-30,25651927,7.484293,전력기기·전력인프라·원전_대형 변압기,전력기기·전력인프라·원전
2020-07-31,30420991,8.52966,전력기기·전력인프라·원전_대형 변압기,전력기기·전력인프라·원전
2020-08-31,13363829,7.309113,전력기기·전력인프라·원전_대형 변압기,전력기기·전력인프라·원전
2020-09-30,31056228,8.85453,전력기기·전력인프라·원전_대형 변압기,전력기기·전력인프라·원전
2020-10-31,23027256,7.206943,전력기기·전력인프라·원전_대형 변압기,전력기기·전력인프라·원전
2020-11-30,27445517,10.007397,전력기기·전력인프라·원전_대형 변압기,전력기기·전력인프라·원전
2020-12-31,60500983,9.064387,전력기기·전력인프라·원전_대형 변압기,전력기기·전력인프라·원전
2021-01-31,19009305,8.515594,전력기기·전력인프라·원전_대형 변압기,전력기기·전력인프라·원전
2021-02-28,28417957,9.918574,전력기기·전력인프라·원전_대형 변압기,전력기기·전력인프라·원전
2021-03-31,47047457,9.365252,전력기기·전력인프라·원전_대형 변압기,전력기기·전력인프라·원전
2021-04-30,27430002,9.964954,전력기기·전력인프라·원전_대형 변압기,전력기기·전력인프라·원전
2021-05-31,8186622,8.54323,전력기기·전력인프라·원전_대형 변압기,전력기기·전력인프라·원전
2021-06-30,26555037,9.865683,전력기기·전력인프라·원전_대형 변압기,전력기기·전력인프라·원전
2021-07-31,25679526,9.576514,전력기기·전력인프라·원전_대형 변압기,전력기기·전력인프라·원전
2021-08-31,28000648,7.817234,전력기기·전력인프라·원전_대형 변압기,전력기기·전력인프라·원전
2021-09-30,7049239,9.335603,전력기기·전력인프라·원전_대형 변압기,전력기기·전력인프라·원전
2021-10-31,10347972,8.450342,전력기기·전력인프라·원전_대형 변압기,전력기기·전력인프라·원전
2021-11-30,24998564,8.204867,전력기기·전력인프라·원전_대형 변압기,전력기기·전력인프라·원전
2021-12-31,33524402,7.691048,전력기기·전력인프라·원전_대형 변압기,전력기기·전력인프라·원전
2022-01-31,17311262,9.365189,전력기기·전력인프라·원전_대형 변압기,전력기기·전력인프라·원전
2022-02-28,26318652,10.349104,전력기기·전력인프라·원전_대형 변압기,전력기기·전력인프라·원전
2022-03-31,13535050,7.581921,전력기기·전력인프라·원전_대형 변압기,전력기기·전력인프라·원전
2022-04-30,28161066,10.503212,전력기기·전력인프라·원전_대형 변압기,전력기기·전력인프라·원전
2022-05-31,26855519,9.013849,전력기기·전력인프라·원전_대형 변압기,전력기기·전력인프라·원전
2022-06-30,33007097,10.209632,전력기기·전력인프라·원전_대형 변압기,전력기기·전력인프라·원전
2022-07-31,38495354,10.226509,전력기기·전력인프라·원전_대형 변압기,전력기기·전력인프라·원전
2022-08-31,28795509,9.186937,전력기기·전력인프라·원전_대형 변압기,전력기기·전력인프라·원전
2022-09-30,50321311,10.949018,전력기기·전력인프라·원전_대형 변압기,전력기기·전력인프라·원전
2022-10-31,18357606,12.067917,전력기기·전력인프라·원전_대형 변압기,전력기기·전력인프라·원전
2022-11-30,62800071,11.326957,전력기기·전력인프라·원전_대형 변압기,전력기기·전력인프라·원전
2022-12-31,40947546,11.096182,전력기기·전력인프라·원전_대형 변압기,전력기기·전력인프라·원전
2023-01-31,51403542,10.986775,전력기기·전력인프라·원전_대형 변압기,전력기기·전력인프라·원전
2023-02-28,53001973,12.726764,전력기기·전력인프라·원전_대형 변압기,전력기기·전력인프라·원전
2023-03-31,47218986,11.494582,전력기기·전력인프라·원전_대형 변압기,전력기기·전력인프라·원전
2023-04-30,50340282,13.320802,전력기기·전력인프라·원전_대형 변압기,전력기기·전력인프라·원전
2023-05-31,64269194,13.654814,전력기기·전력인프라·원전_대형 변압기,전력기기·전력인프라·원전
2023-06-30,43071718,13.586968,전력기기·전력인프라·원전_대형 변압기,전력기기·전력인프라·원전
2023-07-31,63625063,14.43917,전력기기·전력인프라·원전_대형 변압기,전력기기·전력인프라·원전
2023-08-31,24241343,14.575625,전력기기·전력인프라·원전_대형 변압기,전력기기·전력인프라·원전
2023-09-30,83868805,16.077558,전력기기·전력인프라·원전_대형 변압기,전력기기·전력인프라·원전
2023-10-31,49587906,13.384708,전력기기·전력인프라·원전_대형 변압기,전력기기·전력인프라·원전
2023-11-30,51821974,13.959492,전력기기·전력인프라·원전_대형 변압기,전력기기·전력인프라·원전
2023-12-31,102270896,14.533964,전력기기·전력인프라·원전_대형 변압기,전력기기·전력인프라·원전
2024-01-31,68710644,15.339115,전력기기·전력인프라·원전_대형 변압기,전력기기·전력인프라·원전
2024-02-29,87737219,12.042746,전력기기·전력인프라·원전_대형 변압기,전력기기·전력인프라·원전
2024-03-31,117595979,13.355425,전력기기·전력인프라·원전_대형 변압기,전력기기·전력인프라·원전
2024-04-30,59935958,16.790722,전력기기·전력인프라·원전_대형 변압기,전력기기·전력인프라·원전
2024-05-31,61338041,16.158038,전력기기·전력인프라·원전_대형 변압기,전력기기·전력인프라·원전
2024-06-30,81752495,17.908523,전력기기·전력인프라·원전_대형 변압기,전력기기·전력인프라·원전
2024-07-31,39068630,15.419974,전력기기·전력인프라·원전_대형 변압기,전력기기·전력인프라·원전
2024-08-31,54659351,16.710304,전력기기·전력인프라·원전_대형 변압기,전력기기·전력인프라·원전
2024-09-30,102488098,16.800069,전력기기·전력인프라·원전_대형 변압기,전력기기·전력인프라·원전
2024-10-31,107056258,20.356038,전력기기·전력인프라·원전_대형 변압기,전력기기·전력인프라·원전
2024-11-30,49101785,18.87516,전력기기·전력인프라·원전_대형 변압기,전력기기·전력인프라·원전
2024-12-31,119648693,18.10969,전력기기·전력인프라·원전_대형 변압기,전력기기·전력인프라·원전
2025-01-31,85379701,18.686557,전력기기·전력인프라·원전_대형 변압기,전력기기·전력인프라·원전
2025-02-28,121881025,19.028135,전력기기·전력인프라·원전_대형 변압기,전력기기·전력인프라·원전
2025-03-31,74207032,18.89758,전력기기·전력인프라·원전_대형 변압기,전력기기·전력인프라·원전
2025-04-30,98404508,21.356572,전력기기·전력인프라·원전_대형 변압기,전력기기·전력인프라·원전
2025-05-31,103384061,21.781124,전력기기·전력인프라·원전_대형 변압기,전력기기·전력인프라·원전
2025-06-30,181920379,20.563255,전력기기·전력인프라·원전_대형 변압기,전력기기·전력인프라·원전
2025-07-31,89870510,21.101996,전력기기·전력인프라·원전_대형 변압기,전력기기·전력인프라·원전
2025-08-31,102704522,20.85581,전력기기·전력인프라·원전_대형 변압기,전력기기·전력인프라·원전
2025-09-30,108871439,20.292736,전력기기·전력인프라·원전_대형 변압기,전력기기·전력인프라·원전
2025-10-31,81954371,20.273362,전력기기·전력인프라·원전_대형 변압기,전력기기·전력인프라·원전
2025-11-30,128475911,20.93911,전력기기·전력인프라·원전_대형 변압기,전력기기·전력인프라·원전
2025-12-31,132046501,15.080202,전력기기·전력인프라·원전_대형 변압기,전력기기·전력인프라·원전
2026-01-31,122947108,21.838609,전력기기·전력인프라·원전_대형 변압기,전력기기·전력인프라·원전
2026-02-28,110674274,20.607916,전력기기·전력인프라·원전_대형 변압기,전력기기·전력인프라·원전
2026-03-31,133278857,20.950175,전력기기·전력인프라·원전_대형 변압기,전력기기·전력인프라·원전
2026-04-30,139379820,19.391639,전력기기·전력인프라·원전_대형 변압기,전력기기·전력인프라·원전
2026-05-31,127124441,21.666541,전력기기·전력인프라·원전_대형 변압기,전력기기·전력인프라·원전
2026-06-30,69052249,18.463899,전력기기·전력인프라·원전_대형 변압기,전력기기·전력인프라·원전
2026-07-31,120812905,21.61037,전력기기·전력인프라·원전_대형 변압기,전력기기·전력인프라·원전
2026-08-31,176335897,21.603537,전력기기·전력인프라·원전_대형 변압기,전력기기·전력인프라·원전
2017-01-31,119126722,33.911867,전력기기·전력인프라·원전_배전반 및 스위치,전력기기·전력인프라·원전
2017-02-28,125367463,41.876657,전력기기·전력인프라·원전_배전반 및 스위치,전력기기·전력인프라·원전
2017-03-31,163804608,26.67478,전력기기·전력인프라·원전_배전반 및 스위치,전력기기·전력인프라·원전
2017-04-30,113775299,37.405485,전력기기·전력인프라·원전_배전반 및 스위치,전력기기·전력인프라·원전
2017-05-31,104200139,39.691872,전력기기·전력인프라·원전_배전반 및 스위치,전력기기·전력인프라·원전
2017-06-30,143165090,38.594053,전력기기·전력인프라·원전_배전반 및 스위치,전력기기·전력인프라·원전
2017-07-31,157580669,46.519517,전력기기·전력인프라·원전_배전반 및 스위치,전력기기·전력인프라·원전
2017-08-31,116778405,50.011969,전력기기·전력인프라·원전_배전반 및 스위치,전력기기·전력인프라·원전
2017-09-30,144036237,44.345143,전력기기·전력인프라·원전_배전반 및 스위치,전력기기·전력인프라·원전
2017-10-31,109243793,35.721194,전력기기·전력인프라·원전_배전반 및 스위치,전력기기·전력인프라·원전
2017-11-30,158358917,44.431703,전력기기·전력인프라·원전_배전반 및 스위치,전력기기·전력인프라·원전
2017-12-31,173609488,41.532004,전력기기·전력인프라·원전_배전반 및 스위치,전력기기·전력인프라·원전
2018-01-31,125228463,54.034587,전력기기·전력인프라·원전_배전반 및 스위치,전력기기·전력인프라·원전
2018-02-28,135587497,25.033066,전력기기·전력인프라·원전_배전반 및 스위치,전력기기·전력인프라·원전
2018-03-31,163868986,35.704427,전력기기·전력인프라·원전_배전반 및 스위치,전력기기·전력인프라·원전
2018-04-30,167249043,45.962091,전력기기·전력인프라·원전_배전반 및 스위치,전력기기·전력인프라·원전
2018-05-31,149061002,41.000153,전력기기·전력인프라·원전_배전반 및 스위치,전력기기·전력인프라·원전
2018-06-30,146124782,47.442408,전력기기·전력인프라·원전_배전반 및 스위치,전력기기·전력인프라·원전
2018-07-31,140957842,45.551675,전력기기·전력인프라·원전_배전반 및 스위치,전력기기·전력인프라·원전
2018-08-31,167746181,41.010895,전력기기·전력인프라·원전_배전반 및 스위치,전력기기·전력인프라·원전
2018-09-30,147831302,42.84528,전력기기·전력인프라·원전_배전반 및 스위치,전력기기·전력인프라·원전
2018-10-31,224549818,40.168125,전력기기·전력인프라·원전_배전반 및 스위치,전력기기·전력인프라·원전
2018-11-30,183988420,38.610968,전력기기·전력인프라·원전_배전반 및 스위치,전력기기·전력인프라·원전
2018-12-31,160943504,38.419024,전력기기·전력인프라·원전_배전반 및 스위치,전력기기·전력인프라·원전
2019-01-31,166121203,46.175242,전력기기·전력인프라·원전_배전반 및 스위치,전력기기·전력인프라·원전
2019-02-28,147256887,42.163303,전력기기·전력인프라·원전_배전반 및 스위치,전력기기·전력인프라·원전
2019-03-31,154097391,57.207542,전력기기·전력인프라·원전_배전반 및 스위치,전력기기·전력인프라·원전
2019-04-30,154420324,46.304689,전력기기·전력인프라·원전_배전반 및 스위치,전력기기·전력인프라·원전
2019-05-31,160159116,44.014019,전력기기·전력인프라·원전_배전반 및 스위치,전력기기·전력인프라·원전
2019-06-30,146658030,40.421388,전력기기·전력인프라·원전_배전반 및 스위치,전력기기·전력인프라·원전
2019-07-31,137348808,59.421425,전력기기·전력인프라·원전_배전반 및 스위치,전력기기·전력인프라·원전
2019-08-31,125125174,57.945239,전력기기·전력인프라·원전_배전반 및 스위치,전력기기·전력인프라·원전
2019-09-30,145233754,57.802866,전력기기·전력인프라·원전_배전반 및 스위치,전력기기·전력인프라·원전
2019-10-31,156446070,55.914065,전력기기·전력인프라·원전_배전반 및 스위치,전력기기·전력인프라·원전
2019-11-30,125056171,59.652503,전력기기·전력인프라·원전_배전반 및 스위치,전력기기·전력인프라·원전
2019-12-31,160182028,45.270164,전력기기·전력인프라·원전_배전반 및 스위치,전력기기·전력인프라·원전
2020-01-31,132273600,54.825956,전력기기·전력인프라·원전_배전반 및 스위치,전력기기·전력인프라·원전
2020-02-29,148347899,43.211657,전력기기·전력인프라·원전_배전반 및 스위치,전력기기·전력인프라·원전
2020-03-31,153489586,42.791565,전력기기·전력인프라·원전_배전반 및 스위치,전력기기·전력인프라·원전
2020-04-30,123430515,43.798768,전력기기·전력인프라·원전_배전반 및 스위치,전력기기·전력인프라·원전
2020-05-31,83888154,49.467719,전력기기·전력인프라·원전_배전반 및 스위치,전력기기·전력인프라·원전
2020-06-30,83980927,58.647379,전력기기·전력인프라·원전_배전반 및 스위치,전력기기·전력인프라·원전
2020-07-31,118180642,58.793086,전력기기·전력인프라·원전_배전반 및 스위치,전력기기·전력인프라·원전
2020-08-31,96830866,61.316046,전력기기·전력인프라·원전_배전반 및 스위치,전력기기·전력인프라·원전
2020-09-30,125861541,61.555379,전력기기·전력인프라·원전_배전반 및 스위치,전력기기·전력인프라·원전
2020-10-31,133726719,54.312609,전력기기·전력인프라·원전_배전반 및 스위치,전력기기·전력인프라·원전
2020-11-30,140632164,62.319857,전력기기·전력인프라·원전_배전반 및 스위치,전력기기·전력인프라·원전
2020-12-31,152493796,56.822942,전력기기·전력인프라·원전_배전반 및 스위치,전력기기·전력인프라·원전
2021-01-31,133395992,58.705777,전력기기·전력인프라·원전_배전반 및 스위치,전력기기·전력인프라·원전
2021-02-28,119179913,55.57074,전력기기·전력인프라·원전_배전반 및 스위치,전력기기·전력인프라·원전
2021-03-31,140359142,58.967701,전력기기·전력인프라·원전_배전반 및 스위치,전력기기·전력인프라·원전
2021-04-30,120175776,60.959785,전력기기·전력인프라·원전_배전반 및 스위치,전력기기·전력인프라·원전
2021-05-31,120283086,56.801496,전력기기·전력인프라·원전_배전반 및 스위치,전력기기·전력인프라·원전
2021-06-30,147805270,52.188696,전력기기·전력인프라·원전_배전반 및 스위치,전력기기·전력인프라·원전
2021-07-31,134281761,52.979673,전력기기·전력인프라·원전_배전반 및 스위치,전력기기·전력인프라·원전
2021-08-31,110581912,56.992217,전력기기·전력인프라·원전_배전반 및 스위치,전력기기·전력인프라·원전
2021-09-30,112759436,56.246664,전력기기·전력인프라·원전_배전반 및 스위치,전력기기·전력인프라·원전
2021-10-31,111558250,56.888502,전력기기·전력인프라·원전_배전반 및 스위치,전력기기·전력인프라·원전
2021-11-30,122088269,51.586875,전력기기·전력인프라·원전_배전반 및 스위치,전력기기·전력인프라·원전
2021-12-31,156209277,44.084534,전력기기·전력인프라·원전_배전반 및 스위치,전력기기·전력인프라·원전
2022-01-31,128703901,57.215308,전력기기·전력인프라·원전_배전반 및 스위치,전력기기·전력인프라·원전
2022-02-28,106233265,60.820446,전력기기·전력인프라·원전_배전반 및 스위치,전력기기·전력인프라·원전
2022-03-31,137226163,59.909219,전력기기·전력인프라·원전_배전반 및 스위치,전력기기·전력인프라·원전
2022-04-30,120367099,59.733882,전력기기·전력인프라·원전_배전반 및 스위치,전력기기·전력인프라·원전
2022-05-31,126584951,52.250517,전력기기·전력인프라·원전_배전반 및 스위치,전력기기·전력인프라·원전
2022-06-30,129518374,51.870543,전력기기·전력인프라·원전_배전반 및 스위치,전력기기·전력인프라·원전
2022-07-31,139220032,52.201215,전력기기·전력인프라·원전_배전반 및 스위치,전력기기·전력인프라·원전
2022-08-31,138971997,51.920298,전력기기·전력인프라·원전_배전반 및 스위치,전력기기·전력인프라·원전
2022-09-30,138926282,55.441741,전력기기·전력인프라·원전_배전반 및 스위치,전력기기·전력인프라·원전
2022-10-31,125314801,59.04841,전력기기·전력인프라·원전_배전반 및 스위치,전력기기·전력인프라·원전
2022-11-30,134172926,51.328455,전력기기·전력인프라·원전_배전반 및 스위치,전력기기·전력인프라·원전
2022-12-31,133853293,52.340173,전력기기·전력인프라·원전_배전반 및 스위치,전력기기·전력인프라·원전
2023-01-31,113368483,52.80432,전력기기·전력인프라·원전_배전반 및 스위치,전력기기·전력인프라·원전
2023-02-28,152812237,48.433701,전력기기·전력인프라·원전_배전반 및 스위치,전력기기·전력인프라·원전
2023-03-31,182117946,51.710528,전력기기·전력인프라·원전_배전반 및 스위치,전력기기·전력인프라·원전
2023-04-30,164066339,47.980621,전력기기·전력인프라·원전_배전반 및 스위치,전력기기·전력인프라·원전
2023-05-31,179851391,50.857011,전력기기·전력인프라·원전_배전반 및 스위치,전력기기·전력인프라·원전
2023-06-30,219551265,44.231887,전력기기·전력인프라·원전_배전반 및 스위치,전력기기·전력인프라·원전
2023-07-31,184170542,51.531939,전력기기·전력인프라·원전_배전반 및 스위치,전력기기·전력인프라·원전
2023-08-31,173721641,57.092047,전력기기·전력인프라·원전_배전반 및 스위치,전력기기·전력인프라·원전
2023-09-30,195736423,48.867232,전력기기·전력인프라·원전_배전반 및 스위치,전력기기·전력인프라·원전
2023-10-31,167834779,60.394764,전력기기·전력인프라·원전_배전반 및 스위치,전력기기·전력인프라·원전
2023-11-30,192153232,54.710677,전력기기·전력인프라·원전_배전반 및 스위치,전력기기·전력인프라·원전
2023-12-31,183735654,60.128236,전력기기·전력인프라·원전_배전반 및 스위치,전력기기·전력인프라·원전
2024-01-31,171546671,55.002036,전력기기·전력인프라·원전_배전반 및 스위치,전력기기·전력인프라·원전
2024-02-29,166952422,52.959771,전력기기·전력인프라·원전_배전반 및 스위치,전력기기·전력인프라·원전
2024-03-31,196386589,56.304721,전력기기·전력인프라·원전_배전반 및 스위치,전력기기·전력인프라·원전
2024-04-30,187814984,54.676344,전력기기·전력인프라·원전_배전반 및 스위치,전력기기·전력인프라·원전
2024-05-31,183016523,57.560183,전력기기·전력인프라·원전_배전반 및 스위치,전력기기·전력인프라·원전
2024-06-30,200524646,51.654642,전력기기·전력인프라·원전_배전반 및 스위치,전력기기·전력인프라·원전
2024-07-31,184739223,54.439583,전력기기·전력인프라·원전_배전반 및 스위치,전력기기·전력인프라·원전
2024-08-31,143669163,63.776723,전력기기·전력인프라·원전_배전반 및 스위치,전력기기·전력인프라·원전
2024-09-30,155558851,60.814341,전력기기·전력인프라·원전_배전반 및 스위치,전력기기·전력인프라·원전
2024-10-31,193089149,55.800976,전력기기·전력인프라·원전_배전반 및 스위치,전력기기·전력인프라·원전
2024-11-30,175103073,54.785563,전력기기·전력인프라·원전_배전반 및 스위치,전력기기·전력인프라·원전
2024-12-31,197377478,50.982416,전력기기·전력인프라·원전_배전반 및 스위치,전력기기·전력인프라·원전
2025-01-31,164066722,56.982098,전력기기·전력인프라·원전_배전반 및 스위치,전력기기·전력인프라·원전
2025-02-28,210099120,56.249789,전력기기·전력인프라·원전_배전반 및 스위치,전력기기·전력인프라·원전
2025-03-31,216265217,51.93233,전력기기·전력인프라·원전_배전반 및 스위치,전력기기·전력인프라·원전
2025-04-30,211653537,53.913554,전력기기·전력인프라·원전_배전반 및 스위치,전력기기·전력인프라·원전
2025-05-31,194336479,46.011632,전력기기·전력인프라·원전_배전반 및 스위치,전력기기·전력인프라·원전
2025-06-30,198508569,55.665856,전력기기·전력인프라·원전_배전반 및 스위치,전력기기·전력인프라·원전
2025-07-31,222547332,49.386834,전력기기·전력인프라·원전_배전반 및 스위치,전력기기·전력인프라·원전
2025-08-31,164273818,64.112902,전력기기·전력인프라·원전_배전반 및 스위치,전력기기·전력인프라·원전
2025-09-30,186944386,62.067061,전력기기·전력인프라·원전_배전반 및 스위치,전력기기·전력인프라·원전
2025-10-31,131875643,59.809718,전력기기·전력인프라·원전_배전반 및 스위치,전력기기·전력인프라·원전
2025-11-30,164951549,58.159696,전력기기·전력인프라·원전_배전반 및 스위치,전력기기·전력인프라·원전
2025-12-31,193571309,48.837519,전력기기·전력인프라·원전_배전반 및 스위치,전력기기·전력인프라·원전
2026-01-31,182449585,49.746661,전력기기·전력인프라·원전_배전반 및 스위치,전력기기·전력인프라·원전
2026-02-28,163183621,47.259552,전력기기·전력인프라·원전_배전반 및 스위치,전력기기·전력인프라·원전
2026-03-31,216342821,47.631987,전력기기·전력인프라·원전_배전반 및 스위치,전력기기·전력인프라·원전
2026-04-30,222069666,44.488751,전력기기·전력인프라·원전_배전반 및 스위치,전력기기·전력인프라·원전
2026-05-31,191571363,42.647278,전력기기·전력인프라·원전_배전반 및 스위치,전력기기·전력인프라·원전
2026-06-30,229543445,42.33951,전력기기·전력인프라·원전_배전반 및 스위치,전력기기·전력인프라·원전
2026-07-31,286177634,38.540373,전력기기·전력인프라·원전_배전반 및 스위치,전력기기·전력인프라·원전
2026-08-31,253427720,33.089139,전력기기·전력인프라·원전_배전반 및 스위치,전력기기·전력인프라·원전
2017-01-31,1272994,4.646701,전력기기·전력인프라·원전_소형 변압기,전력기기·전력인프라·원전
2017-02-28,1865090,4.850359,전력기기·전력인프라·원전_소형 변압기,전력기기·전력인프라·원전
2017-03-31,1687399,4.627055,전력기기·전력인프라·원전_소형 변압기,전력기기·전력인프라·원전
2017-04-30,2380460,5.013722,전력기기·전력인프라·원전_소형 변압기,전력기기·전력인프라·원전
2017-05-31,2579174,4.514536,전력기기·전력인프라·원전_소형 변압기,전력기기·전력인프라·원전
2017-06-30,2663134,4.234334,전력기기·전력인프라·원전_소형 변압기,전력기기·전력인프라·원전
2017-07-31,1844466,4.54923,전력기기·전력인프라·원전_소형 변압기,전력기기·전력인프라·원전
2017-08-31,1294571,4.239461,전력기기·전력인프라·원전_소형 변압기,전력기기·전력인프라·원전
2017-09-30,3505335,4.771967,전력기기·전력인프라·원전_소형 변압기,전력기기·전력인프라·원전
2017-10-31,3220130,4.743256,전력기기·전력인프라·원전_소형 변압기,전력기기·전력인프라·원전
2017-11-30,2256324,4.803878,전력기기·전력인프라·원전_소형 변압기,전력기기·전력인프라·원전
2017-12-31,1663474,4.642283,전력기기·전력인프라·원전_소형 변압기,전력기기·전력인프라·원전
2018-01-31,1944363,4.707111,전력기기·전력인프라·원전_소형 변압기,전력기기·전력인프라·원전
2018-02-28,2096807,4.32105,전력기기·전력인프라·원전_소형 변압기,전력기기·전력인프라·원전
2018-03-31,2599528,4.078966,전력기기·전력인프라·원전_소형 변압기,전력기기·전력인프라·원전
2018-04-30,4134885,4.487041,전력기기·전력인프라·원전_소형 변압기,전력기기·전력인프라·원전
2018-05-31,3108488,4.730058,전력기기·전력인프라·원전_소형 변압기,전력기기·전력인프라·원전
2018-06-30,1212535,4.059283,전력기기·전력인프라·원전_소형 변압기,전력기기·전력인프라·원전
2018-07-31,1898435,4.286182,전력기기·전력인프라·원전_소형 변압기,전력기기·전력인프라·원전
2018-08-31,2258645,4.601163,전력기기·전력인프라·원전_소형 변압기,전력기기·전력인프라·원전
2018-09-30,2395113,4.39381,전력기기·전력인프라·원전_소형 변압기,전력기기·전력인프라·원전
2018-10-31,2906003,4.62332,전력기기·전력인프라·원전_소형 변압기,전력기기·전력인프라·원전
2018-11-30,2812014,4.203949,전력기기·전력인프라·원전_소형 변압기,전력기기·전력인프라·원전
2018-12-31,2755383,5.110387,전력기기·전력인프라·원전_소형 변압기,전력기기·전력인프라·원전
2019-01-31,3269256,4.614841,전력기기·전력인프라·원전_소형 변압기,전력기기·전력인프라·원전
2019-02-28,1833437,3.953798,전력기기·전력인프라·원전_소형 변압기,전력기기·전력인프라·원전
2019-03-31,2150816,6.131748,전력기기·전력인프라·원전_소형 변압기,전력기기·전력인프라·원전
2019-04-30,4291271,5.536495,전력기기·전력인프라·원전_소형 변압기,전력기기·전력인프라·원전
2019-05-31,5886702,6.501225,전력기기·전력인프라·원전_소형 변압기,전력기기·전력인프라·원전
2019-06-30,3125971,5.755314,전력기기·전력인프라·원전_소형 변압기,전력기기·전력인프라·원전
2019-07-31,3666058,4.902043,전력기기·전력인프라·원전_소형 변압기,전력기기·전력인프라·원전
2019-08-31,2873334,6.227976,전력기기·전력인프라·원전_소형 변압기,전력기기·전력인프라·원전
2019-09-30,1710411,5.04767,전력기기·전력인프라·원전_소형 변압기,전력기기·전력인프라·원전
2019-10-31,2223691,5.213091,전력기기·전력인프라·원전_소형 변압기,전력기기·전력인프라·원전
2019-11-30,2184204,4.746942,전력기기·전력인프라·원전_소형 변압기,전력기기·전력인프라·원전
2019-12-31,1967494,4.392037,전력기기·전력인프라·원전_소형 변압기,전력기기·전력인프라·원전
2020-01-31,2583514,6.820387,전력기기·전력인프라·원전_소형 변압기,전력기기·전력인프라·원전
2020-02-29,2416588,4.634358,전력기기·전력인프라·원전_소형 변압기,전력기기·전력인프라·원전
2020-03-31,3584871,4.263066,전력기기·전력인프라·원전_소형 변압기,전력기기·전력인프라·원전
2020-04-30,2893744,4.772627,전력기기·전력인프라·원전_소형 변압기,전력기기·전력인프라·원전
2020-05-31,2097170,4.102018,전력기기·전력인프라·원전_소형 변압기,전력기기·전력인프라·원전
2020-06-30,3092378,5.10818,전력기기·전력인프라·원전_소형 변압기,전력기기·전력인프라·원전
2020-07-31,2239448,6.545458,전력기기·전력인프라·원전_소형 변압기,전력기기·전력인프라·원전
2020-08-31,1129942,4.539894,전력기기·전력인프라·원전_소형 변압기,전력기기·전력인프라·원전
2020-09-30,3466257,4.200046,전력기기·전력인프라·원전_소형 변압기,전력기기·전력인프라·원전
2020-10-31,2293319,4.005801,전력기기·전력인프라·원전_소형 변압기,전력기기·전력인프라·원전
2020-11-30,3316653,4.008382,전력기기·전력인프라·원전_소형 변압기,전력기기·전력인프라·원전
2020-12-31,3641889,4.765743,전력기기·전력인프라·원전_소형 변압기,전력기기·전력인프라·원전
2021-01-31,2736999,4.506553,전력기기·전력인프라·원전_소형 변압기,전력기기·전력인프라·원전
2021-02-28,2384802,4.801549,전력기기·전력인프라·원전_소형 변압기,전력기기·전력인프라·원전
2021-03-31,2128268,3.923536,전력기기·전력인프라·원전_소형 변압기,전력기기·전력인프라·원전
2021-04-30,5012043,5.481739,전력기기·전력인프라·원전_소형 변압기,전력기기·전력인프라·원전
2021-05-31,3190864,4.522214,전력기기·전력인프라·원전_소형 변압기,전력기기·전력인프라·원전
2021-06-30,3120497,4.02263,전력기기·전력인프라·원전_소형 변압기,전력기기·전력인프라·원전
2021-07-31,4368992,4.03406,전력기기·전력인프라·원전_소형 변압기,전력기기·전력인프라·원전
2021-08-31,3031621,4.68884,전력기기·전력인프라·원전_소형 변압기,전력기기·전력인프라·원전
2021-09-30,4178406,4.516421,전력기기·전력인프라·원전_소형 변압기,전력기기·전력인프라·원전
2021-10-31,2503678,4.482275,전력기기·전력인프라·원전_소형 변압기,전력기기·전력인프라·원전
2021-11-30,3807495,5.867876,전력기기·전력인프라·원전_소형 변압기,전력기기·전력인프라·원전
2021-12-31,3310996,5.184916,전력기기·전력인프라·원전_소형 변압기,전력기기·전력인프라·원전
2022-01-31,2294597,4.932326,전력기기·전력인프라·원전_소형 변압기,전력기기·전력인프라·원전
2022-02-28,2665390,4.937353,전력기기·전력인프라·원전_소형 변압기,전력기기·전력인프라·원전
2022-03-31,4304137,5.561604,전력기기·전력인프라·원전_소형 변압기,전력기기·전력인프라·원전
2022-04-30,2909506,5.12331,전력기기·전력인프라·원전_소형 변압기,전력기기·전력인프라·원전
2022-05-31,6783103,7.389155,전력기기·전력인프라·원전_소형 변압기,전력기기·전력인프라·원전
2022-06-30,6701494,7.510942,전력기기·전력인프라·원전_소형 변압기,전력기기·전력인프라·원전
2022-07-31,7447549,7.190779,전력기기·전력인프라·원전_소형 변압기,전력기기·전력인프라·원전
2022-08-31,10119260,7.90567,전력기기·전력인프라·원전_소형 변압기,전력기기·전력인프라·원전
2022-09-30,7770787,7.754013,전력기기·전력인프라·원전_소형 변압기,전력기기·전력인프라·원전
2022-10-31,8020427,8.184218,전력기기·전력인프라·원전_소형 변압기,전력기기·전력인프라·원전
2022-11-30,9559694,7.318691,전력기기·전력인프라·원전_소형 변압기,전력기기·전력인프라·원전
2022-12-31,11956495,8.592944,전력기기·전력인프라·원전_소형 변압기,전력기기·전력인프라·원전
2023-01-31,9211870,9.154193,전력기기·전력인프라·원전_소형 변압기,전력기기·전력인프라·원전
2023-02-28,13609046,9.196516,전력기기·전력인프라·원전_소형 변압기,전력기기·전력인프라·원전
2023-03-31,18617196,9.556489,전력기기·전력인프라·원전_소형 변압기,전력기기·전력인프라·원전
2023-04-30,18054655,11.086073,전력기기·전력인프라·원전_소형 변압기,전력기기·전력인프라·원전
2023-05-31,21453302,9.54164,전력기기·전력인프라·원전_소형 변압기,전력기기·전력인프라·원전
2023-06-30,19758208,10.427616,전력기기·전력인프라·원전_소형 변압기,전력기기·전력인프라·원전
2023-07-31,20015222,10.311126,전력기기·전력인프라·원전_소형 변압기,전력기기·전력인프라·원전
2023-08-31,26507408,10.669334,전력기기·전력인프라·원전_소형 변압기,전력기기·전력인프라·원전
2023-09-30,34363952,10.749331,전력기기·전력인프라·원전_소형 변압기,전력기기·전력인프라·원전
2023-10-31,30940110,10.809803,전력기기·전력인프라·원전_소형 변압기,전력기기·전력인프라·원전
2023-11-30,33820422,10.054768,전력기기·전력인프라·원전_소형 변압기,전력기기·전력인프라·원전
2023-12-31,37596898,9.754454,전력기기·전력인프라·원전_소형 변압기,전력기기·전력인프라·원전
2024-01-31,28311043,10.128707,전력기기·전력인프라·원전_소형 변압기,전력기기·전력인프라·원전
2024-02-29,35347279,10.013397,전력기기·전력인프라·원전_소형 변압기,전력기기·전력인프라·원전
2024-03-31,32544223,9.77663,전력기기·전력인프라·원전_소형 변압기,전력기기·전력인프라·원전
2024-04-30,47745121,10.38256,전력기기·전력인프라·원전_소형 변압기,전력기기·전력인프라·원전
2024-05-31,45594546,10.367363,전력기기·전력인프라·원전_소형 변압기,전력기기·전력인프라·원전
2024-06-30,56997636,10.738496,전력기기·전력인프라·원전_소형 변압기,전력기기·전력인프라·원전
2024-07-31,51318865,10.24917,전력기기·전력인프라·원전_소형 변압기,전력기기·전력인프라·원전
2024-08-31,37321094,10.479983,전력기기·전력인프라·원전_소형 변압기,전력기기·전력인프라·원전
2024-09-30,44529608,10.368579,전력기기·전력인프라·원전_소형 변압기,전력기기·전력인프라·원전
2024-10-31,47143589,10.219605,전력기기·전력인프라·원전_소형 변압기,전력기기·전력인프라·원전
2024-11-30,43429445,10.681233,전력기기·전력인프라·원전_소형 변압기,전력기기·전력인프라·원전
2024-12-31,65058151,11.271356,전력기기·전력인프라·원전_소형 변압기,전력기기·전력인프라·원전
2025-01-31,33787729,11.002911,전력기기·전력인프라·원전_소형 변압기,전력기기·전력인프라·원전
2025-02-28,33131100,10.853071,전력기기·전력인프라·원전_소형 변압기,전력기기·전력인프라·원전
2025-03-31,36656283,10.516071,전력기기·전력인프라·원전_소형 변압기,전력기기·전력인프라·원전
2025-04-30,29627166,10.57859,전력기기·전력인프라·원전_소형 변압기,전력기기·전력인프라·원전
2025-05-31,28774536,9.667892,전력기기·전력인프라·원전_소형 변압기,전력기기·전력인프라·원전
2025-06-30,32124182,10.504015,전력기기·전력인프라·원전_소형 변압기,전력기기·전력인프라·원전
2025-07-31,30637108,9.944713,전력기기·전력인프라·원전_소형 변압기,전력기기·전력인프라·원전
2025-08-31,21699111,10.52723,전력기기·전력인프라·원전_소형 변압기,전력기기·전력인프라·원전
2025-09-30,31804261,9.808329,전력기기·전력인프라·원전_소형 변압기,전력기기·전력인프라·원전
2025-10-31,22543276,10.458165,전력기기·전력인프라·원전_소형 변압기,전력기기·전력인프라·원전
2025-11-30,24346828,10.745297,전력기기·전력인프라·원전_소형 변압기,전력기기·전력인프라·원전
2025-12-31,24284766,10.1014,전력기기·전력인프라·원전_소형 변압기,전력기기·전력인프라·원전
2026-01-31,20572200,10.128165,전력기기·전력인프라·원전_소형 변압기,전력기기·전력인프라·원전
2026-02-28,15578104,9.372597,전력기기·전력인프라·원전_소형 변압기,전력기기·전력인프라·원전
2026-03-31,22353200,9.215269,전력기기·전력인프라·원전_소형 변압기,전력기기·전력인프라·원전
2026-04-30,22368472,9.643094,전력기기·전력인프라·원전_소형 변압기,전력기기·전력인프라·원전
2026-05-31,15463166,9.269024,전력기기·전력인프라·원전_소형 변압기,전력기기·전력인프라·원전
2026-06-30,24230803,9.622071,전력기기·전력인프라·원전_소형 변압기,전력기기·전력인프라·원전
2026-07-31,15378825,9.355077,전력기기·전력인프라·원전_소형 변압기,전력기기·전력인프라·원전
2026-08-31,15072801,9.523859,전력기기·전력인프라·원전_소형 변압기,전력기기·전력인프라·원전
2017-01-31,2164182,7.353377,전력기기·전력인프라·원전_중형 변압기,전력기기·전력인프라·원전
2017-02-28,1680897,5.056242,전력기기·전력인프라·원전_중형 변압기,전력기기·전력인프라·원전
2017-03-31,2344628,5.087004,전력기기·전력인프라·원전_중형 변압기,전력기기·전력인프라·원전
2017-04-30,597600,6.313854,전력기기·전력인프라·원전_중형 변압기,전력기기·전력인프라·원전
2017-05-31,1187793,4.92889,전력기기·전력인프라·원전_중형 변압기,전력기기·전력인프라·원전
2017-06-30,7639811,9.273105,전력기기·전력인프라·원전_중형 변압기,전력기기·전력인프라·원전
2017-07-31,360760,7.196058,전력기기·전력인프라·원전_중형 변압기,전력기기·전력인프라·원전
2017-08-31,1801564,7.088895,전력기기·전력인프라·원전_중형 변압기,전력기기·전력인프라·원전
2017-09-30,2482599,4.358417,전력기기·전력인프라·원전_중형 변압기,전력기기·전력인프라·원전
2017-10-31,2788799,5.763753,전력기기·전력인프라·원전_중형 변압기,전력기기·전력인프라·원전
2017-11-30,1677228,5.15886,전력기기·전력인프라·원전_중형 변압기,전력기기·전력인프라·원전
2017-12-31,8551701,7.166941,전력기기·전력인프라·원전_중형 변압기,전력기기·전력인프라·원전
2018-01-31,1924063,4.47722,전력기기·전력인프라·원전_중형 변압기,전력기기·전력인프라·원전
2018-02-28,1370613,5.406964,전력기기·전력인프라·원전_중형 변압기,전력기기·전력인프라·원전
2018-03-31,1507929,4.841829,전력기기·전력인프라·원전_중형 변압기,전력기기·전력인프라·원전
2018-04-30,2662936,5.184469,전력기기·전력인프라·원전_중형 변압기,전력기기·전력인프라·원전
2018-05-31,2160411,4.695486,전력기기·전력인프라·원전_중형 변압기,전력기기·전력인프라·원전
2018-06-30,1909840,5.475256,전력기기·전력인프라·원전_중형 변압기,전력기기·전력인프라·원전
2018-07-31,2368570,5.286661,전력기기·전력인프라·원전_중형 변압기,전력기기·전력인프라·원전
2018-08-31,4897731,6.323569,전력기기·전력인프라·원전_중형 변압기,전력기기·전력인프라·원전
2018-09-30,3915032,5.847328,전력기기·전력인프라·원전_중형 변압기,전력기기·전력인프라·원전
2018-10-31,4917061,8.853614,전력기기·전력인프라·원전_중형 변압기,전력기기·전력인프라·원전
2018-11-30,2207042,5.524649,전력기기·전력인프라·원전_중형 변압기,전력기기·전력인프라·원전
2018-12-31,2951131,4.870641,전력기기·전력인프라·원전_중형 변압기,전력기기·전력인프라·원전
2019-01-31,1577902,6.58824,전력기기·전력인프라·원전_중형 변압기,전력기기·전력인프라·원전
2019-02-28,1236479,4.61807,전력기기·전력인프라·원전_중형 변압기,전력기기·전력인프라·원전
2019-03-31,2087992,6.861037,전력기기·전력인프라·원전_중형 변압기,전력기기·전력인프라·원전
2019-04-30,2618102,5.214702,전력기기·전력인프라·원전_중형 변압기,전력기기·전력인프라·원전
2019-05-31,2793463,4.985146,전력기기·전력인프라·원전_중형 변압기,전력기기·전력인프라·원전
2019-06-30,3193197,6.089827,전력기기·전력인프라·원전_중형 변압기,전력기기·전력인프라·원전
2019-07-31,1983357,4.465532,전력기기·전력인프라·원전_중형 변압기,전력기기·전력인프라·원전
2019-08-31,2362738,4.878015,전력기기·전력인프라·원전_중형 변압기,전력기기·전력인프라·원전
2019-09-30,1675165,5.043369,전력기기·전력인프라·원전_중형 변압기,전력기기·전력인프라·원전
2019-10-31,3473700,5.139529,전력기기·전력인프라·원전_중형 변압기,전력기기·전력인프라·원전
2019-11-30,3351042,6.417355,전력기기·전력인프라·원전_중형 변압기,전력기기·전력인프라·원전
2019-12-31,5840669,5.599187,전력기기·전력인프라·원전_중형 변압기,전력기기·전력인프라·원전
2020-01-31,1768255,6.146241,전력기기·전력인프라·원전_중형 변압기,전력기기·전력인프라·원전
2020-02-29,3845262,6.108283,전력기기·전력인프라·원전_중형 변압기,전력기기·전력인프라·원전
2020-03-31,2744860,4.753869,전력기기·전력인프라·원전_중형 변압기,전력기기·전력인프라·원전
2020-04-30,1413455,5.313661,전력기기·전력인프라·원전_중형 변압기,전력기기·전력인프라·원전
2020-05-31,1519434,4.221237,전력기기·전력인프라·원전_중형 변압기,전력기기·전력인프라·원전
2020-06-30,5399534,6.442079,전력기기·전력인프라·원전_중형 변압기,전력기기·전력인프라·원전
2020-07-31,3124077,5.573832,전력기기·전력인프라·원전_중형 변압기,전력기기·전력인프라·원전
2020-08-31,2755261,5.159901,전력기기·전력인프라·원전_중형 변압기,전력기기·전력인프라·원전
2020-09-30,2679452,5.452685,전력기기·전력인프라·원전_중형 변압기,전력기기·전력인프라·원전
2020-10-31,2791168,4.54033,전력기기·전력인프라·원전_중형 변압기,전력기기·전력인프라·원전
2020-11-30,5656014,5.738629,전력기기·전력인프라·원전_중형 변압기,전력기기·전력인프라·원전
2020-12-31,5123881,6.847646,전력기기·전력인프라·원전_중형 변압기,전력기기·전력인프라·원전
2021-01-31,4465428,5.44781,전력기기·전력인프라·원전_중형 변압기,전력기기·전력인프라·원전
2021-02-28,3090586,4.501271,전력기기·전력인프라·원전_중형 변압기,전력기기·전력인프라·원전
2021-03-31,3439152,4.796051,전력기기·전력인프라·원전_중형 변압기,전력기기·전력인프라·원전
2021-04-30,3283323,4.810231,전력기기·전력인프라·원전_중형 변압기,전력기기·전력인프라·원전
2021-05-31,2536844,4.983849,전력기기·전력인프라·원전_중형 변압기,전력기기·전력인프라·원전
2021-06-30,3697394,6.071215,전력기기·전력인프라·원전_중형 변압기,전력기기·전력인프라·원전
2021-07-31,4351953,6.243427,전력기기·전력인프라·원전_중형 변압기,전력기기·전력인프라·원전
2021-08-31,3442207,6.044729,전력기기·전력인프라·원전_중형 변압기,전력기기·전력인프라·원전
2021-09-30,3853043,4.880797,전력기기·전력인프라·원전_중형 변압기,전력기기·전력인프라·원전
2021-10-31,5231711,5.085987,전력기기·전력인프라·원전_중형 변압기,전력기기·전력인프라·원전
2021-11-30,15458198,8.596962,전력기기·전력인프라·원전_중형 변압기,전력기기·전력인프라·원전
2021-12-31,10353346,6.53951,전력기기·전력인프라·원전_중형 변압기,전력기기·전력인프라·원전
2022-01-31,8461232,5.962007,전력기기·전력인프라·원전_중형 변압기,전력기기·전력인프라·원전
2022-02-28,5161866,5.746318,전력기기·전력인프라·원전_중형 변압기,전력기기·전력인프라·원전
2022-03-31,7229508,5.808131,전력기기·전력인프라·원전_중형 변압기,전력기기·전력인프라·원전
2022-04-30,9074196,7.21226,전력기기·전력인프라·원전_중형 변압기,전력기기·전력인프라·원전
2022-05-31,9600092,7.339676,전력기기·전력인프라·원전_중형 변압기,전력기기·전력인프라·원전
2022-06-30,9711518,7.423856,전력기기·전력인프라·원전_중형 변압기,전력기기·전력인프라·원전
2022-07-31,7889200,8.466415,전력기기·전력인프라·원전_중형 변압기,전력기기·전력인프라·원전
2022-08-31,7840276,7.139531,전력기기·전력인프라·원전_중형 변압기,전력기기·전력인프라·원전
2022-09-30,14111399,6.227957,전력기기·전력인프라·원전_중형 변압기,전력기기·전력인프라·원전
2022-10-31,11594541,6.207513,전력기기·전력인프라·원전_중형 변압기,전력기기·전력인프라·원전
2022-11-30,13520211,6.323881,전력기기·전력인프라·원전_중형 변압기,전력기기·전력인프라·원전
2022-12-31,13953378,7.337457,전력기기·전력인프라·원전_중형 변압기,전력기기·전력인프라·원전
2023-01-31,16159173,7.64267,전력기기·전력인프라·원전_중형 변압기,전력기기·전력인프라·원전
2023-02-28,13182199,9.617949,전력기기·전력인프라·원전_중형 변압기,전력기기·전력인프라·원전
2023-03-31,15585283,7.578448,전력기기·전력인프라·원전_중형 변압기,전력기기·전력인프라·원전
2023-04-30,14675015,8.550762,전력기기·전력인프라·원전_중형 변압기,전력기기·전력인프라·원전
2023-05-31,21015153,8.592116,전력기기·전력인프라·원전_중형 변압기,전력기기·전력인프라·원전
2023-06-30,27290877,10.974935,전력기기·전력인프라·원전_중형 변압기,전력기기·전력인프라·원전
2023-07-31,17971774,7.956911,전력기기·전력인프라·원전_중형 변압기,전력기기·전력인프라·원전
2023-08-31,14685622,8.935931,전력기기·전력인프라·원전_중형 변압기,전력기기·전력인프라·원전
2023-09-30,21851632,8.219682,전력기기·전력인프라·원전_중형 변압기,전력기기·전력인프라·원전
2023-10-31,13660756,8.269959,전력기기·전력인프라·원전_중형 변압기,전력기기·전력인프라·원전
2023-11-30,15209988,9.547218,전력기기·전력인프라·원전_중형 변압기,전력기기·전력인프라·원전
2023-12-31,23909164,9.759416,전력기기·전력인프라·원전_중형 변압기,전력기기·전력인프라·원전
2024-01-31,16848619,9.770812,전력기기·전력인프라·원전_중형 변압기,전력기기·전력인프라·원전
2024-02-29,31212144,9.413109,전력기기·전력인프라·원전_중형 변압기,전력기기·전력인프라·원전
2024-03-31,28107362,9.12856,전력기기·전력인프라·원전_중형 변압기,전력기기·전력인프라·원전
2024-04-30,34884601,8.937871,전력기기·전력인프라·원전_중형 변압기,전력기기·전력인프라·원전
2024-05-31,32959163,9.452812,전력기기·전력인프라·원전_중형 변압기,전력기기·전력인프라·원전
2024-06-30,36425582,9.840869,전력기기·전력인프라·원전_중형 변압기,전력기기·전력인프라·원전
2024-07-31,41461678,10.476016,전력기기·전력인프라·원전_중형 변압기,전력기기·전력인프라·원전
2024-08-31,33028570,9.414905,전력기기·전력인프라·원전_중형 변압기,전력기기·전력인프라·원전
2024-09-30,40352796,10.23071,전력기기·전력인프라·원전_중형 변압기,전력기기·전력인프라·원전
2024-10-31,46771857,9.493645,전력기기·전력인프라·원전_중형 변압기,전력기기·전력인프라·원전
2024-11-30,38549722,9.428142,전력기기·전력인프라·원전_중형 변압기,전력기기·전력인프라·원전
2024-12-31,41463074,9.048436,전력기기·전력인프라·원전_중형 변압기,전력기기·전력인프라·원전
2025-01-31,31092289,9.691735,전력기기·전력인프라·원전_중형 변압기,전력기기·전력인프라·원전
2025-02-28,39259821,9.110284,전력기기·전력인프라·원전_중형 변압기,전력기기·전력인프라·원전
2025-03-31,40075959,10.30731,전력기기·전력인프라·원전_중형 변압기,전력기기·전력인프라·원전
2025-04-30,66842704,9.588346,전력기기·전력인프라·원전_중형 변압기,전력기기·전력인프라·원전
2025-05-31,49249195,8.73857,전력기기·전력인프라·원전_중형 변압기,전력기기·전력인프라·원전
2025-06-30,54604836,8.69424,전력기기·전력인프라·원전_중형 변압기,전력기기·전력인프라·원전
2025-07-31,83812245,8.819746,전력기기·전력인프라·원전_중형 변압기,전력기기·전력인프라·원전
2025-08-31,46947942,8.471363,전력기기·전력인프라·원전_중형 변압기,전력기기·전력인프라·원전
2025-09-30,55844397,8.119169,전력기기·전력인프라·원전_중형 변압기,전력기기·전력인프라·원전
2025-10-31,36830618,8.712994,전력기기·전력인프라·원전_중형 변압기,전력기기·전력인프라·원전
2025-11-30,50436592,6.744705,전력기기·전력인프라·원전_중형 변압기,전력기기·전력인프라·원전
2025-12-31,61659998,9.116487,전력기기·전력인프라·원전_중형 변압기,전력기기·전력인프라·원전
2026-01-31,41666000,8.453104,전력기기·전력인프라·원전_중형 변압기,전력기기·전력인프라·원전
2026-02-28,31497163,8.69365,전력기기·전력인프라·원전_중형 변압기,전력기기·전력인프라·원전
2026-03-31,45265135,8.80695,전력기기·전력인프라·원전_중형 변압기,전력기기·전력인프라·원전
2026-04-30,45001543,7.94716,전력기기·전력인프라·원전_중형 변압기,전력기기·전력인프라·원전
2026-05-31,34170265,8.164903,전력기기·전력인프라·원전_중형 변압기,전력기기·전력인프라·원전
2026-06-30,44611897,8.720932,전력기기·전력인프라·원전_중형 변압기,전력기기·전력인프라·원전
2026-07-31,57059666,9.013025,전력기기·전력인프라·원전_중형 변압기,전력기기·전력인프라·원전
2026-08-31,54195605,9.117499,전력기기·전력인프라·원전_중형 변압기,전력기기·전력인프라·원전
2017-01-31,183514743,0.804434,철강·비철금속_강관,철강·비철금속
2017-02-28,199969543,0.829641,철강·비철금속_강관,철강·비철금속
2017-03-31,268453195,0.875513,철강·비철금속_강관,철강·비철금속
2017-04-30,261959140,0.966843,철강·비철금속_강관,철강·비철금속
2017-05-31,272217336,0.992094,철강·비철금속_강관,철강·비철금속
2017-06-30,324555870,1.036481,철강·비철금속_강관,철강·비철금속
2017-07-31,293623315,1.015822,철강·비철금속_강관,철강·비철금속
2017-08-31,253828348,1.030044,철강·비철금속_강관,철강·비철금속
2017-09-30,292094905,1.082439,철강·비철금속_강관,철강·비철금속
2017-10-31,184340508,1.065021,철강·비철금속_강관,철강·비철금속
2017-11-30,279381620,1.06875,철강·비철금속_강관,철강·비철금속
2017-12-31,230537335,1.088857,철강·비철금속_강관,철강·비철금속
2018-01-31,243390116,1.079057,철강·비철금속_강관,철강·비철금속
2018-02-28,258064487,1.053382,철강·비철금속_강관,철강·비철금속
2018-03-31,238673672,1.131809,철강·비철금속_강관,철강·비철금속
2018-04-30,270860230,1.154648,철강·비철금속_강관,철강·비철금속
2018-05-31,214191753,1.267906,철강·비철금속_강관,철강·비철금속
2018-06-30,159548930,1.43124,철강·비철금속_강관,철강·비철금속
2018-07-31,176109028,1.364807,철강·비철금속_강관,철강·비철금속
2018-08-31,149397791,1.301276,철강·비철금속_강관,철강·비철금속
2018-09-30,140546778,1.507416,철강·비철금속_강관,철강·비철금속
2018-10-31,229409967,1.42089,철강·비철금속_강관,철강·비철금속
2018-11-30,231197910,1.258689,철강·비철금속_강관,철강·비철금속
2018-12-31,197681721,1.265613,철강·비철금속_강관,철강·비철금속
2019-01-31,194999538,1.292178,철강·비철금속_강관,철강·비철금속
2019-02-28,215001374,1.219944,철강·비철금속_강관,철강·비철금속
2019-03-31,199867501,1.270143,철강·비철금속_강관,철강·비철금속
2019-04-30,183326087,1.345333,철강·비철금속_강관,철강·비철금속
2019-05-31,184001649,1.297842,철강·비철금속_강관,철강·비철금속
2019-06-30,192854158,1.288692,철강·비철금속_강관,철강·비철금속
2019-07-31,196925556,1.275539,철강·비철금속_강관,철강·비철금속
2019-08-31,158418467,1.235217,철강·비철금속_강관,철강·비철금속
2019-09-30,155552147,1.150404,철강·비철금속_강관,철강·비철금속
2019-10-31,153711265,1.217942,철강·비철금속_강관,철강·비철금속
2019-11-30,156293317,1.279513,철강·비철금속_강관,철강·비철금속
2019-12-31,232334887,1.545929,철강·비철금속_강관,철강·비철금속
2020-01-31,165332058,1.343118,철강·비철금속_강관,철강·비철금속
2020-02-29,166393411,1.112512,철강·비철금속_강관,철강·비철금속
2020-03-31,181869767,1.11964,철강·비철금속_강관,철강·비철금속
2020-04-30,165101162,1.152557,철강·비철금속_강관,철강·비철금속
2020-05-31,135835154,1.169817,철강·비철금속_강관,철강·비철금속
2020-06-30,132208974,1.173882,철강·비철금속_강관,철강·비철금속
2020-07-31,141343647,1.229244,철강·비철금속_강관,철강·비철금속
2020-08-31,114656294,1.193986,철강·비철금속_강관,철강·비철금속
2020-09-30,139138068,1.23869,철강·비철금속_강관,철강·비철금속
2020-10-31,154333210,1.033335,철강·비철금속_강관,철강·비철금속
2020-11-30,135788618,1.099177,철강·비철금속_강관,철강·비철금속
2020-12-31,148189229,1.039725,철강·비철금속_강관,철강·비철금속
2021-01-31,123536227,1.225301,철강·비철금속_강관,철강·비철금속
2021-02-28,137238548,1.13133,철강·비철금속_강관,철강·비철금속
2021-03-31,148252327,1.229092,철강·비철금속_강관,철강·비철금속
2021-04-30,175048787,1.227747,철강·비철금속_강관,철강·비철금속
2021-05-31,178845023,1.330079,철강·비철금속_강관,철강·비철금속
2021-06-30,203753604,1.372247,철강·비철금속_강관,철강·비철금속
2021-07-31,223779604,1.396897,철강·비철금속_강관,철강·비철금속
2021-08-31,198025963,1.562466,철강·비철금속_강관,철강·비철금속
2021-09-30,196119896,1.682616,철강·비철금속_강관,철강·비철금속
2021-10-31,250789910,1.651095,철강·비철금속_강관,철강·비철금속
2021-11-30,301884611,1.732641,철강·비철금속_강관,철강·비철금속
2021-12-31,279267281,1.830759,철강·비철금속_강관,철강·비철금속
2022-01-31,281628772,1.795907,철강·비철금속_강관,철강·비철금속
2022-02-28,210328760,1.820104,철강·비철금속_강관,철강·비철금속
2022-03-31,307194026,1.778444,철강·비철금속_강관,철강·비철금속
2022-04-30,286313837,1.871865,철강·비철금속_강관,철강·비철금속
2022-05-31,330001596,1.851053,철강·비철금속_강관,철강·비철금속
2022-06-30,294618437,2.016598,철강·비철금속_강관,철강·비철금속
2022-07-31,320495201,1.998522,철강·비철금속_강관,철강·비철금속
2022-08-31,291156533,2.015212,철강·비철금속_강관,철강·비철금속
2022-09-30,270571617,2.0966,철강·비철금속_강관,철강·비철금속
2022-10-31,342146586,2.05811,철강·비철금속_강관,철강·비철금속
2022-11-30,341809223,1.982137,철강·비철금속_강관,철강·비철금속
2022-12-31,293239418,1.965118,철강·비철금속_강관,철강·비철금속
2023-01-31,295796822,1.918682,철강·비철금속_강관,철강·비철금속
2023-02-28,299476366,1.966207,철강·비철금속_강관,철강·비철금속
2023-03-31,305421879,1.741799,철강·비철금속_강관,철강·비철금속
2023-04-30,262411449,1.802859,철강·비철금속_강관,철강·비철금속
2023-05-31,269681327,1.702044,철강·비철금속_강관,철강·비철금속
2023-06-30,271102070,1.648637,철강·비철금속_강관,철강·비철금속
2023-07-31,268332461,1.621342,철강·비철금속_강관,철강·비철금속
2023-08-31,206553409,1.595429,철강·비철금속_강관,철강·비철금속
2023-09-30,213311048,1.524888,철강·비철금속_강관,철강·비철금속
2023-10-31,218253063,1.416869,철강·비철금속_강관,철강·비철금속
2023-11-30,198412924,1.492135,철강·비철금속_강관,철강·비철금속
2023-12-31,196251065,1.468829,철강·비철금속_강관,철강·비철금속
2024-01-31,203318383,1.284459,철강·비철금속_강관,철강·비철금속
2024-02-29,185993681,1.30966,철강·비철금속_강관,철강·비철금속
2024-03-31,231549907,1.358562,철강·비철금속_강관,철강·비철금속
2024-04-30,210505068,1.357296,철강·비철금속_강관,철강·비철금속
2024-05-31,212801114,1.312121,철강·비철금속_강관,철강·비철금속
2024-06-30,207119175,1.338331,철강·비철금속_강관,철강·비철금속
2024-07-31,206101157,1.351721,철강·비철금속_강관,철강·비철금속
2024-08-31,189425232,1.412474,철강·비철금속_강관,철강·비철금속
2024-09-30,166156346,1.372177,철강·비철금속_강관,철강·비철금속
2024-10-31,201966318,1.380119,철강·비철금속_강관,철강·비철금속
2024-11-30,238705915,1.279281,철강·비철금속_강관,철강·비철금속
2024-12-31,205132253,1.269805,철강·비철금속_강관,철강·비철금속
2025-01-31,191662236,1.336939,철강·비철금속_강관,철강·비철금속
2025-02-28,197566112,1.346235,철강·비철금속_강관,철강·비철금속
2025-03-31,241923973,1.339054,철강·비철금속_강관,철강·비철금속
2025-04-30,245433892,1.365026,철강·비철금속_강관,철강·비철금속
2025-05-31,192832596,1.292956,철강·비철금속_강관,철강·비철금속
2025-06-30,205518375,1.321104,철강·비철금속_강관,철강·비철금속
2025-07-31,199109015,1.340846,철강·비철금속_강관,철강·비철금속
2025-08-31,146075112,1.351468,철강·비철금속_강관,철강·비철금속
2025-09-30,183223187,1.343195,철강·비철금속_강관,철강·비철금속
2025-10-31,128679252,1.242145,철강·비철금속_강관,철강·비철금속
2025-11-30,165661865,1.260414,철강·비철금속_강관,철강·비철금속
2025-12-31,228557506,1.230416,철강·비철금속_강관,철강·비철금속
2026-01-31,179328989,1.15706,철강·비철금속_강관,철강·비철금속
2026-02-28,159129207,1.219221,철강·비철금속_강관,철강·비철금속
2026-03-31,205282010,1.223257,철강·비철금속_강관,철강·비철금속
2026-04-30,218890945,1.149514,철강·비철금속_강관,철강·비철금속
2026-05-31,220867787,1.188069,철강·비철금속_강관,철강·비철금속
2026-06-30,236249733,1.216595,철강·비철금속_강관,철강·비철금속
2026-07-31,304690161,0.688587,철강·비철금속_강관,철강·비철금속
2026-08-31,206655723,1.25863,철강·비철금속_강관,철강·비철금속
2017-01-31,100694255,0.502326,철강·비철금속_봉형강,철강·비철금속
2017-02-28,88277190,0.535324,철강·비철금속_봉형강,철강·비철금속
2017-03-31,90479110,0.561325,철강·비철금속_봉형강,철강·비철금속
2017-04-30,100483579,0.576511,철강·비철금속_봉형강,철강·비철금속
2017-05-31,100099788,0.578809,철강·비철금속_봉형강,철강·비철금속
2017-06-30,102967354,0.587118,철강·비철금속_봉형강,철강·비철금속
2017-07-31,107611253,0.567701,철강·비철금속_봉형강,철강·비철금속
2017-08-31,113650168,0.570167,철강·비철금속_봉형강,철강·비철금속
2017-09-30,97974269,0.583309,철강·비철금속_봉형강,철강·비철금속
2017-10-31,82613365,0.600067,철강·비철금속_봉형강,철강·비철금속
2017-11-30,93033466,0.59812,철강·비철금속_봉형강,철강·비철금속
2017-12-31,101863897,0.614771,철강·비철금속_봉형강,철강·비철금속
2018-01-31,103876840,0.639497,철강·비철금속_봉형강,철강·비철금속
2018-02-28,117503492,0.631835,철강·비철금속_봉형강,철강·비철금속
2018-03-31,119138859,0.655483,철강·비철금속_봉형강,철강·비철금속
2018-04-30,148575799,0.664296,철강·비철금속_봉형강,철강·비철금속
2018-05-31,131418180,0.671787,철강·비철금속_봉형강,철강·비철금속
2018-06-30,118475135,0.692947,철강·비철금속_봉형강,철강·비철금속
2018-07-31,138445352,0.680045,철강·비철금속_봉형강,철강·비철금속
2018-08-31,135486466,0.682457,철강·비철금속_봉형강,철강·비철금속
2018-09-30,106474585,0.68541,철강·비철금속_봉형강,철강·비철금속
2018-10-31,118075084,0.694197,철강·비철금속_봉형강,철강·비철금속
2018-11-30,121446356,0.703083,철강·비철금속_봉형강,철강·비철금속
2018-12-31,118701162,0.687281,철강·비철금속_봉형강,철강·비철금속
2019-01-31,110845640,0.691676,철강·비철금속_봉형강,철강·비철금속
2019-02-28,119738662,0.676157,철강·비철금속_봉형강,철강·비철금속
2019-03-31,125155449,0.689025,철강·비철금속_봉형강,철강·비철금속
2019-04-30,105087991,0.659704,철강·비철금속_봉형강,철강·비철금속
2019-05-31,124788109,0.672394,철강·비철금속_봉형강,철강·비철금속
2019-06-30,124854521,0.676295,철강·비철금속_봉형강,철강·비철금속
2019-07-31,123467299,0.645368,철강·비철금속_봉형강,철강·비철금속
2019-08-31,113213700,0.604003,철강·비철금속_봉형강,철강·비철금속
2019-09-30,114422425,0.642817,철강·비철금속_봉형강,철강·비철금속
2019-10-31,103271672,0.594193,철강·비철금속_봉형강,철강·비철금속
2019-11-30,107384354,0.570316,철강·비철금속_봉형강,철강·비철금속
2019-12-31,119453996,0.54756,철강·비철금속_봉형강,철강·비철금속
2020-01-31,97224272,0.54997,철강·비철금속_봉형강,철강·비철금속
2020-02-29,98954360,0.55426,철강·비철금속_봉형강,철강·비철금속
2020-03-31,106493644,0.563871,철강·비철금속_봉형강,철강·비철금속
2020-04-30,98769166,0.555733,철강·비철금속_봉형강,철강·비철금속
2020-05-31,72167305,0.544624,철강·비철금속_봉형강,철강·비철금속
2020-06-30,68516925,0.524842,철강·비철금속_봉형강,철강·비철금속
2020-07-31,81123486,0.489769,철강·비철금속_봉형강,철강·비철금속
2020-08-31,76135426,0.504953,철강·비철금속_봉형강,철강·비철금속
2020-09-30,98779915,0.514988,철강·비철금속_봉형강,철강·비철금속
2020-10-31,95035003,0.540582,철강·비철금속_봉형강,철강·비철금속
2020-11-30,68412600,0.579125,철강·비철금속_봉형강,철강·비철금속
2020-12-31,77602174,0.581761,철강·비철금속_봉형강,철강·비철금속
2021-01-31,84086878,0.611853,철강·비철금속_봉형강,철강·비철금속
2021-02-28,73523117,0.658481,철강·비철금속_봉형강,철강·비철금속
2021-03-31,92299464,0.6653,철강·비철금속_봉형강,철강·비철금속
2021-04-30,117413566,0.701238,철강·비철금속_봉형강,철강·비철금속
2021-05-31,110647563,0.750438,철강·비철금속_봉형강,철강·비철금속
2021-06-30,142208640,0.797376,철강·비철금속_봉형강,철강·비철금속
2021-07-31,133973677,0.845486,철강·비철금속_봉형강,철강·비철금속
2021-08-31,126048944,0.927899,철강·비철금속_봉형강,철강·비철금속
2021-09-30,123069707,0.965838,철강·비철금속_봉형강,철강·비철금속
2021-10-31,150781323,0.987399,철강·비철금속_봉형강,철강·비철금속
2021-11-30,133926416,0.99571,철강·비철금속_봉형강,철강·비철금속
2021-12-31,118584542,1.010048,철강·비철금속_봉형강,철강·비철금속
2022-01-31,136656490,0.994586,철강·비철금속_봉형강,철강·비철금속
2022-02-28,124646400,0.991594,철강·비철금속_봉형강,철강·비철금속
2022-03-31,154729694,1.007259,철강·비철금속_봉형강,철강·비철금속
2022-04-30,134997700,0.994936,철강·비철금속_봉형강,철강·비철금속
2022-05-31,157760185,1.021138,철강·비철금속_봉형강,철강·비철금속
2022-06-30,132763615,1.053257,철강·비철금속_봉형강,철강·비철금속
2022-07-31,132981256,1.021801,철강·비철금속_봉형강,철강·비철금속
2022-08-31,134148101,0.984978,철강·비철금속_봉형강,철강·비철금속
2022-09-30,97176638,1.019892,철강·비철금속_봉형강,철강·비철금속
2022-10-31,70882319,0.889918,철강·비철금속_봉형강,철강·비철금속
2022-11-30,61623999,0.961628,철강·비철금속_봉형강,철강·비철금속
2022-12-31,92888609,0.91973,철강·비철금속_봉형강,철강·비철금속
2023-01-31,96579943,0.824823,철강·비철금속_봉형강,철강·비철금속
2023-02-28,115143331,0.825396,철강·비철금속_봉형강,철강·비철금속
2023-03-31,99037454,0.853108,철강·비철금속_봉형강,철강·비철금속
2023-04-30,93013198,0.850144,철강·비철금속_봉형강,철강·비철금속
2023-05-31,115261308,0.845187,철강·비철금속_봉형강,철강·비철금속
2023-06-30,96421073,0.794955,철강·비철금속_봉형강,철강·비철금속
2023-07-31,118983167,0.799697,철강·비철금속_봉형강,철강·비철금속
2023-08-31,89158676,0.77997,철강·비철금속_봉형강,철강·비철금속
2023-09-30,87041015,0.755893,철강·비철금속_봉형강,철강·비철금속
2023-10-31,100689933,0.760538,철강·비철금속_봉형강,철강·비철금속
2023-11-30,83629929,0.762061,철강·비철금속_봉형강,철강·비철금속
2023-12-31,82979485,0.759621,철강·비철금속_봉형강,철강·비철금속
2024-01-31,104067789,0.739507,철강·비철금속_봉형강,철강·비철금속
2024-02-29,139787811,0.753373,철강·비철금속_봉형강,철강·비철금속
2024-03-31,99070897,0.781034,철강·비철금속_봉형강,철강·비철금속
2024-04-30,93717726,0.782553,철강·비철금속_봉형강,철강·비철금속
2024-05-31,127997918,0.752667,철강·비철금속_봉형강,철강·비철금속
2024-06-30,76953595,0.734504,철강·비철금속_봉형강,철강·비철금속
2024-07-31,99548572,0.743612,철강·비철금속_봉형강,철강·비철금속
2024-08-31,101156275,0.718771,철강·비철금속_봉형강,철강·비철금속
2024-09-30,78468486,0.719224,철강·비철금속_봉형강,철강·비철금속
2024-10-31,78308152,0.691529,철강·비철금속_봉형강,철강·비철금속
2024-11-30,105249763,0.704683,철강·비철금속_봉형강,철강·비철금속
2024-12-31,84072494,0.693236,철강·비철금속_봉형강,철강·비철금속
2025-01-31,79113784,0.720961,철강·비철금속_봉형강,철강·비철금속
2025-02-28,103219273,0.682475,철강·비철금속_봉형강,철강·비철금속
2025-03-31,111585792,0.720598,철강·비철금속_봉형강,철강·비철금속
2025-04-30,119030036,0.74863,철강·비철금속_봉형강,철강·비철금속
2025-05-31,91481590,0.689991,철강·비철금속_봉형강,철강·비철금속
2025-06-30,90762363,0.682156,철강·비철금속_봉형강,철강·비철금속
2025-07-31,78626592,0.71581,철강·비철금속_봉형강,철강·비철금속
2025-08-31,80101761,0.708555,철강·비철금속_봉형강,철강·비철금속
2025-09-30,117477907,0.70625,철강·비철금속_봉형강,철강·비철금속
2025-10-31,89249305,0.667302,철강·비철금속_봉형강,철강·비철금속
2025-11-30,59022621,0.683443,철강·비철금속_봉형강,철강·비철금속
2025-12-31,103190212,0.668663,철강·비철금속_봉형강,철강·비철금속
2026-01-31,147208263,0.631036,철강·비철금속_봉형강,철강·비철금속
2026-02-28,153756664,0.610384,철강·비철금속_봉형강,철강·비철금속
2026-03-31,149519025,0.674744,철강·비철금속_봉형강,철강·비철금속
2026-04-30,139606031,0.634055,철강·비철금속_봉형강,철강·비철금속
2026-05-31,161790551,0.677093,철강·비철금속_봉형강,철강·비철금속
2026-06-30,122130745,0.657622,철강·비철금속_봉형강,철강·비철금속
2026-07-31,146317734,0.739187,철강·비철금속_봉형강,철강·비철금속
2026-08-31,125602441,0.733499,철강·비철금속_봉형강,철강·비철금속
2017-01-31,394158000,5.729092,철강·비철금속_비철금속,철강·비철금속
2017-02-28,441884900,4.867158,철강·비철금속_비철금속,철강·비철금속
2017-03-31,480759381,5.689132,철강·비철금속_비철금속,철강·비철금속
2017-04-30,497374496,4.627285,철강·비철금속_비철금속,철강·비철금속
2017-05-31,516699373,5.419421,철강·비철금속_비철금속,철강·비철금속
2017-06-30,487836357,4.432502,철강·비철금속_비철금속,철강·비철금속
2017-07-31,412909124,5.371379,철강·비철금속_비철금속,철강·비철금속
2017-08-31,592149419,5.088086,철강·비철금속_비철금속,철강·비철금속
2017-09-30,537285894,5.524185,철강·비철금속_비철금속,철강·비철금속
2017-10-31,461450442,6.113479,철강·비철금속_비철금속,철강·비철금속
2017-11-30,574481578,5.769449,철강·비철금속_비철금속,철강·비철금속
2017-12-31,531753147,5.52708,철강·비철금속_비철금속,철강·비철금속
2018-01-31,530329287,5.761138,철강·비철금속_비철금속,철강·비철금속
2018-02-28,465049657,6.007363,철강·비철금속_비철금속,철강·비철금속
2018-03-31,452993676,5.571863,철강·비철금속_비철금속,철강·비철금속
2018-04-30,537186734,5.788314,철강·비철금속_비철금속,철강·비철금속
2018-05-31,572958901,5.207712,철강·비철금속_비철금속,철강·비철금속
2018-06-30,499736748,5.22438,철강·비철금속_비철금속,철강·비철금속
2018-07-31,588199448,4.872125,철강·비철금속_비철금속,철강·비철금속
2018-08-31,552647862,4.935772,철강·비철금속_비철금속,철강·비철금속
2018-09-30,452093447,4.472369,철강·비철금속_비철금속,철강·비철금속
2018-10-31,484922181,4.837832,철강·비철금속_비철금속,철강·비철금속
2018-11-30,534155997,5.101569,철강·비철금속_비철금속,철강·비철금속
2018-12-31,555863565,5.221915,철강·비철금속_비철금속,철강·비철금속
2019-01-31,469198341,5.590404,철강·비철금속_비철금속,철강·비철금속
2019-02-28,568774355,6.031909,철강·비철금속_비철금속,철강·비철금속
2019-03-31,549568085,6.377454,철강·비철금속_비철금속,철강·비철금속
2019-04-30,509466436,5.447897,철강·비철금속_비철금속,철강·비철금속
2019-05-31,565369080,4.689515,철강·비철금속_비철금속,철강·비철금속
2019-06-30,489771818,4.720396,철강·비철금속_비철금속,철강·비철금속
2019-07-31,519568702,5.028392,철강·비철금속_비철금속,철강·비철금속
2019-08-31,472953736,4.530397,철강·비철금속_비철금속,철강·비철금속
2019-09-30,461367199,5.565543,철강·비철금속_비철금속,철강·비철금속
2019-10-31,515510527,4.900449,철강·비철금속_비철금속,철강·비철금속
2019-11-30,472977012,4.843942,철강·비철금속_비철금속,철강·비철금속
2019-12-31,506108627,4.804852,철강·비철금속_비철금속,철강·비철금속
2020-01-31,538347564,5.293424,철강·비철금속_비철금속,철강·비철금속
2020-02-29,723723986,8.070633,철강·비철금속_비철금속,철강·비철금속
2020-03-31,608026618,5.656461,철강·비철금속_비철금속,철강·비철금속
2020-04-30,620125126,5.934732,철강·비철금속_비철금속,철강·비철금속
2020-05-31,551341146,6.407918,철강·비철금속_비철금속,철강·비철금속
2020-06-30,484445408,5.126949,철강·비철금속_비철금속,철강·비철금속
2020-07-31,509115400,4.510278,철강·비철금속_비철금속,철강·비철금속
2020-08-31,567012333,6.685577,철강·비철금속_비철금속,철강·비철금속
2020-09-30,687913541,6.502738,철강·비철금속_비철금속,철강·비철금속
2020-10-31,616291769,5.814873,철강·비철금속_비철금속,철강·비철금속
2020-11-30,637687779,5.211497,철강·비철금속_비철금속,철강·비철금속
2020-12-31,678687083,6.265159,철강·비철금속_비철금속,철강·비철금속
2021-01-31,565632107,6.634986,철강·비철금속_비철금속,철강·비철금속
2021-02-28,633642903,6.240036,철강·비철금속_비철금속,철강·비철금속
2021-03-31,616363261,6.189954,철강·비철금속_비철금속,철강·비철금속
2021-04-30,690162798,6.040384,철강·비철금속_비철금속,철강·비철금속
2021-05-31,764211292,7.07249,철강·비철금속_비철금속,철강·비철금속
2021-06-30,771531888,8.091562,철강·비철금속_비철금속,철강·비철금속
2021-07-31,710953848,7.057634,철강·비철금속_비철금속,철강·비철금속
2021-08-31,756617208,8.727376,철강·비철금속_비철금속,철강·비철금속
2021-09-30,741943734,8.138847,철강·비철금속_비철금속,철강·비철금속
2021-10-31,660056012,8.184705,철강·비철금속_비철금속,철강·비철금속
2021-11-30,795427694,6.599637,철강·비철금속_비철금속,철강·비철금속
2021-12-31,715104801,6.868351,철강·비철금속_비철금속,철강·비철금속
2022-01-31,636200040,7.547803,철강·비철금속_비철금속,철강·비철금속
2022-02-28,696343439,8.118535,철강·비철금속_비철금속,철강·비철금속
2022-03-31,868218718,10.74587,철강·비철금속_비철금속,철강·비철금속
2022-04-30,830913766,6.831775,철강·비철금속_비철금속,철강·비철금속
2022-05-31,776190888,8.216105,철강·비철금속_비철금속,철강·비철금속
2022-06-30,688383819,6.881945,철강·비철금속_비철금속,철강·비철금속
2022-07-31,594727559,6.783766,철강·비철금속_비철금속,철강·비철금속
2022-08-31,699678277,6.817685,철강·비철금속_비철금속,철강·비철금속
2022-09-30,628419813,7.967643,철강·비철금속_비철금속,철강·비철금속
2022-10-31,709185540,4.947196,철강·비철금속_비철금속,철강·비철금속
2022-11-30,611058881,5.003128,철강·비철금속_비철금속,철강·비철금속
2022-12-31,704471901,6.415948,철강·비철금속_비철금속,철강·비철금속
2023-01-31,499944695,7.020956,철강·비철금속_비철금속,철강·비철금속
2023-02-28,660569360,6.157749,철강·비철금속_비철금속,철강·비철금속
2023-03-31,710011237,7.861215,철강·비철금속_비철금속,철강·비철금속
2023-04-30,781111568,9.202755,철강·비철금속_비철금속,철강·비철금속
2023-05-31,882156546,6.737251,철강·비철금속_비철금속,철강·비철금속
2023-06-30,663252050,6.433849,철강·비철금속_비철금속,철강·비철금속
2023-07-31,510474082,5.861897,철강·비철금속_비철금속,철강·비철금속
2023-08-31,666013180,5.820633,철강·비철금속_비철금속,철강·비철금속
2023-09-30,566392269,6.173259,철강·비철금속_비철금속,철강·비철금속
2023-10-31,667427215,5.891891,철강·비철금속_비철금속,철강·비철금속
2023-11-30,576079875,5.715526,철강·비철금속_비철금속,철강·비철금속
2023-12-31,542259184,5.49223,철강·비철금속_비철금속,철강·비철금속
2024-01-31,484544936,5.509068,철강·비철금속_비철금속,철강·비철금속
2024-02-29,467837364,5.408208,철강·비철금속_비철금속,철강·비철금속
2024-03-31,376280298,5.215835,철강·비철금속_비철금속,철강·비철금속
2024-04-30,462136019,6.50686,철강·비철금속_비철금속,철강·비철금속
2024-05-31,735146143,8.050163,철강·비철금속_비철금속,철강·비철금속
2024-06-30,606016079,9.011364,철강·비철금속_비철금속,철강·비철금속
2024-07-31,740625863,9.064789,철강·비철금속_비철금속,철강·비철금속
2024-08-31,726482430,8.141473,철강·비철금속_비철금속,철강·비철금속
2024-09-30,684364875,8.004542,철강·비철금속_비철금속,철강·비철금속
2024-10-31,553929078,6.712631,철강·비철금속_비철금속,철강·비철금속
2024-11-30,561539522,7.925027,철강·비철금속_비철금속,철강·비철금속
2024-12-31,677576109,6.962281,철강·비철금속_비철금속,철강·비철금속
2025-01-31,508647533,8.022422,철강·비철금속_비철금속,철강·비철금속
2025-02-28,541243151,9.3373,철강·비철금속_비철금속,철강·비철금속
2025-03-31,541688316,6.989261,철강·비철금속_비철금속,철강·비철금속
2025-04-30,682348055,10.365068,철강·비철금속_비철금속,철강·비철금속
2025-05-31,761901625,11.759885,철강·비철금속_비철금속,철강·비철금속
2025-06-30,885945949,10.469484,철강·비철금속_비철금속,철강·비철금속
2025-07-31,986904086,10.044736,철강·비철금속_비철금속,철강·비철금속
2025-08-31,836526297,10.860883,철강·비철금속_비철금속,철강·비철금속
2025-09-30,719816309,9.046444,철강·비철금속_비철금속,철강·비철금속
2025-10-31,927276031,10.134584,철강·비철금속_비철금속,철강·비철금속
2025-11-30,977862533,12.553325,철강·비철금속_비철금속,철강·비철금속
2025-12-31,998275013,9.308985,철강·비철금속_비철금속,철강·비철금속
2026-01-31,1106223546,12.997181,철강·비철금속_비철금속,철강·비철금속
2026-02-28,1299634628,17.272131,철강·비철금속_비철금속,철강·비철금속
2026-03-31,1862750687,20.930953,철강·비철금속_비철금속,철강·비철금속
2026-04-30,1748615432,15.914627,철강·비철금속_비철금속,철강·비철금속
2026-05-31,2004253832,26.30325,철강·비철금속_비철금속,철강·비철금속
2026-06-30,1867708570,22.737798,철강·비철금속_비철금속,철강·비철금속
2026-07-31,1433930228,18.25255,철강·비철금속_비철금속,철강·비철금속
2026-08-31,1145848767,16.055569,철강·비철금속_비철금속,철강·비철금속
2017-01-31,415607906,0.488568,철강·비철금속_열연강판,철강·비철금속
2017-02-28,359702157,0.528342,철강·비철금속_열연강판,철강·비철금속
2017-03-31,407033118,0.541046,철강·비철금속_열연강판,철강·비철금속
2017-04-30,441595383,0.577214,철강·비철금속_열연강판,철강·비철금속
2017-05-31,406466402,0.576632,철강·비철금속_열연강판,철강·비철금속
2017-06-30,401898308,0.564446,철강·비철금속_열연강판,철강·비철금속
2017-07-31,390602967,0.554677,철강·비철금속_열연강판,철강·비철금속
2017-08-31,426260158,0.549187,철강·비철금속_열연강판,철강·비철금속
2017-09-30,392503495,0.566335,철강·비철금속_열연강판,철강·비철금속
2017-10-31,398841941,0.570856,철강·비철금속_열연강판,철강·비철금속
2017-11-30,361242533,0.578696,철강·비철금속_열연강판,철강·비철금속
2017-12-31,471811172,0.587641,철강·비철금속_열연강판,철강·비철금속
2018-01-31,440454119,0.589582,철강·비철금속_열연강판,철강·비철금속
2018-02-28,416849734,0.608544,철강·비철금속_열연강판,철강·비철금속
2018-03-31,447408530,0.623071,철강·비철금속_열연강판,철강·비철금속
2018-04-30,416533466,0.641947,철강·비철금속_열연강판,철강·비철금속
2018-05-31,472968580,0.650971,철강·비철금속_열연강판,철강·비철금속
2018-06-30,486098361,0.667239,철강·비철금속_열연강판,철강·비철금속
2018-07-31,502429778,0.670375,철강·비철금속_열연강판,철강·비철금속
2018-08-31,493228379,0.66747,철강·비철금속_열연강판,철강·비철금속
2018-09-30,426438437,0.679498,철강·비철금속_열연강판,철강·비철금속
2018-10-31,412760763,0.66398,철강·비철금속_열연강판,철강·비철금속
2018-11-30,400483423,0.661971,철강·비철금속_열연강판,철강·비철금속
2018-12-31,380123176,0.624938,철강·비철금속_열연강판,철강·비철금속
2019-01-31,515156509,0.63128,철강·비철금속_열연강판,철강·비철금속
2019-02-28,472583914,0.630806,철강·비철금속_열연강판,철강·비철금속
2019-03-31,450288463,0.608999,철강·비철금속_열연강판,철강·비철금속
2019-04-30,444600069,0.621878,철강·비철금속_열연강판,철강·비철금속
2019-05-31,464447923,0.612846,철강·비철금속_열연강판,철강·비철금속
2019-06-30,446299515,0.60144,철강·비철금속_열연강판,철강·비철금속
2019-07-31,427055040,0.60394,철강·비철금속_열연강판,철강·비철금속
2019-08-31,458661669,0.583592,철강·비철금속_열연강판,철강·비철금속
2019-09-30,404802329,0.589457,철강·비철금속_열연강판,철강·비철금속
2019-10-31,387688797,0.568037,철강·비철금속_열연강판,철강·비철금속
2019-11-30,404211982,0.545435,철강·비철금속_열연강판,철강·비철금속
2019-12-31,486680552,0.497112,철강·비철금속_열연강판,철강·비철금속
2020-01-31,423492268,0.525301,철강·비철금속_열연강판,철강·비철금속
2020-02-29,392363503,0.533124,철강·비철금속_열연강판,철강·비철금속
2020-03-31,415937065,0.54743,철강·비철금속_열연강판,철강·비철금속
2020-04-30,348810583,0.532324,철강·비철금속_열연강판,철강·비철금속
2020-05-31,311761472,0.486943,철강·비철금속_열연강판,철강·비철금속
2020-06-30,410626338,0.452096,철강·비철금속_열연강판,철강·비철금속
2020-07-31,404033099,0.454103,철강·비철금속_열연강판,철강·비철금속
2020-08-31,403914589,0.477725,철강·비철금속_열연강판,철강·비철금속
2020-09-30,396446184,0.506134,철강·비철금속_열연강판,철강·비철금속
2020-10-31,373130587,0.538669,철강·비철금속_열연강판,철강·비철금속
2020-11-30,397337046,0.555798,철강·비철금속_열연강판,철강·비철금속
2020-12-31,441615153,0.577718,철강·비철금속_열연강판,철강·비철금속
2021-01-31,426888705,0.58914,철강·비철금속_열연강판,철강·비철금속
2021-02-28,385263819,0.651595,철강·비철금속_열연강판,철강·비철금속
2021-03-31,391657308,0.695096,철강·비철금속_열연강판,철강·비철금속
2021-04-30,486528280,0.731065,철강·비철금속_열연강판,철강·비철금속
2021-05-31,489213895,0.7858,철강·비철금속_열연강판,철강·비철금속
2021-06-30,538146129,0.852432,철강·비철금속_열연강판,철강·비철금속
2021-07-31,531897065,0.923734,철강·비철금속_열연강판,철강·비철금속
2021-08-31,563178022,0.988064,철강·비철금속_열연강판,철강·비철금속
2021-09-30,587488875,1.007649,철강·비철금속_열연강판,철강·비철금속
2021-10-31,516980176,0.986951,철강·비철금속_열연강판,철강·비철금속
2021-11-30,615241650,0.998495,철강·비철금속_열연강판,철강·비철금속
2021-12-31,714489161,0.940133,철강·비철금속_열연강판,철강·비철금속
2022-01-31,633596799,0.989101,철강·비철금속_열연강판,철강·비철금속
2022-02-28,520306268,0.938438,철강·비철금속_열연강판,철강·비철금속
2022-03-31,579589898,0.937516,철강·비철금속_열연강판,철강·비철금속
2022-04-30,549515012,0.951613,철강·비철금속_열연강판,철강·비철금속
2022-05-31,674759590,1.020335,철강·비철금속_열연강판,철강·비철금속
2022-06-30,643375512,1.062611,철강·비철금속_열연강판,철강·비철금속
2022-07-31,554968244,0.96412,철강·비철금속_열연강판,철강·비철금속
2022-08-31,624779654,0.893726,철강·비철금속_열연강판,철강·비철금속
2022-09-30,536796515,0.811962,철강·비철금속_열연강판,철강·비철금속
2022-10-31,470089351,0.765388,철강·비철금속_열연강판,철강·비철금속
2022-11-30,440269077,0.751225,철강·비철금속_열연강판,철강·비철금속
2022-12-31,507054349,0.761517,철강·비철금속_열연강판,철강·비철금속
2023-01-31,475069406,0.740923,철강·비철금속_열연강판,철강·비철금속
2023-02-28,520586648,0.721369,철강·비철금속_열연강판,철강·비철금속
2023-03-31,553177477,0.755277,철강·비철금속_열연강판,철강·비철금속
2023-04-30,614450288,0.813378,철강·비철금속_열연강판,철강·비철금속
2023-05-31,647165008,0.826341,철강·비철금속_열연강판,철강·비철금속
2023-06-30,594371916,0.803281,철강·비철금속_열연강판,철강·비철금속
2023-07-31,571397441,0.778929,철강·비철금속_열연강판,철강·비철금속
2023-08-31,555327785,0.743415,철강·비철금속_열연강판,철강·비철금속
2023-09-30,523790327,0.719684,철강·비철금속_열연강판,철강·비철금속
2023-10-31,497110636,0.719221,철강·비철금속_열연강판,철강·비철금속
2023-11-30,499361393,0.705136,철강·비철금속_열연강판,철강·비철금속
2023-12-31,593373874,0.695035,철강·비철금속_열연강판,철강·비철금속
2024-01-31,519535624,0.728387,철강·비철금속_열연강판,철강·비철금속
2024-02-29,511015492,0.746154,철강·비철금속_열연강판,철강·비철금속
2024-03-31,549648347,0.746788,철강·비철금속_열연강판,철강·비철금속
2024-04-30,468119002,0.732087,철강·비철금속_열연강판,철강·비철금속
2024-05-31,516544115,0.727594,철강·비철금속_열연강판,철강·비철금속
2024-06-30,457952385,0.683168,철강·비철금속_열연강판,철강·비철금속
2024-07-31,474277632,0.671083,철강·비철금속_열연강판,철강·비철금속
2024-08-31,500356223,0.661194,철강·비철금속_열연강판,철강·비철금속
2024-09-30,530817452,0.680185,철강·비철금속_열연강판,철강·비철금속
2024-10-31,506457454,0.640189,철강·비철금속_열연강판,철강·비철금속
2024-11-30,483043863,0.605468,철강·비철금속_열연강판,철강·비철금속
2024-12-31,522694135,0.605142,철강·비철금속_열연강판,철강·비철금속
2025-01-31,485503391,0.598833,철강·비철금속_열연강판,철강·비철금속
2025-02-28,464025864,0.604505,철강·비철금속_열연강판,철강·비철금속
2025-03-31,455988758,0.614189,철강·비철금속_열연강판,철강·비철금속
2025-04-30,475903502,0.614577,철강·비철금속_열연강판,철강·비철금속
2025-05-31,464318607,0.644944,철강·비철금속_열연강판,철강·비철금속
2025-06-30,431123018,0.65285,철강·비철금속_열연강판,철강·비철금속
2025-07-31,521405764,0.623418,철강·비철금속_열연강판,철강·비철금속
2025-08-31,415296747,0.607676,철강·비철금속_열연강판,철강·비철금속
2025-09-30,505644415,0.575178,철강·비철금속_열연강판,철강·비철금속
2025-10-31,376139379,0.604558,철강·비철금속_열연강판,철강·비철금속
2025-11-30,402166548,0.592304,철강·비철금속_열연강판,철강·비철금속
2025-12-31,478500879,0.593427,철강·비철금속_열연강판,철강·비철금속
2026-01-31,448058703,0.602758,철강·비철금속_열연강판,철강·비철금속
2026-02-28,412157372,0.604522,철강·비철금속_열연강판,철강·비철금속
2026-03-31,410042212,0.607424,철강·비철금속_열연강판,철강·비철금속
2026-04-30,402710818,0.622939,철강·비철금속_열연강판,철강·비철금속
2026-05-31,368837849,0.658448,철강·비철금속_열연강판,철강·비철금속
2026-06-30,415917252,0.65819,철강·비철금속_열연강판,철강·비철금속
2026-07-31,440137066,0.677783,철강·비철금속_열연강판,철강·비철금속
2026-08-31,430842547,0.694514,철강·비철금속_열연강판,철강·비철금속
2017-01-31,32038211,96.790035,철강·비철금속_절삭공구,철강·비철금속
2017-02-28,33168697,96.41016,철강·비철금속_절삭공구,철강·비철금속
2017-03-31,37265730,99.076486,철강·비철금속_절삭공구,철강·비철금속
2017-04-30,33283547,93.261034,철강·비철금속_절삭공구,철강·비철금속
2017-05-31,33862864,103.155898,철강·비철금속_절삭공구,철강·비철금속
2017-06-30,39997960,65.343481,철강·비철금속_절삭공구,철강·비철금속
2017-07-31,34612328,102.093767,철강·비철금속_절삭공구,철강·비철금속
2017-08-31,34223027,86.893739,철강·비철금속_절삭공구,철강·비철금속
2017-09-30,36624715,80.202048,철강·비철금속_절삭공구,철강·비철금속
2017-10-31,30741444,112.748502,철강·비철금속_절삭공구,철강·비철금속
2017-11-30,35970506,93.389166,철강·비철금속_절삭공구,철강·비철금속
2017-12-31,37747164,109.837849,철강·비철금속_절삭공구,철강·비철금속
2018-01-31,35389774,87.815681,철강·비철금속_절삭공구,철강·비철금속
2018-02-28,31611167,107.541277,철강·비철금속_절삭공구,철강·비철금속
2018-03-31,38879043,105.975124,철강·비철금속_절삭공구,철강·비철금속
2018-04-30,40342253,96.768557,철강·비철금속_절삭공구,철강·비철금속
2018-05-31,36660321,97.614351,철강·비철금속_절삭공구,철강·비철금속
2018-06-30,36409624,95.472957,철강·비철금속_절삭공구,철강·비철금속
2018-07-31,42250586,101.892301,철강·비철금속_절삭공구,철강·비철금속
2018-08-31,35277239,79.375078,철강·비철금속_절삭공구,철강·비철금속
2018-09-30,35196367,99.08002,철강·비철금속_절삭공구,철강·비철금속
2018-10-31,37583078,110.47199,철강·비철금속_절삭공구,철강·비철금속
2018-11-30,39162411,106.757974,철강·비철금속_절삭공구,철강·비철금속
2018-12-31,36048713,96.499071,철강·비철금속_절삭공구,철강·비철금속
2019-01-31,39479307,95.875929,철강·비철금속_절삭공구,철강·비철금속
2019-02-28,36963784,81.917347,철강·비철금속_절삭공구,철강·비철금속
2019-03-31,40458592,110.253778,철강·비철금속_절삭공구,철강·비철금속
2019-04-30,39202552,104.133338,철강·비철금속_절삭공구,철강·비철금속
2019-05-31,40450171,93.900328,철강·비철금속_절삭공구,철강·비철금속
2019-06-30,35644655,106.602141,철강·비철금속_절삭공구,철강·비철금속
2019-07-31,38333452,114.798555,철강·비철금속_절삭공구,철강·비철금속
2019-08-31,31952517,91.053529,철강·비철금속_절삭공구,철강·비철금속
2019-09-30,28351754,120.138486,철강·비철금속_절삭공구,철강·비철금속
2019-10-31,32857267,104.241447,철강·비철금속_절삭공구,철강·비철금속
2019-11-30,33735529,60.974146,철강·비철금속_절삭공구,철강·비철금속
2019-12-31,34433289,93.760601,철강·비철금속_절삭공구,철강·비철금속
2020-01-31,33490057,93.81311,철강·비철금속_절삭공구,철강·비철금속
2020-02-29,28100255,98.978376,철강·비철금속_절삭공구,철강·비철금속
2020-03-31,32234147,77.968575,철강·비철금속_절삭공구,철강·비철금속
2020-04-30,24390776,73.406462,철강·비철금속_절삭공구,철강·비철금속
2020-05-31,23224198,114.27398,철강·비철금속_절삭공구,철강·비철금속
2020-06-30,26731159,74.48225,철강·비철금속_절삭공구,철강·비철금속
2020-07-31,30391419,97.750653,철강·비철금속_절삭공구,철강·비철금속
2020-08-31,25975676,83.405424,철강·비철금속_절삭공구,철강·비철금속
2020-09-30,27555048,97.144301,철강·비철금속_절삭공구,철강·비철금속
2020-10-31,30901674,88.169715,철강·비철금속_절삭공구,철강·비철금속
2020-11-30,29424063,86.671622,철강·비철금속_절삭공구,철강·비철금속
2020-12-31,30099300,103.778336,철강·비철금속_절삭공구,철강·비철금속
2021-01-31,27160127,103.49568,철강·비철금속_절삭공구,철강·비철금속
2021-02-28,27975282,82.758133,철강·비철금속_절삭공구,철강·비철금속
2021-03-31,32064080,96.953885,철강·비철금속_절삭공구,철강·비철금속
2021-04-30,32915420,111.096286,철강·비철금속_절삭공구,철강·비철금속
2021-05-31,31888652,103.718297,철강·비철금속_절삭공구,철강·비철금속
2021-06-30,34233062,106.43836,철강·비철금속_절삭공구,철강·비철금속
2021-07-31,35302865,115.915503,철강·비철금속_절삭공구,철강·비철금속
2021-08-31,32723636,114.898213,철강·비철금속_절삭공구,철강·비철금속
2021-09-30,32228129,104.05024,철강·비철금속_절삭공구,철강·비철금속
2021-10-31,33647303,109.737253,철강·비철금속_절삭공구,철강·비철금속
2021-11-30,34940850,115.175978,철강·비철금속_절삭공구,철강·비철금속
2021-12-31,36117921,107.684831,철강·비철금속_절삭공구,철강·비철금속
2022-01-31,32066709,120.594104,철강·비철금속_절삭공구,철강·비철금속
2022-02-28,29759300,105.254677,철강·비철금속_절삭공구,철강·비철금속
2022-03-31,40216564,118.382046,철강·비철금속_절삭공구,철강·비철금속
2022-04-30,38840821,115.868856,철강·비철금속_절삭공구,철강·비철금속
2022-05-31,38401042,122.109597,철강·비철금속_절삭공구,철강·비철금속
2022-06-30,37018777,107.307795,철강·비철금속_절삭공구,철강·비철금속
2022-07-31,37462966,104.971865,철강·비철금속_절삭공구,철강·비철금속
2022-08-31,32493858,102.491519,철강·비철금속_절삭공구,철강·비철금속
2022-09-30,36905237,109.487408,철강·비철금속_절삭공구,철강·비철금속
2022-10-31,30494379,104.624996,철강·비철금속_절삭공구,철강·비철금속
2022-11-30,41478445,125.78736,철강·비철금속_절삭공구,철강·비철금속
2022-12-31,34625676,104.394776,철강·비철금속_절삭공구,철강·비철금속
2023-01-31,34399562,112.872965,철강·비철금속_절삭공구,철강·비철금속
2023-02-28,35532063,119.291166,철강·비철금속_절삭공구,철강·비철금속
2023-03-31,38336363,96.321145,철강·비철금속_절삭공구,철강·비철금속
2023-04-30,33884268,107.47572,철강·비철금속_절삭공구,철강·비철금속
2023-05-31,36288728,96.862074,철강·비철금속_절삭공구,철강·비철금속
2023-06-30,32685436,122.332889,철강·비철금속_절삭공구,철강·비철금속
2023-07-31,34355127,104.617461,철강·비철금속_절삭공구,철강·비철금속
2023-08-31,30784948,112.242385,철강·비철금속_절삭공구,철강·비철금속
2023-09-30,34111971,102.326352,철강·비철금속_절삭공구,철강·비철금속
2023-10-31,32709565,103.530255,철강·비철금속_절삭공구,철강·비철금속
2023-11-30,34341102,89.436712,철강·비철금속_절삭공구,철강·비철금속
2023-12-31,30279273,105.918006,철강·비철금속_절삭공구,철강·비철금속
2024-01-31,32912880,96.080234,철강·비철금속_절삭공구,철강·비철금속
2024-02-29,29696874,113.818992,철강·비철금속_절삭공구,철강·비철금속
2024-03-31,34535254,110.270627,철강·비철금속_절삭공구,철강·비철금속
2024-04-30,33592357,109.284699,철강·비철금속_절삭공구,철강·비철금속
2024-05-31,32640396,98.554592,철강·비철금속_절삭공구,철강·비철금속
2024-06-30,29807475,94.824432,철강·비철금속_절삭공구,철강·비철금속
2024-07-31,37356083,102.584404,철강·비철금속_절삭공구,철강·비철금속
2024-08-31,33110457,117.368609,철강·비철금속_절삭공구,철강·비철금속
2024-09-30,33785639,103.921202,철강·비철금속_절삭공구,철강·비철금속
2024-10-31,34419455,95.240271,철강·비철금속_절삭공구,철강·비철금속
2024-11-30,34981925,113.338174,철강·비철금속_절삭공구,철강·비철금속
2024-12-31,34562665,103.789471,철강·비철금속_절삭공구,철강·비철금속
2025-01-31,29134647,63.047512,철강·비철금속_절삭공구,철강·비철금속
2025-02-28,34673762,115.235528,철강·비철금속_절삭공구,철강·비철금속
2025-03-31,33683019,103.086137,철강·비철금속_절삭공구,철강·비철금속
2025-04-30,37573760,94.888923,철강·비철금속_절삭공구,철강·비철금속
2025-05-31,34345842,116.356887,철강·비철금속_절삭공구,철강·비철금속
2025-06-30,33386690,99.599968,철강·비철금속_절삭공구,철강·비철금속
2025-07-31,37322113,101.912176,철강·비철금속_절삭공구,철강·비철금속
2025-08-31,28498295,116.138779,철강·비철금속_절삭공구,철강·비철금속
2025-09-30,34777417,90.210856,철강·비철금속_절삭공구,철강·비철금속
2025-10-31,32265902,95.635682,철강·비철금속_절삭공구,철강·비철금속
2025-11-30,33643152,102.163476,철강·비철금속_절삭공구,철강·비철금속
2025-12-31,40738571,80.489527,철강·비철금속_절삭공구,철강·비철금속
2026-01-31,38338910,109.613077,철강·비철금속_절삭공구,철강·비철금속
2026-02-28,29953901,120.534515,철강·비철금속_절삭공구,철강·비철금속
2026-03-31,37626850,121.738235,철강·비철금속_절삭공구,철강·비철금속
2026-04-30,40592648,116.647022,철강·비철금속_절삭공구,철강·비철금속
2026-05-31,41019626,116.248392,철강·비철금속_절삭공구,철강·비철금속
2026-06-30,39023620,118.889,철강·비철금속_절삭공구,철강·비철금속
2026-07-31,47533460,123.030688,철강·비철금속_절삭공구,철강·비철금속
2026-08-31,40022780,124.464342,철강·비철금속_절삭공구,철강·비철금속
2017-01-31,29429936,0.734793,철강·비철금속_특수강,철강·비철금속
2017-02-28,30954733,0.806894,철강·비철금속_특수강,철강·비철금속
2017-03-31,30909366,0.838258,철강·비철금속_특수강,철강·비철금속
2017-04-30,31945826,0.802572,철강·비철금속_특수강,철강·비철금속
2017-05-31,31372091,0.829119,철강·비철금속_특수강,철강·비철금속
2017-06-30,42746293,0.798686,철강·비철금속_특수강,철강·비철금속
2017-07-31,37182868,0.818626,철강·비철금속_특수강,철강·비철금속
2017-08-31,41007927,0.793628,철강·비철금속_특수강,철강·비철금속
2017-09-30,40623409,0.829597,철강·비철금속_특수강,철강·비철금속
2017-10-31,39345892,0.837477,철강·비철금속_특수강,철강·비철금속
2017-11-30,41909161,0.817657,철강·비철금속_특수강,철강·비철금속
2017-12-31,45802918,0.843824,철강·비철금속_특수강,철강·비철금속
2018-01-31,42384921,0.865071,철강·비철금속_특수강,철강·비철금속
2018-02-28,48994906,0.925136,철강·비철금속_특수강,철강·비철금속
2018-03-31,60076675,0.877275,철강·비철금속_특수강,철강·비철금속
2018-04-30,59487100,0.880138,철강·비철금속_특수강,철강·비철금속
2018-05-31,52698886,0.912148,철강·비철금속_특수강,철강·비철금속
2018-06-30,58416625,0.909768,철강·비철금속_특수강,철강·비철금속
2018-07-31,55928087,0.94792,철강·비철금속_특수강,철강·비철금속
2018-08-31,77795120,0.88269,철강·비철금속_특수강,철강·비철금속
2018-09-30,49712708,0.936548,철강·비철금속_특수강,철강·비철금속
2018-10-31,49608787,0.959201,철강·비철금속_특수강,철강·비철금속
2018-11-30,47648227,0.932987,철강·비철금속_특수강,철강·비철금속
2018-12-31,46083610,1.005762,철강·비철금속_특수강,철강·비철금속
2019-01-31,55480771,0.950165,철강·비철금속_특수강,철강·비철금속
2019-02-28,58175875,0.991533,철강·비철금속_특수강,철강·비철금속
2019-03-31,52546640,0.998323,철강·비철금속_특수강,철강·비철금속
2019-04-30,45927151,0.879542,철강·비철금속_특수강,철강·비철금속
2019-05-31,62824366,0.927254,철강·비철금속_특수강,철강·비철금속
2019-06-30,50417691,0.872499,철강·비철금속_특수강,철강·비철금속
2019-07-31,56529338,0.865965,철강·비철금속_특수강,철강·비철금속
2019-08-31,45361850,0.796571,철강·비철금속_특수강,철강·비철금속
2019-09-30,48646791,0.826708,철강·비철금속_특수강,철강·비철금속
2019-10-31,52376755,0.804127,철강·비철금속_특수강,철강·비철금속
2019-11-30,43389801,0.819242,철강·비철금속_특수강,철강·비철금속
2019-12-31,38758545,0.783304,철강·비철금속_특수강,철강·비철금속
2020-01-31,37618916,0.785982,철강·비철금속_특수강,철강·비철금속
2020-02-29,40429719,0.772144,철강·비철금속_특수강,철강·비철금속
2020-03-31,41924134,0.784552,철강·비철금속_특수강,철강·비철금속
2020-04-30,36243559,0.787937,철강·비철금속_특수강,철강·비철금속
2020-05-31,41545862,0.593256,철강·비철금속_특수강,철강·비철금속
2020-06-30,38621970,0.575368,철강·비철금속_특수강,철강·비철금속
2020-07-31,36819291,0.67989,철강·비철금속_특수강,철강·비철금속
2020-08-31,34164025,0.704359,철강·비철금속_특수강,철강·비철금속
2020-09-30,45891838,0.734383,철강·비철금속_특수강,철강·비철금속
2020-10-31,49222656,0.760681,철강·비철금속_특수강,철강·비철금속
2020-11-30,52852145,0.774016,철강·비철금속_특수강,철강·비철금속
2020-12-31,58648842,0.75535,철강·비철금속_특수강,철강·비철금속
2021-01-31,45145497,0.843367,철강·비철금속_특수강,철강·비철금속
2021-02-28,51844545,0.81382,철강·비철금속_특수강,철강·비철금속
2021-03-31,60611135,0.837791,철강·비철금속_특수강,철강·비철금속
2021-04-30,64597364,0.846632,철강·비철금속_특수강,철강·비철금속
2021-05-31,53325747,0.949435,철강·비철금속_특수강,철강·비철금속
2021-06-30,56586135,0.984546,철강·비철금속_특수강,철강·비철금속
2021-07-31,70230071,1.014189,철강·비철금속_특수강,철강·비철금속
2021-08-31,59589932,1.029259,철강·비철금속_특수강,철강·비철금속
2021-09-30,58232031,1.080166,철강·비철금속_특수강,철강·비철금속
2021-10-31,64061331,1.142338,철강·비철금속_특수강,철강·비철금속
2021-11-30,65489485,1.151549,철강·비철금속_특수강,철강·비철금속
2021-12-31,68779937,1.163412,철강·비철금속_특수강,철강·비철금속
2022-01-31,60773027,1.188762,철강·비철금속_특수강,철강·비철금속
2022-02-28,47203355,1.147127,철강·비철금속_특수강,철강·비철금속
2022-03-31,64326998,1.223619,철강·비철금속_특수강,철강·비철금속
2022-04-30,64070210,1.220498,철강·비철금속_특수강,철강·비철금속
2022-05-31,67473234,1.237919,철강·비철금속_특수강,철강·비철금속
2022-06-30,50509958,1.220445,철강·비철금속_특수강,철강·비철금속
2022-07-31,77394113,0.463499,철강·비철금속_특수강,철강·비철금속
2022-08-31,62802605,1.218117,철강·비철금속_특수강,철강·비철금속
2022-09-30,41879094,1.28026,철강·비철금속_특수강,철강·비철금속
2022-10-31,42191028,1.157836,철강·비철금속_특수강,철강·비철금속
2022-11-30,43681995,1.277538,철강·비철금속_특수강,철강·비철금속
2022-12-31,50216050,1.273414,철강·비철금속_특수강,철강·비철금속
2023-01-31,57385625,1.185133,철강·비철금속_특수강,철강·비철금속
2023-02-28,52360568,1.190952,철강·비철금속_특수강,철강·비철금속
2023-03-31,57222295,1.188721,철강·비철금속_특수강,철강·비철금속
2023-04-30,56267426,1.214166,철강·비철금속_특수강,철강·비철금속
2023-05-31,56793003,1.197856,철강·비철금속_특수강,철강·비철금속
2023-06-30,65190157,1.204284,철강·비철금속_특수강,철강·비철금속
2023-07-31,56332509,1.264851,철강·비철금속_특수강,철강·비철금속
2023-08-31,55749975,1.142539,철강·비철금속_특수강,철강·비철금속
2023-09-30,54550999,1.233505,철강·비철금속_특수강,철강·비철금속
2023-10-31,49847648,1.17589,철강·비철금속_특수강,철강·비철금속
2023-11-30,43974621,1.011236,철강·비철금속_특수강,철강·비철금속
2023-12-31,42931521,1.067066,철강·비철금속_특수강,철강·비철금속
2024-01-31,51059369,1.091537,철강·비철금속_특수강,철강·비철금속
2024-02-29,45013532,1.039447,철강·비철금속_특수강,철강·비철금속
2024-03-31,49976546,1.017762,철강·비철금속_특수강,철강·비철금속
2024-04-30,49608569,1.082964,철강·비철금속_특수강,철강·비철금속
2024-05-31,52676838,1.07867,철강·비철금속_특수강,철강·비철금속
2024-06-30,42089423,1.02082,철강·비철금속_특수강,철강·비철금속
2024-07-31,51545331,1.029189,철강·비철금속_특수강,철강·비철금속
2024-08-31,47407952,1.001263,철강·비철금속_특수강,철강·비철금속
2024-09-30,53335564,1.042024,철강·비철금속_특수강,철강·비철금속
2024-10-31,46803516,1.095045,철강·비철금속_특수강,철강·비철금속
2024-11-30,43898725,1.036204,철강·비철금속_특수강,철강·비철금속
2024-12-31,32695305,1.00428,철강·비철금속_특수강,철강·비철금속
2025-01-31,43061784,1.060486,철강·비철금속_특수강,철강·비철금속
2025-02-28,43361820,1.009782,철강·비철금속_특수강,철강·비철금속
2025-03-31,47081998,0.990874,철강·비철금속_특수강,철강·비철금속
2025-04-30,57741308,0.970162,철강·비철금속_특수강,철강·비철금속
2025-05-31,47619686,0.985881,철강·비철금속_특수강,철강·비철금속
2025-06-30,44838817,1.011753,철강·비철금속_특수강,철강·비철금속
2025-07-31,47758476,0.992678,철강·비철금속_특수강,철강·비철금속
2025-08-31,46194351,0.978579,철강·비철금속_특수강,철강·비철금속
2025-09-30,52237309,0.981142,철강·비철금속_특수강,철강·비철금속
2025-10-31,43256579,0.963333,철강·비철금속_특수강,철강·비철금속
2025-11-30,39948107,1.018039,철강·비철금속_특수강,철강·비철금속
2025-12-31,45368200,0.993516,철강·비철금속_특수강,철강·비철금속
2026-01-31,43742203,0.981757,철강·비철금속_특수강,철강·비철금속
2026-02-28,39328639,0.93532,철강·비철금속_특수강,철강·비철금속
2026-03-31,46653316,0.94217,철강·비철금속_특수강,철강·비철금속
2026-04-30,51220642,0.978414,철강·비철금속_특수강,철강·비철금속
2026-05-31,47855372,1.013061,철강·비철금속_특수강,철강·비철금속
2026-06-30,45925237,0.986747,철강·비철금속_특수강,철강·비철금속
2026-07-31,50116302,0.976873,철강·비철금속_특수강,철강·비철금속
2026-08-31,39695020,1.0064,철강·비철금속_특수강,철강·비철금속
2017-01-31,48746826,5.94165,철강·비철금속_피팅,철강·비철금속
2017-02-28,66764496,5.357609,철강·비철금속_피팅,철강·비철금속
2017-03-31,63855578,5.18425,철강·비철금속_피팅,철강·비철금속
2017-04-30,63337399,5.029338,철강·비철금속_피팅,철강·비철금속
2017-05-31,57290263,5.073285,철강·비철금속_피팅,철강·비철금속
2017-06-30,66427031,5.16477,철강·비철금속_피팅,철강·비철금속
2017-07-31,63719408,5.720936,철강·비철금속_피팅,철강·비철금속
2017-08-31,61422165,5.82108,철강·비철금속_피팅,철강·비철금속
2017-09-30,69806568,5.060888,철강·비철금속_피팅,철강·비철금속
2017-10-31,46480572,5.448136,철강·비철금속_피팅,철강·비철금속
2017-11-30,73004311,5.30824,철강·비철금속_피팅,철강·비철금속
2017-12-31,72463912,5.335283,철강·비철금속_피팅,철강·비철금속
2018-01-31,62266185,5.568265,철강·비철금속_피팅,철강·비철금속
2018-02-28,57974006,6.447922,철강·비철금속_피팅,철강·비철금속
2018-03-31,68561098,6.342433,철강·비철금속_피팅,철강·비철금속
2018-04-30,69103475,6.570123,철강·비철금속_피팅,철강·비철금속
2018-05-31,70809865,6.23898,철강·비철금속_피팅,철강·비철금속
2018-06-30,77081309,6.349483,철강·비철금속_피팅,철강·비철금속
2018-07-31,87258931,7.350429,철강·비철금속_피팅,철강·비철금속
2018-08-31,64176133,6.405176,철강·비철금속_피팅,철강·비철금속
2018-09-30,65258849,6.336727,철강·비철금속_피팅,철강·비철금속
2018-10-31,77541127,6.122946,철강·비철금속_피팅,철강·비철금속
2018-11-30,76733833,5.768844,철강·비철금속_피팅,철강·비철금속
2018-12-31,73072411,4.897211,철강·비철금속_피팅,철강·비철금속
2019-01-31,68604612,5.625646,철강·비철금속_피팅,철강·비철금속
2019-02-28,68846705,6.202877,철강·비철금속_피팅,철강·비철금속
2019-03-31,65537992,6.162226,철강·비철금속_피팅,철강·비철금속
2019-04-30,73054284,6.04551,철강·비철금속_피팅,철강·비철금속
2019-05-31,77426651,5.8375,철강·비철금속_피팅,철강·비철금속
2019-06-30,70056521,6.296068,철강·비철금속_피팅,철강·비철금속
2019-07-31,80856255,6.26006,철강·비철금속_피팅,철강·비철금속
2019-08-31,57941448,6.80151,철강·비철금속_피팅,철강·비철금속
2019-09-30,64805572,6.825578,철강·비철금속_피팅,철강·비철금속
2019-10-31,63419840,6.804489,철강·비철금속_피팅,철강·비철금속
2019-11-30,65288105,7.225871,철강·비철금속_피팅,철강·비철금속
2019-12-31,72413510,6.56916,철강·비철금속_피팅,철강·비철금속
2020-01-31,61090108,6.689422,철강·비철금속_피팅,철강·비철금속
2020-02-29,63108858,6.061711,철강·비철금속_피팅,철강·비철금속
2020-03-31,71401147,5.750848,철강·비철금속_피팅,철강·비철금속
2020-04-30,66432499,5.95172,철강·비철금속_피팅,철강·비철금속
2020-05-31,57046606,5.329791,철강·비철금속_피팅,철강·비철금속
2020-06-30,65314775,5.753369,철강·비철금속_피팅,철강·비철금속
2020-07-31,69784507,5.639153,철강·비철금속_피팅,철강·비철금속
2020-08-31,47811562,6.368012,철강·비철금속_피팅,철강·비철금속
2020-09-30,62623228,6.333612,철강·비철금속_피팅,철강·비철금속
2020-10-31,58310457,6.73869,철강·비철금속_피팅,철강·비철금속
2020-11-30,57251962,6.316129,철강·비철금속_피팅,철강·비철금속
2020-12-31,64883965,7.798989,철강·비철금속_피팅,철강·비철금속
2021-01-31,51009542,7.358409,철강·비철금속_피팅,철강·비철금속
2021-02-28,48946267,6.763739,철강·비철금속_피팅,철강·비철금속
2021-03-31,64740139,7.134155,철강·비철금속_피팅,철강·비철금속
2021-04-30,61154694,7.299102,철강·비철금속_피팅,철강·비철금속
2021-05-31,66054511,8.236498,철강·비철금속_피팅,철강·비철금속
2021-06-30,62867407,8.160223,철강·비철금속_피팅,철강·비철금속
2021-07-31,66783257,8.384992,철강·비철금속_피팅,철강·비철금속
2021-08-31,59326148,8.266503,철강·비철금속_피팅,철강·비철금속
2021-09-30,61712734,7.659321,철강·비철금속_피팅,철강·비철금속
2021-10-31,59490210,8.512254,철강·비철금속_피팅,철강·비철금속
2021-11-30,71819592,8.764768,철강·비철금속_피팅,철강·비철금속
2021-12-31,78366179,8.888523,철강·비철금속_피팅,철강·비철금속
2022-01-31,69820943,7.291561,철강·비철금속_피팅,철강·비철금속
2022-02-28,63087005,7.384509,철강·비철금속_피팅,철강·비철금속
2022-03-31,73286219,8.163172,철강·비철금속_피팅,철강·비철금속
2022-04-30,76353342,9.027539,철강·비철금속_피팅,철강·비철금속
2022-05-31,76073678,7.470732,철강·비철금속_피팅,철강·비철금속
2022-06-30,78847903,7.877438,철강·비철금속_피팅,철강·비철금속
2022-07-31,81280177,8.162622,철강·비철금속_피팅,철강·비철금속
2022-08-31,73647253,8.532054,철강·비철금속_피팅,철강·비철금속
2022-09-30,80068345,7.953115,철강·비철금속_피팅,철강·비철금속
2022-10-31,76675185,8.832704,철강·비철금속_피팅,철강·비철금속
2022-11-30,85900999,8.060835,철강·비철금속_피팅,철강·비철금속
2022-12-31,96332891,8.431331,철강·비철금속_피팅,철강·비철금속
2023-01-31,74561916,8.6724,철강·비철금속_피팅,철강·비철금속
2023-02-28,104594537,9.722984,철강·비철금속_피팅,철강·비철금속
2023-03-31,94046670,9.125608,철강·비철금속_피팅,철강·비철금속
2023-04-30,88338447,8.601966,철강·비철금속_피팅,철강·비철금속
2023-05-31,90252772,9.719545,철강·비철금속_피팅,철강·비철금속
2023-06-30,92102727,8.551415,철강·비철금속_피팅,철강·비철금속
2023-07-31,74953355,8.567058,철강·비철금속_피팅,철강·비철금속
2023-08-31,69654282,8.455037,철강·비철금속_피팅,철강·비철금속
2023-09-30,78407373,8.695898,철강·비철금속_피팅,철강·비철금속
2023-10-31,66157201,9.522909,철강·비철금속_피팅,철강·비철금속
2023-11-30,84059205,7.609187,철강·비철금속_피팅,철강·비철금속
2023-12-31,69243634,8.944242,철강·비철금속_피팅,철강·비철금속
2024-01-31,77595497,8.016541,철강·비철금속_피팅,철강·비철금속
2024-02-29,62518737,9.021855,철강·비철금속_피팅,철강·비철금속
2024-03-31,77240182,8.888778,철강·비철금속_피팅,철강·비철금속
2024-04-30,69078108,10.018599,철강·비철금속_피팅,철강·비철금속
2024-05-31,65619836,9.695401,철강·비철금속_피팅,철강·비철금속
2024-06-30,59286091,8.900432,철강·비철금속_피팅,철강·비철금속
2024-07-31,60054182,9.481176,철강·비철금속_피팅,철강·비철금속
2024-08-31,62361887,8.102348,철강·비철금속_피팅,철강·비철금속
2024-09-30,63496523,9.153528,철강·비철금속_피팅,철강·비철금속
2024-10-31,80402073,9.578219,철강·비철금속_피팅,철강·비철금속
2024-11-30,74274539,9.046998,철강·비철금속_피팅,철강·비철금속
2024-12-31,65727181,7.808304,철강·비철금속_피팅,철강·비철금속
2025-01-31,61523343,8.279882,철강·비철금속_피팅,철강·비철금속
2025-02-28,69134151,7.876655,철강·비철금속_피팅,철강·비철금속
2025-03-31,75435283,8.263902,철강·비철금속_피팅,철강·비철금속
2025-04-30,75876639,7.191196,철강·비철금속_피팅,철강·비철금속
2025-05-31,61341676,7.53321,철강·비철금속_피팅,철강·비철금속
2025-06-30,70354507,8.552712,철강·비철금속_피팅,철강·비철금속
2025-07-31,80653947,8.020112,철강·비철금속_피팅,철강·비철금속
2025-08-31,61519684,7.851067,철강·비철금속_피팅,철강·비철금속
2025-09-30,73978437,7.624348,철강·비철금속_피팅,철강·비철금속
2025-10-31,58795112,8.136319,철강·비철금속_피팅,철강·비철금속
2025-11-30,70823795,7.279287,철강·비철금속_피팅,철강·비철금속
2025-12-31,69712498,6.847465,철강·비철금속_피팅,철강·비철금속
2026-01-31,58145793,7.743545,철강·비철금속_피팅,철강·비철금속
2026-02-28,56225485,6.833091,철강·비철금속_피팅,철강·비철금속
2026-03-31,61973183,7.664488,철강·비철금속_피팅,철강·비철금속
2026-04-30,86812366,8.250174,철강·비철금속_피팅,철강·비철금속
2026-05-31,70860058,7.155898,철강·비철금속_피팅,철강·비철금속
2026-06-30,77924734,7.760356,철강·비철금속_피팅,철강·비철금속
2026-07-31,84794936,7.507191,철강·비철금속_피팅,철강·비철금속
2026-08-31,65235398,7.918526,철강·비철금속_피팅,철강·비철금속
2017-01-31,133239095,0.490669,철강·비철금속_후판,철강·비철금속
2017-02-28,126409614,0.524278,철강·비철금속_후판,철강·비철금속
2017-03-31,149272105,0.539174,철강·비철금속_후판,철강·비철금속
2017-04-30,156159577,0.594242,철강·비철금속_후판,철강·비철금속
2017-05-31,151381535,0.615145,철강·비철금속_후판,철강·비철금속
2017-06-30,155689348,0.578593,철강·비철금속_후판,철강·비철금속
2017-07-31,152371470,0.562106,철강·비철금속_후판,철강·비철금속
2017-08-31,149075772,0.566531,철강·비철금속_후판,철강·비철금속
2017-09-30,156765047,0.555617,철강·비철금속_후판,철강·비철금속
2017-10-31,137353659,0.570618,철강·비철금속_후판,철강·비철금속
2017-11-30,124126801,0.572723,철강·비철금속_후판,철강·비철금속
2017-12-31,151755136,0.610115,철강·비철금속_후판,철강·비철금속
2018-01-31,156466981,0.583718,철강·비철금속_후판,철강·비철금속
2018-02-28,148337931,0.602683,철강·비철금속_후판,철강·비철금속
2018-03-31,158919524,0.61892,철강·비철금속_후판,철강·비철금속
2018-04-30,156515653,0.647455,철강·비철금속_후판,철강·비철금속
2018-05-31,154169922,0.659403,철강·비철금속_후판,철강·비철금속
2018-06-30,145377042,0.684619,철강·비철금속_후판,철강·비철금속
2018-07-31,162318189,0.683917,철강·비철금속_후판,철강·비철금속
2018-08-31,121741076,0.692625,철강·비철금속_후판,철강·비철금속
2018-09-30,147481067,0.730838,철강·비철금속_후판,철강·비철금속
2018-10-31,132779979,0.715322,철강·비철금속_후판,철강·비철금속
2018-11-30,153640698,0.712297,철강·비철금속_후판,철강·비철금속
2018-12-31,127287845,0.66271,철강·비철금속_후판,철강·비철금속
2019-01-31,174624037,0.673202,철강·비철금속_후판,철강·비철금속
2019-02-28,191460496,0.69387,철강·비철금속_후판,철강·비철금속
2019-03-31,151339865,0.661651,철강·비철금속_후판,철강·비철금속
2019-04-30,166020953,0.675785,철강·비철금속_후판,철강·비철금속
2019-05-31,151766191,0.673083,철강·비철금속_후판,철강·비철금속
2019-06-30,136339567,0.657023,철강·비철금속_후판,철강·비철금속
2019-07-31,159226148,0.641654,철강·비철금속_후판,철강·비철금속
2019-08-31,146801270,0.628765,철강·비철금속_후판,철강·비철금속
2019-09-30,129810238,0.639813,철강·비철금속_후판,철강·비철금속
2019-10-31,148141415,0.614635,철강·비철금속_후판,철강·비철금속
2019-11-30,148233330,0.602955,철강·비철금속_후판,철강·비철금속
2019-12-31,145171146,0.561739,철강·비철금속_후판,철강·비철금속
2020-01-31,155508245,0.572801,철강·비철금속_후판,철강·비철금속
2020-02-29,132671939,0.577728,철강·비철금속_후판,철강·비철금속
2020-03-31,147367044,0.570764,철강·비철금속_후판,철강·비철금속
2020-04-30,151005452,0.569194,철강·비철금속_후판,철강·비철금속
2020-05-31,118010357,0.532672,철강·비철금속_후판,철강·비철금속
2020-06-30,128640844,0.516778,철강·비철금속_후판,철강·비철금속
2020-07-31,119759616,0.503444,철강·비철금속_후판,철강·비철금속
2020-08-31,126094605,0.528795,철강·비철금속_후판,철강·비철금속
2020-09-30,157066138,0.524864,철강·비철금속_후판,철강·비철금속
2020-10-31,122337285,0.574081,철강·비철금속_후판,철강·비철금속
2020-11-30,120529307,0.562365,철강·비철금속_후판,철강·비철금속
2020-12-31,156054898,0.59859,철강·비철금속_후판,철강·비철금속
2021-01-31,137890821,0.574467,철강·비철금속_후판,철강·비철금속
2021-02-28,135583090,0.616813,철강·비철금속_후판,철강·비철금속
2021-03-31,122822231,0.65959,철강·비철금속_후판,철강·비철금속
2021-04-30,152315211,0.700344,철강·비철금속_후판,철강·비철금속
2021-05-31,137913256,0.746156,철강·비철금속_후판,철강·비철금속
2021-06-30,183313645,0.787613,철강·비철금속_후판,철강·비철금속
2021-07-31,168684282,0.893642,철강·비철금속_후판,철강·비철금속
2021-08-31,174861662,0.966485,철강·비철금속_후판,철강·비철금속
2021-09-30,191966784,1.036541,철강·비철금속_후판,철강·비철금속
2021-10-31,163746300,1.050504,철강·비철금속_후판,철강·비철금속
2021-11-30,205588033,1.056747,철강·비철금속_후판,철강·비철금속
2021-12-31,213464617,1.033683,철강·비철금속_후판,철강·비철금속
2022-01-31,209224398,1.034783,철강·비철금속_후판,철강·비철금속
2022-02-28,187978363,0.988017,철강·비철금속_후판,철강·비철금속
2022-03-31,214865168,1.062452,철강·비철금속_후판,철강·비철금속
2022-04-30,206447110,1.00504,철강·비철금속_후판,철강·비철금속
2022-05-31,237950518,1.067865,철강·비철금속_후판,철강·비철금속
2022-06-30,254323036,1.169937,철강·비철금속_후판,철강·비철금속
2022-07-31,220094578,1.132417,철강·비철금속_후판,철강·비철금속
2022-08-31,229996153,1.092696,철강·비철금속_후판,철강·비철금속
2022-09-30,205694566,0.966649,철강·비철금속_후판,철강·비철금속
2022-10-31,146029670,0.962591,철강·비철금속_후판,철강·비철금속
2022-11-30,130582312,0.881119,철강·비철금속_후판,철강·비철금속
2022-12-31,160655392,0.903187,철강·비철금속_후판,철강·비철금속
2023-01-31,175333919,0.885811,철강·비철금속_후판,철강·비철금속
2023-02-28,179242206,0.828081,철강·비철금속_후판,철강·비철금속
2023-03-31,184690001,0.857955,철강·비철금속_후판,철강·비철금속
2023-04-30,227044399,0.915023,철강·비철금속_후판,철강·비철금속
2023-05-31,231438935,0.915163,철강·비철금속_후판,철강·비철금속
2023-06-30,228515926,0.913144,철강·비철금속_후판,철강·비철금속
2023-07-31,219710332,0.918175,철강·비철금속_후판,철강·비철금속
2023-08-31,216601138,0.857186,철강·비철금속_후판,철강·비철금속
2023-09-30,206758203,0.840128,철강·비철금속_후판,철강·비철금속
2023-10-31,188528164,0.831498,철강·비철금속_후판,철강·비철금속
2023-11-30,184505280,0.797412,철강·비철금속_후판,철강·비철금속
2023-12-31,206251054,0.785308,철강·비철금속_후판,철강·비철금속
2024-01-31,207781128,0.803612,철강·비철금속_후판,철강·비철금속
2024-02-29,221357919,0.806881,철강·비철금속_후판,철강·비철금속
2024-03-31,213436302,0.798414,철강·비철금속_후판,철강·비철금속
2024-04-30,172035029,0.809982,철강·비철금속_후판,철강·비철금속
2024-05-31,212255094,0.790045,철강·비철금속_후판,철강·비철금속
2024-06-30,169818873,0.733183,철강·비철금속_후판,철강·비철금속
2024-07-31,200139415,0.701751,철강·비철금속_후판,철강·비철금속
2024-08-31,168522823,0.701534,철강·비철금속_후판,철강·비철금속
2024-09-30,190655546,0.723305,철강·비철금속_후판,철강·비철금속
2024-10-31,201411740,0.695397,철강·비철금속_후판,철강·비철금속
2024-11-30,174585002,0.664986,철강·비철금속_후판,철강·비철금속
2024-12-31,195387173,0.675429,철강·비철금속_후판,철강·비철금속
2025-01-31,165267350,0.670417,철강·비철금속_후판,철강·비철금속
2025-02-28,170815903,0.65648,철강·비철금속_후판,철강·비철금속
2025-03-31,177485723,0.674018,철강·비철금속_후판,철강·비철금속
2025-04-30,161475948,0.673961,철강·비철금속_후판,철강·비철금속
2025-05-31,163371048,0.723414,철강·비철금속_후판,철강·비철금속
2025-06-30,150657658,0.716977,철강·비철금속_후판,철강·비철금속
2025-07-31,182055688,0.705881,철강·비철금속_후판,철강·비철금속
2025-08-31,151976421,0.694432,철강·비철금속_후판,철강·비철금속
2025-09-30,132667144,0.679287,철강·비철금속_후판,철강·비철금속
2025-10-31,128663360,0.660137,철강·비철금속_후판,철강·비철금속
2025-11-30,145541520,0.690584,철강·비철금속_후판,철강·비철금속
2025-12-31,165095841,0.681879,철강·비철금속_후판,철강·비철금속
2026-01-31,171552371,0.695729,철강·비철금속_후판,철강·비철금속
2026-02-28,159669522,0.690157,철강·비철금속_후판,철강·비철금속
2026-03-31,146071218,0.660534,철강·비철금속_후판,철강·비철금속
2026-04-30,120832432,0.70327,철강·비철금속_후판,철강·비철금속
2026-05-31,118123658,0.689301,철강·비철금속_후판,철강·비철금속
2026-06-30,120972326,0.710017,철강·비철금속_후판,철강·비철금속
2026-07-31,155458522,0.73056,철강·비철금속_후판,철강·비철금속
2026-08-31,158624359,0.756359,철강·비철금속_후판,철강·비철금속
2017-01-31,129425600,27.017781,화장품_기초화장품,화장품
2017-02-28,169818905,27.002315,화장품_기초화장품,화장품
2017-03-31,173966773,28.741685,화장품_기초화장품,화장품
2017-04-30,136605766,25.05624,화장품_기초화장품,화장품
2017-05-31,153998412,24.791971,화장품_기초화장품,화장품
2017-06-30,158452735,23.077414,화장품_기초화장품,화장품
2017-07-31,146564099,21.818851,화장품_기초화장품,화장품
2017-08-31,162831717,23.300472,화장품_기초화장품,화장품
2017-09-30,201686123,25.411128,화장품_기초화장품,화장품
2017-10-31,155876570,24.781514,화장품_기초화장품,화장품
2017-11-30,203687228,24.971149,화장품_기초화장품,화장품
2017-12-31,192976867,28.116031,화장품_기초화장품,화장품
2018-01-31,178515790,26.85763,화장품_기초화장품,화장품
2018-02-28,150456488,27.221272,화장품_기초화장품,화장품
2018-03-31,225315512,24.845641,화장품_기초화장품,화장품
2018-04-30,206589267,23.7756,화장품_기초화장품,화장품
2018-05-31,230198169,24.292277,화장품_기초화장품,화장품
2018-06-30,214185174,21.346522,화장품_기초화장품,화장품
2018-07-31,185254588,19.874467,화장품_기초화장품,화장품
2018-08-31,196004640,20.52578,화장품_기초화장품,화장품
2018-09-30,189892878,22.673786,화장품_기초화장품,화장품
2018-10-31,234982605,21.957216,화장품_기초화장품,화장품
2018-11-30,226234806,21.951999,화장품_기초화장품,화장품
2018-12-31,192516288,24.04753,화장품_기초화장품,화장품
2019-01-31,199305851,22.115424,화장품_기초화장품,화장품
2019-02-28,197545105,25.100757,화장품_기초화장품,화장품
2019-03-31,245684011,24.231852,화장품_기초화장품,화장품
2019-04-30,250486722,24.371666,화장품_기초화장품,화장품
2019-05-31,256493198,25.091099,화장품_기초화장품,화장품
2019-06-30,206185239,23.37127,화장품_기초화장품,화장품
2019-07-31,223368638,23.374309,화장품_기초화장품,화장품
2019-08-31,227604617,23.533163,화장품_기초화장품,화장품
2019-09-30,232362595,23.122278,화장품_기초화장품,화장품
2019-10-31,282138556,23.4093,화장품_기초화장품,화장품
2019-11-30,269017787,24.233081,화장품_기초화장품,화장품
2019-12-31,273004723,27.766573,화장품_기초화장품,화장품
2020-01-31,210919578,26.722528,화장품_기초화장품,화장품
2020-02-29,232841718,26.027152,화장품_기초화장품,화장품
2020-03-31,363429105,29.059073,화장품_기초화장품,화장품
2020-04-30,240072726,26.038401,화장품_기초화장품,화장품
2020-05-31,254324231,28.043295,화장품_기초화장품,화장품
2020-06-30,270315466,26.741621,화장품_기초화장품,화장품
2020-07-31,283471185,26.041581,화장품_기초화장품,화장품
2020-08-31,299611984,26.52614,화장품_기초화장품,화장품
2020-09-30,387218177,25.613067,화장품_기초화장품,화장품
2020-10-31,351528643,25.996738,화장품_기초화장품,화장품
2020-11-30,379798934,31.107198,화장품_기초화장품,화장품
2020-12-31,318248422,30.593416,화장품_기초화장품,화장품
2021-01-31,398466594,34.090672,화장품_기초화장품,화장품
2021-02-28,305251876,28.565306,화장품_기초화장품,화장품
2021-03-31,423302702,30.877788,화장품_기초화장품,화장품
2021-04-30,455421661,29.785481,화장품_기초화장품,화장품
2021-05-31,391309970,30.274701,화장품_기초화장품,화장품
2021-06-30,341496174,27.762162,화장품_기초화장품,화장품
2021-07-31,330536384,24.918435,화장품_기초화장품,화장품
2021-08-31,365792237,28.198224,화장품_기초화장품,화장품
2021-09-30,454984214,29.619113,화장품_기초화장품,화장품
2021-10-31,415861311,29.467948,화장품_기초화장품,화장품
2021-11-30,510612022,38.968045,화장품_기초화장품,화장품
2021-12-31,324715667,31.250302,화장품_기초화장품,화장품
2022-01-31,254496186,28.163545,화장품_기초화장품,화장품
2022-02-28,267265984,28.97002,화장품_기초화장품,화장품
2022-03-31,321097755,28.190861,화장품_기초화장품,화장품
2022-04-30,337419082,29.81637,화장품_기초화장품,화장품
2022-05-31,423309513,33.257621,화장품_기초화장품,화장품
2022-06-30,283667661,27.295212,화장품_기초화장품,화장품
2022-07-31,277598553,26.720334,화장품_기초화장품,화장품
2022-08-31,274566861,28.608805,화장품_기초화장품,화장품
2022-09-30,350262786,29.721896,화장품_기초화장품,화장품
2022-10-31,342018373,33.670885,화장품_기초화장품,화장품
2022-11-30,288324547,28.030675,화장품_기초화장품,화장품
2022-12-31,254378754,27.254598,화장품_기초화장품,화장품
2023-01-31,187884166,23.937071,화장품_기초화장품,화장품
2023-02-28,286572895,25.711724,화장품_기초화장품,화장품
2023-03-31,341693477,27.59132,화장품_기초화장품,화장품
2023-04-30,307641625,26.470059,화장품_기초화장품,화장품
2023-05-31,386037702,31.360253,화장품_기초화장품,화장품
2023-06-30,338000085,27.710463,화장품_기초화장품,화장품
2023-07-31,289070247,26.262434,화장품_기초화장품,화장품
2023-08-31,326927082,27.092909,화장품_기초화장품,화장품
2023-09-30,387052790,24.922694,화장품_기초화장품,화장품
2023-10-31,343544162,24.590272,화장품_기초화장품,화장품
2023-11-30,352686724,26.102397,화장품_기초화장품,화장품
2023-12-31,302071465,25.576756,화장품_기초화장품,화장품
2024-01-31,376482655,28.795555,화장품_기초화장품,화장품
2024-02-29,311611211,27.867227,화장품_기초화장품,화장품
2024-03-31,334394725,26.853951,화장품_기초화장품,화장품
2024-04-30,394891939,27.091608,화장품_기초화장품,화장품
2024-05-31,394675537,27.174041,화장품_기초화장품,화장품
2024-06-30,334956952,27.138746,화장품_기초화장품,화장품
2024-07-31,367128493,26.998465,화장품_기초화장품,화장품
2024-08-31,394814481,29.61555,화장품_기초화장품,화장품
2024-09-30,409121691,29.97551,화장품_기초화장품,화장품
2024-10-31,514829082,33.842493,화장품_기초화장품,화장품
2024-11-30,401279378,30.305449,화장품_기초화장품,화장품
2024-12-31,351840638,27.414111,화장품_기초화장품,화장품
2025-01-31,311087018,29.082801,화장품_기초화장품,화장품
2025-02-28,385159520,28.051522,화장품_기초화장품,화장품
2025-03-31,435577910,31.29797,화장품_기초화장품,화장품
2025-04-30,432064052,26.785732,화장품_기초화장품,화장품
2025-05-31,410250674,28.991571,화장품_기초화장품,화장품
2025-06-30,395816378,28.57609,화장품_기초화장품,화장품
2025-07-31,403187145,27.395479,화장품_기초화장품,화장품
2025-08-31,356070366,26.278231,화장품_기초화장품,화장품
2025-09-30,469974922,26.595775,화장품_기초화장품,화장품
2025-10-31,375965783,27.424148,화장품_기초화장품,화장품
2025-11-30,390811240,28.138498,화장품_기초화장품,화장품
2025-12-31,441539953,28.163799,화장품_기초화장품,화장품
2026-01-31,428288553,29.079789,화장품_기초화장품,화장품
2026-02-28,385145112,29.680078,화장품_기초화장품,화장품
2026-03-31,505871916,28.963921,화장품_기초화장품,화장품
2026-04-30,580130129,29.585804,화장품_기초화장품,화장품
2026-05-31,509611685,30.621496,화장품_기초화장품,화장품
2026-06-30,565153814,30.21575,화장품_기초화장품,화장품
2026-07-31,527633280,28.313042,화장품_기초화장품,화장품
2017-01-31,48755192,52.361867,화장품_색조화장품,화장품
2017-02-28,52707763,53.308681,화장품_색조화장품,화장품
2017-03-31,61827086,52.45509,화장품_색조화장품,화장품
2017-04-30,61855778,55.896264,화장품_색조화장품,화장품
2017-05-31,52859330,55.957127,화장품_색조화장품,화장품
2017-06-30,66008833,53.791196,화장품_색조화장품,화장품
2017-07-31,52186390,53.490809,화장품_색조화장품,화장품
2017-08-31,54104662,50.369678,화장품_색조화장품,화장품
2017-09-30,58638156,53.522644,화장품_색조화장품,화장품
2017-10-31,43601357,55.190925,화장품_색조화장품,화장품
2017-11-30,54273836,56.52458,화장품_색조화장품,화장품
2017-12-31,55437921,53.129955,화장품_색조화장품,화장품
2018-01-31,65485237,56.679685,화장품_색조화장품,화장품
2018-02-28,58209230,60.118699,화장품_색조화장품,화장품
2018-03-31,64457030,59.157228,화장품_색조화장품,화장품
2018-04-30,70914460,59.571935,화장품_색조화장품,화장품
2018-05-31,73032717,62.213338,화장품_색조화장품,화장품
2018-06-30,70071273,57.009382,화장품_색조화장품,화장품
2018-07-31,69560245,57.381925,화장품_색조화장품,화장품
2018-08-31,68160997,58.72187,화장품_색조화장품,화장품
2018-09-30,64353856,56.325414,화장품_색조화장품,화장품
2018-10-31,83206856,55.296084,화장품_색조화장품,화장품
2018-11-30,72386750,52.057535,화장품_색조화장품,화장품
2018-12-31,66561114,48.112772,화장품_색조화장품,화장품
2019-01-31,72757417,55.919558,화장품_색조화장품,화장품
2019-02-28,64193938,52.931394,화장품_색조화장품,화장품
2019-03-31,84414181,52.080148,화장품_색조화장품,화장품
2019-04-30,77572761,46.729481,화장품_색조화장품,화장품
2019-05-31,80737043,43.110525,화장품_색조화장품,화장품
2019-06-30,62768959,44.994977,화장품_색조화장품,화장품
2019-07-31,73460906,40.309509,화장품_색조화장품,화장품
2019-08-31,67897647,39.784044,화장품_색조화장품,화장품
2019-09-30,83342733,45.526898,화장품_색조화장품,화장품
2019-10-31,83545412,48.30983,화장품_색조화장품,화장품
2019-11-30,80751823,47.558905,화장품_색조화장품,화장품
2019-12-31,75621910,45.450504,화장품_색조화장품,화장품
2020-01-31,70486930,44.602367,화장품_색조화장품,화장품
2020-02-29,71130940,49.282521,화장품_색조화장품,화장품
2020-03-31,92774448,55.310511,화장품_색조화장품,화장품
2020-04-30,77661478,52.216883,화장품_색조화장품,화장품
2020-05-31,56290883,49.312031,화장품_색조화장품,화장품
2020-06-30,56513496,46.781788,화장품_색조화장품,화장품
2020-07-31,65503417,52.371123,화장품_색조화장품,화장품
2020-08-31,60846919,52.054397,화장품_색조화장품,화장품
2020-09-30,98224415,54.969705,화장품_색조화장품,화장품
2020-10-31,77431505,61.611891,화장품_색조화장품,화장품
2020-11-30,83204772,62.530053,화장품_색조화장품,화장품
2020-12-31,76553421,56.744075,화장품_색조화장품,화장품
2021-01-31,79039198,61.360204,화장품_색조화장품,화장품
2021-02-28,71864935,59.217813,화장품_색조화장품,화장품
2021-03-31,91197617,61.049446,화장품_색조화장품,화장품
2021-04-30,96039047,61.218544,화장품_색조화장품,화장품
2021-05-31,93044285,64.653353,화장품_색조화장품,화장품
2021-06-30,95063859,66.367479,화장품_색조화장품,화장품
2021-07-31,76103067,55.78418,화장품_색조화장품,화장품
2021-08-31,82772383,57.011116,화장품_색조화장품,화장품
2021-09-30,97345749,63.681027,화장품_색조화장품,화장품
2021-10-31,97667745,55.361629,화장품_색조화장품,화장품
2021-11-30,82885858,58.210852,화장품_색조화장품,화장품
2021-12-31,81813493,54.96696,화장품_색조화장품,화장품
2022-01-31,81660081,64.570552,화장품_색조화장품,화장품
2022-02-28,80380139,63.364065,화장품_색조화장품,화장품
2022-03-31,105722676,68.763614,화장품_색조화장품,화장품
2022-04-30,97117240,67.978227,화장품_색조화장품,화장품
2022-05-31,116108742,71.026486,화장품_색조화장품,화장품
2022-06-30,99319799,60.628895,화장품_색조화장품,화장품
2022-07-31,82862850,57.042003,화장품_색조화장품,화장품
2022-08-31,91966969,59.89898,화장품_색조화장품,화장품
2022-09-30,95936240,58.551915,화장품_색조화장품,화장품
2022-10-31,92695804,62.97025,화장품_색조화장품,화장품
2022-11-30,83506129,62.62893,화장품_색조화장품,화장품
2022-12-31,73732980,55.891096,화장품_색조화장품,화장품
2023-01-31,81697396,65.213554,화장품_색조화장품,화장품
2023-02-28,97818395,64.107419,화장품_색조화장품,화장품
2023-03-31,110668428,62.540204,화장품_색조화장품,화장품
2023-04-30,100383758,58.10711,화장품_색조화장품,화장품
2023-05-31,102679033,58.192921,화장품_색조화장품,화장품
2023-06-30,105961099,57.873002,화장품_색조화장품,화장품
2023-07-31,92179999,54.991757,화장품_색조화장품,화장품
2023-08-31,100669962,63.66761,화장품_색조화장품,화장품
2023-09-30,105396071,50.761708,화장품_색조화장품,화장품
2023-10-31,107294248,60.703269,화장품_색조화장품,화장품
2023-11-30,108136314,56.781315,화장품_색조화장품,화장품
2023-12-31,100032569,57.38047,화장품_색조화장품,화장품
2024-01-31,124549024,61.843959,화장품_색조화장품,화장품
2024-02-29,112629633,57.55256,화장품_색조화장품,화장품
2024-03-31,114401184,58.232286,화장품_색조화장품,화장품
2024-04-30,121679404,53.773669,화장품_색조화장품,화장품
2024-05-31,132556427,58.342836,화장품_색조화장품,화장품
2024-06-30,115811987,52.074093,화장품_색조화장품,화장품
2024-07-31,120751469,55.129811,화장품_색조화장품,화장품
2024-08-31,116298624,56.180276,화장품_색조화장품,화장품
2024-09-30,138617640,65.641719,화장품_색조화장품,화장품
2024-10-31,148037967,60.902595,화장품_색조화장품,화장품
2024-11-30,127549825,57.392026,화장품_색조화장품,화장품
2024-12-31,132762582,56.662266,화장품_색조화장품,화장품
2025-01-31,121181088,53.70174,화장품_색조화장품,화장품
2025-02-28,136767543,55.295651,화장품_색조화장품,화장품
2025-03-31,139776890,54.511163,화장품_색조화장품,화장품
2025-04-30,149125397,55.279156,화장품_색조화장품,화장품
2025-05-31,148189258,56.259009,화장품_색조화장품,화장품
2025-06-30,145132198,53.891243,화장품_색조화장품,화장품
2025-07-31,153167757,53.77372,화장품_색조화장품,화장품
2025-08-31,125500285,55.962304,화장품_색조화장품,화장품
2025-09-30,180570678,66.71466,화장품_색조화장품,화장품
2025-10-31,144723653,60.005621,화장품_색조화장품,화장품
2025-11-30,117063723,53.11979,화장품_색조화장품,화장품
2025-12-31,139970196,54.759987,화장품_색조화장품,화장품
2026-01-31,121465295,57.39015,화장품_색조화장품,화장품
2026-02-28,111428524,51.301548,화장품_색조화장품,화장품
2026-03-31,138919193,54.08406,화장품_색조화장품,화장품
2026-04-30,160924725,54.856931,화장품_색조화장품,화장품
2026-05-31,128275939,51.989991,화장품_색조화장품,화장품
2026-06-30,150537989,54.95261,화장품_색조화장품,화장품
2026-07-31,140597996,51.713458,화장품_색조화장품,화장품
